Country,Player,Pos,Age,90s,Performance_CrdY,Performance_CrdR,Performance_2CrdY,Performance_Fls,Performance_Fld,Performance_Off,Performance_Crs,Performance_Int,Performance_TklW,Performance_PKwon,Performance_PKcon,Performance_OG
Australia,Patrick Beach,GK,22.854209445585216,1.0,0,0,0,0,0,0,0,0,0,,,0
Australia,Cameron Burgess,DF,30.646132785763175,1.0,0,0,0,0,0,0,0,0,1,,,0
Australia,Alessandro Circati,DF,22.67624914442163,1.0,0,0,0,1,0,0,0,1,0,,,0
Australia,Connor Metcalfe,MF,26.605065023956193,1.0,0,0,0,0,0,0,5,0,0,,,0
Australia,Aiden O'Neill,MF,27.944558521560573,1.0,0,0,0,1,1,0,3,0,0,,,0
Australia,Harry Souttar,DF,27.643394934976044,1.0,0,0,0,1,0,0,0,0,0,,,0
Australia,Jordy Bos,DF,23.62422997946612,0.9,0,0,0,0,1,0,2,0,0,,,0
Australia,Paul Okon-Engstler,MF,21.386036960985628,0.9,0,0,0,1,0,0,1,3,1,,,0
Australia,Jacob Italiano,DF,24.87337440109514,0.8,0,0,0,0,0,0,2,1,1,,,0
Australia,Mo Touré,FW,22.21902806297057,0.8,0,0,0,2,1,1,0,0,0,,,0
Australia,Nestory Irankunda,MF,20.34223134839151,0.7,0,0,0,1,1,0,0,0,0,,,0
Australia,Nishan Velupillay,MF,25.10403832991102,0.3,0,0,0,0,0,0,0,0,0,,,0
Australia,Jason Geria,DF,33.09582477754962,0.2,0,0,0,0,0,0,0,1,0,,,0
Australia,Tete Yengi,FW,25.542094455852155,0.2,0,0,0,3,0,0,1,0,2,,,0
Australia,Aziz Behich,"DF,MF",35.492813141683776,0.1,0,0,0,1,0,0,0,0,0,,,0
Australia,Jackson Irvine,"DF,MF",33.271047227926076,0.1,0,0,0,1,0,0,0,0,0,,,0
Bosnia-Herzegovina,Amar Dedić,DF,23.82135523613963,1.0,0,0,0,1,1,0,0,0,2,,,0
Bosnia-Herzegovina,Ermedin Demirović,FW,28.2217659137577,1.0,1,0,0,4,1,0,0,0,0,,,0
Bosnia-Herzegovina,Nikola Katić,DF,29.67624914442163,1.0,1,0,0,2,0,0,0,3,4,,,0
Bosnia-Herzegovina,Tarik Muharemovic,DF,23.290212183436005,1.0,0,0,0,1,1,0,0,2,1,,,0
Bosnia-Herzegovina,Benjamin Tahirovic,MF,23.281998631074607,1.0,0,0,0,0,1,0,2,1,1,,,0
Bosnia-Herzegovina,Nikola Vasilj,GK,30.531143052703626,1.0,0,0,0,0,0,0,0,0,0,,,0
Bosnia-Herzegovina,Sead Kolašinac,DF,32.982888432580424,0.9,0,0,0,3,2,0,2,0,3,,,0
Bosnia-Herzegovina,Esmir Bajraktarevic,MF,21.262833675564682,0.8,0,0,0,1,1,0,0,1,0,,,0
Bosnia-Herzegovina,Amar Memić,MF,25.396988364134156,0.8,0,0,0,1,1,0,0,0,0,,,0
Bosnia-Herzegovina,Ivan Bašić,MF,24.123203285420946,0.7,0,0,0,2,0,0,5,2,0,,,0
Bosnia-Herzegovina,Jovo Lukić,FW,27.542094455852155,0.7,1,0,0,1,0,0,0,0,1,,,0
Bosnia-Herzegovina,Samed Baždar,FW,22.366872005475702,0.3,0,0,0,1,1,0,0,0,0,,,0
Bosnia-Herzegovina,Armin Gigovic,MF,24.188911704312115,0.3,0,0,0,0,1,0,0,1,1,,,0
Bosnia-Herzegovina,Kerim Alajbegović,MF,18.72826830937714,0.2,0,0,0,1,0,0,1,0,0,,,0
Bosnia-Herzegovina,Ivan Šunjić,MF,29.67898699520876,0.2,0,0,0,2,0,0,0,0,0,,,0
Bosnia-Herzegovina,Dženis Burnić,MF,28.06297056810404,0.1,0,0,0,0,0,0,0,0,0,,,0
Brazil,Alisson,GK,33.69815195071869,1.0,0,0,0,0,0,0,0,0,0,,,0
Brazil,Vinicius Júnior,FW,25.922655715263517,1.0,0,0,0,3,2,0,3,0,0,,,0
Brazil,Gabriel Magalhães,DF,28.484599589322382,1.0,0,0,0,1,1,0,0,0,0,,,0
Brazil,Marquinhos,DF,32.0848733744011,1.0,0,0,0,0,0,0,0,0,0,,,0
Brazil,Raphinha,MF,29.49828884325804,1.0,0,0,0,0,2,0,4,0,0,,,0
Brazil,Douglas Santos,DF,32.2299794661191,1.0,0,0,0,1,0,0,1,1,5,,,0
Brazil,Bruno Guimarães,MF,28.57494866529774,0.9,0,0,0,1,2,0,3,0,1,,,0
Brazil,Igor Thiago,FW,24.966461327857633,0.7,0,0,0,2,0,0,0,0,1,,,0
Brazil,Lucas Paquetá,MF,28.79671457905544,0.7,0,0,0,2,3,0,1,1,0,,,0
Brazil,Casemiro,MF,34.303901437371664,0.5,1,0,0,1,1,0,1,1,0,,,0
Brazil,Roger Ibanez,DF,27.555783709787818,0.5,1,0,0,2,1,0,0,1,2,,,0
Brazil,Danilo,"DF,MF",34.91444216290212,0.5,0,0,0,0,0,0,1,1,0,,,0
Brazil,Fabinho,"DF,MF",32.64065708418891,0.5,0,0,0,3,0,0,0,0,1,,,0
Brazil,Matheus Cunha,"FW,MF",27.04928131416838,0.3,0,0,0,0,1,0,2,0,2,,,0
Brazil,Luiz Henrique,"FW,MF",25.44626967830253,0.3,0,0,0,0,1,0,0,0,0,,,0
Brazil,Danilo Santos,MF,25.125941136208077,0.1,0,0,0,0,0,0,0,0,0,,,0
Canada,Derek Cornelius,DF,28.550308008213552,1.0,0,0,0,0,1,0,1,1,2,,,0
Canada,Maxime Crépeau,GK,32.09308692676249,1.0,0,0,0,0,0,0,0,0,1,,,0
Canada,Luc De Fougerolles,DF,20.670773442847366,1.0,1,0,0,2,4,0,0,0,2,,,0
Canada,Alistair Johnston,DF,27.681724845995895,1.0,1,0,0,2,2,0,2,0,1,,,0
Canada,Ismaël Koné,MF,23.993839835728952,1.0,0,0,0,1,2,0,2,2,1,,,0
Canada,Richie Laryea,DF,31.432580424366872,1.0,0,0,0,0,1,0,0,0,4,,,0
Canada,Stephen Eustáquio,MF,29.479123887748116,1.0,0,0,0,2,3,0,9,0,0,,,0
Canada,Tani Oluwaseyi,FW,26.082135523613964,0.8,0,0,0,0,2,1,0,0,0,,,0
Canada,Tajon Buchanan,MF,27.344969199178646,0.7,0,0,0,0,2,0,3,0,0,,,0
Canada,Jonathan David,FW,26.413415468856947,0.7,0,0,0,0,1,0,0,1,1,,,0
Canada,Liam Millar,MF,26.711841204654345,0.7,0,0,0,1,0,0,4,0,2,,,0
Canada,Ali Ahmed,MF,25.67624914442163,0.3,0,0,0,0,0,0,2,0,0,,,0
Canada,Promise David,FW,24.947296372347708,0.3,0,0,0,2,1,0,0,0,0,,,0
Canada,Jacob Shaffelburg,MF,26.54757015742642,0.3,0,0,0,0,0,0,1,0,1,,,0
Canada,Cyle Larin,"FW,MF",31.15879534565366,0.2,0,0,0,0,1,0,0,0,0,,,0
Canada,Jonathan Osorio,MF,34.00547570157426,0.0,0,0,0,0,0,0,0,0,0,,,0
Czechia,Štěpán Chaloupek,DF,23.268309377138944,1.0,0,0,0,1,0,0,0,2,0,,,0
Czechia,Vladimír Coufal,MF,33.8104038329911,1.0,0,0,0,3,1,0,6,1,0,,,0
Czechia,Robin Hranáč,DF,26.372347707049965,1.0,0,0,0,3,0,0,0,0,0,,,0
Czechia,Matej Kovar,GK,26.076659822039698,1.0,0,0,0,0,0,0,0,0,0,,,0
Czechia,Ladislav Krejčí,DF,27.150581793292265,1.0,0,0,0,3,1,0,1,0,2,,,0
Czechia,Tomáš Souček,MF,31.292950034223136,1.0,0,0,0,1,0,1,1,1,0,,,0
Czechia,Jaroslav Zelený,MF,33.81587953456537,1.0,0,0,0,0,1,0,3,0,0,,,0
Czechia,Alexandr Sojka,MF,23.199863107460644,0.9,0,0,0,0,1,0,1,2,1,,,0
Czechia,Lukáš Provod,FW,29.640657084188913,0.7,0,0,0,1,1,1,1,1,2,,,0
Czechia,Patrik Schick,FW,30.386036960985628,0.7,0,0,0,0,1,0,0,0,0,,,0
Czechia,Pavel Šulc,FW,25.45722108145106,0.7,0,0,0,1,1,0,0,0,2,,,0
Czechia,Tomáš Chorý,FW,31.380561259411362,0.3,0,0,0,2,1,0,0,0,0,,,0
Czechia,Adam Hložek,"FW,MF",23.8870636550308,0.3,0,0,0,0,1,0,0,0,0,,,0
Czechia,Michal Sadílek,"DF,FW",27.03832991101985,0.3,0,0,0,0,0,0,2,0,0,,,0
Czechia,Mojmír Chytil,FW,27.125941136208077,0.1,0,0,0,1,0,0,0,0,0,,,0
Haiti,Ricardo Adé,DF,36.06570841889117,1.0,0,0,0,1,3,0,1,1,0,,,0
Haiti,Carlens Arcus,DF,29.960985626283367,1.0,0,0,0,3,2,0,2,2,0,,,0
Haiti,Jean-Ricner Bellegarde,MF,27.9637234770705,1.0,1,0,0,1,2,0,6,1,1,,,0
Haiti,Hannes Delcroix,DF,27.290212183436005,1.0,0,0,0,0,1,0,0,1,2,,,0
Haiti,Martin Expérience,DF,27.265571526351813,1.0,0,0,0,2,2,0,5,0,1,,,0
Haiti,Danley Jean-Jacques,MF,26.0684462696783,1.0,0,0,0,3,3,0,1,1,3,,,0
Haiti,Frantzdy Pierrot,FW,31.210814510609172,1.0,0,0,0,4,2,2,0,0,0,,,0
Haiti,Johny Placide,GK,38.37234770704997,1.0,0,0,0,0,0,0,0,0,0,,,0
Haiti,Ruben Providence,MF,24.93634496919918,0.9,0,0,0,2,2,0,3,0,0,,,0
Haiti,Wilson Isidor,FW,25.79671457905544,0.8,0,0,0,3,0,1,0,0,0,,,0
Haiti,Louicius Deedson,MF,25.33675564681725,0.7,0,0,0,2,1,0,3,0,0,,,0
Haiti,Josué Casimir,"FW,MF",24.720054757015742,0.3,0,0,0,1,2,0,2,0,0,,,0
Haiti,Lenny Joseph,"FW,MF",25.670773442847366,0.2,0,0,0,1,0,0,0,0,0,,,0
Haiti,Yassin Fortuné,"FW,MF",27.369609856262834,0.1,0,0,0,0,1,0,0,0,0,,,0
Korea Republic,Lee Gi-hyuk,DF,25.93634496919918,1.0,1,0,0,1,1,0,0,3,0,,,0
Korea Republic,Lee Han-beom,DF,23.99110198494182,1.0,0,0,0,3,0,0,0,1,1,,,0
Korea Republic,Lee Kang-in,FW,25.314852840520192,1.0,0,0,0,0,4,0,3,0,0,,,0
Korea Republic,Kim Min-jae,DF,29.577686516084874,1.0,0,0,0,2,1,0,0,2,0,,,0
Korea Republic,Kim Seung-gyu,GK,35.70362765229295,1.0,0,0,0,0,0,0,0,0,0,,,0
Korea Republic,Seol Young-woo,MF,27.522929500342233,1.0,0,0,0,1,0,1,3,1,0,,,0
Korea Republic,Hwang In-beom,MF,29.73100616016427,0.9,0,0,0,0,0,0,0,2,0,,,0
Korea Republic,Paik Seung-ho,MF,29.243668720054757,0.9,0,0,0,0,2,0,0,0,0,,,0
Korea Republic,Son Heung-min,FW,33.93360711841205,0.8,0,0,0,0,2,1,2,0,0,,,0
Korea Republic,Lee Tae-seok,MF,23.878850102669404,0.8,0,0,0,1,1,0,3,0,1,,,0
Korea Republic,Lee Jae-sung,FW,33.84325804243669,0.7,0,0,0,1,2,0,0,2,0,,,0
Korea Republic,Hwang Hee-chan,"FW,MF",30.380561259411362,0.3,0,0,0,0,1,0,0,0,0,,,0
Korea Republic,Oh Hyeon-gyu,FW,25.17248459958932,0.2,0,0,0,0,1,0,0,0,0,,,0
Korea Republic,Eom Ji-sung,MF,24.098562628336754,0.2,0,0,0,0,0,0,1,0,2,,,0
Korea Republic,Kim Jin-gyu,MF,29.301163586584533,0.1,0,0,0,0,1,0,0,0,0,,,0
Korea Republic,Park Jinseob,"DF,MF",30.640657084188913,0.1,0,0,0,0,0,0,0,0,0,,,0
Mexico,Roberto Alvarado,MF,27.76659822039699,1.0,0,0,0,2,2,0,4,0,1,,,0
Mexico,Jesús Gallardo,DF,31.829568788501028,1.0,0,0,0,1,0,0,0,3,0,,,0
Mexico,Raúl Rangel,GK,26.298425735797398,1.0,0,0,0,0,0,0,0,0,0,,,0
Mexico,Israel Reyes,DF,26.060232717316907,1.0,0,0,0,0,0,0,2,1,0,,,0
Mexico,Johan Vásquez,DF,27.643394934976044,1.0,0,0,0,0,0,0,0,1,0,,,0
Mexico,César Montes,DF,29.301163586584533,1.0,0,1,0,2,1,0,1,1,0,,,0
Mexico,Julián Quiñones,MF,29.22450376454483,0.9,0,0,0,1,2,0,1,0,0,,,0
Mexico,Raúl Jiménez,FW,35.10951403148528,0.8,0,0,0,1,0,1,0,0,1,,,0
Mexico,Erik Lira,MF,26.10130047912389,0.8,0,0,0,0,2,0,0,1,2,,,0
Mexico,Álvaro Fidalgo,MF,29.18069815195072,0.7,0,0,0,0,2,0,0,0,0,,,0
Mexico,Brian Gutiérrez,MF,22.99110198494182,0.7,1,0,0,2,1,0,2,0,0,,,0
Mexico,Luis Chávez,MF,30.410677618069816,0.3,0,0,0,1,0,0,1,0,1,,,0
Mexico,Gilberto Mora,MF,17.6652977412731,0.3,0,0,0,1,0,0,0,1,0,,,0
Mexico,Edson Álvarez,"DF,MF",28.637919233401778,0.2,0,0,0,0,1,0,0,0,1,,,0
Mexico,Armando González,FW,23.150581793292265,0.2,0,0,0,1,0,0,0,0,0,,,0
Mexico,Alexis Vega,"FW,MF",28.550308008213552,0.1,0,0,0,0,0,0,1,0,0,,,0
Morocco,Neil El Aynaoui,MF,24.95003422313484,1.0,0,0,0,4,3,0,0,1,3,,,0
Morocco,Ayyoub Bouaddi,MF,18.698151950718685,1.0,0,0,0,1,2,0,0,0,1,,,0
Morocco,Yassine Bounou,GK,35.19164955509925,1.0,0,0,0,0,0,0,0,0,0,,,0
Morocco,Issa Diop,DF,29.427104722792606,1.0,0,0,0,0,0,0,0,1,0,,,0
Morocco,Achraf Hakimi,DF,27.607802874743328,1.0,0,0,0,3,5,0,4,0,6,,,0
Morocco,Chadi Riad,DF,22.99110198494182,1.0,0,0,0,0,0,0,0,2,0,,,0
Morocco,Ismael Saibari,FW,25.3750855578371,1.0,0,0,0,2,1,1,0,0,0,,,0
Morocco,Bilal El Khannouss,MF,22.095824777549623,0.9,0,0,0,2,1,0,1,0,3,,,0
Morocco,Noussair Mazraoui,DF,28.580424366872005,0.9,0,0,0,2,0,0,1,0,3,,,0
Morocco,Brahim Díaz,MF,26.862422997946613,0.7,0,0,0,0,3,0,1,0,0,,,0
Morocco,Azzedine Ounahi,MF,26.1533196440794,0.7,0,0,0,0,0,0,1,0,0,,,0
Morocco,Samir El Mourabet,MF,20.687200547570157,0.3,0,0,0,0,1,0,1,0,0,,,0
Morocco,Chemsdine Talbi,MF,21.098562628336754,0.3,0,0,0,0,0,0,3,0,0,,,0
Morocco,Ayoube Amaimouni,MF,21.536618754277892,0.1,0,0,0,0,0,0,1,0,1,,,0
Morocco,Anass Salah-Eddine,DF,24.40246406570842,0.1,0,0,0,0,0,0,1,0,0,,,0
Morocco,Soufiane Rahimi,FW,30.032854209445585,0.0,0,0,0,0,0,0,1,0,1,,,0
Paraguay,Omar Alderete,DF,29.465434633812457,1.0,0,0,0,1,1,0,0,1,0,,,0
Paraguay,Júnior Alonso,DF,33.342231348391515,1.0,1,0,0,1,1,0,1,2,2,,,0
Paraguay,Andrés Cubas,MF,30.06297056810404,1.0,0,0,0,5,0,0,0,0,4,,,0
Paraguay,Julio Enciso,FW,22.38877481177276,1.0,0,0,0,0,4,0,1,0,2,,,0
Paraguay,Orlando Gill,GK,26.008213552361397,1.0,0,0,0,0,0,0,0,0,0,,,0
Paraguay,Gustavo Gómez,DF,33.106776180698155,1.0,0,0,0,2,0,1,0,1,0,,,0
Paraguay,Diego Gómez,MF,23.216290212183434,0.9,1,0,0,1,0,0,0,2,1,,,0
Paraguay,Miguel Almirón,MF,32.33949349760438,0.9,1,0,0,1,1,0,0,1,1,,,0
Paraguay,Juan Cáceres,DF,26.035592060232716,0.9,1,0,0,3,2,0,3,0,3,,,0
Paraguay,Antonio Sanabria,FW,30.279260780287473,0.7,0,0,0,1,1,0,0,0,0,,,0
Paraguay,Damián Bobadilla,MF,24.92539356605065,0.5,0,0,0,0,0,0,0,2,0,,,1
Paraguay,Mauricio,MF,25.06297056810404,0.5,0,0,0,0,1,0,0,0,2,,,0
Paraguay,Álex Arce,FW,30.993839835728952,0.3,1,0,0,1,0,0,0,0,1,,,0
Paraguay,Ramón Sosa,"FW,MF",26.78576317590691,0.1,0,0,0,0,1,0,0,0,0,,,0
Paraguay,Gustavo Velásquez,DF,35.158795345653665,0.1,0,0,0,0,0,0,0,0,0,,,0
Paraguay,Kaku,MF,31.421629021218344,0.1,0,0,0,1,1,0,0,0,0,,,0
Qatar,Mahmoud Abunada,GK,26.35318275154004,1.0,1,0,0,1,1,0,0,0,0,,,0
Qatar,Akram Afif,FW,29.569472963723477,1.0,0,0,0,0,2,0,4,0,1,,,0
Qatar,Homam Ahmed,DF,26.802190280629706,1.0,0,0,0,1,0,0,2,1,1,,,0
Qatar,Boualem Khoukhi,DF,35.930869267624914,1.0,0,0,0,2,0,0,0,2,1,,,0
Qatar,Issa Laye,MF,28.476386036960985,1.0,0,0,0,0,0,0,0,1,0,,,0
Qatar,Ró-Ró,DF,35.85420944558521,1.0,0,0,0,1,3,0,0,1,1,,,0
Qatar,Edmilson Junior,FW,31.8186173853525,1.0,0,0,0,3,1,0,2,0,0,,,0
Qatar,Assim Madibo,MF,29.643394934976044,0.9,0,0,0,1,1,0,0,3,0,,,0
Qatar,Yusuf Abdurisag,FW,26.854209445585216,0.7,0,0,0,0,2,0,0,0,1,,,0
Qatar,Jassem Gaber,MF,24.31211498973306,0.7,1,0,0,2,0,0,0,0,1,,,0
Qatar,Ayoub Al-Oui,DF,21.26009582477755,0.7,0,0,0,1,0,0,0,0,0,,,0
Qatar,Ahmed Alaaeldin,FW,33.3668720054757,0.3,0,0,0,0,0,0,0,0,1,,,0
Qatar,Karim Boudiaf,"DF,MF",35.7419575633128,0.3,0,0,0,0,1,0,0,0,0,,,0
Qatar,Ahmed Fathy,MF,33.38329911019849,0.3,0,0,0,0,0,0,0,1,2,,,0
Qatar,Mohamed Manai,DF,23.635181382614647,0.1,0,0,0,0,0,0,0,1,0,,,0
Qatar,Hassan Al-Haydos,"FW,MF",35.506502395619435,0.0,0,0,0,0,0,0,0,0,0,,,0
Scotland,Lewis Ferguson,MF,26.804928131416837,1.0,0,0,0,1,6,0,1,2,1,,,0
Scotland,Angus Gunn,GK,30.39151266255989,1.0,0,0,0,0,0,0,0,0,0,,,0
Scotland,Grant Hanley,DF,34.563997262149215,1.0,0,0,0,1,0,0,0,1,2,,,0
Scotland,Jack Hendry,DF,31.10403832991102,1.0,0,0,0,0,2,0,0,0,0,,,0
Scotland,Scott McTominay,MF,29.514715947980836,1.0,0,0,0,1,0,0,0,0,0,,,0
Scotland,Andy Robertson,DF,32.26009582477755,1.0,0,0,0,2,1,0,5,1,0,,,0
Scotland,John McGinn,MF,31.654346338124572,0.9,0,0,0,0,5,0,3,0,0,,,0
Scotland,Lawrence Shankland,FW,30.843258042436688,0.9,0,0,0,4,2,1,0,0,1,,,0
Scotland,Ché Adams,FW,29.919917864476385,0.8,0,0,0,4,1,0,0,0,0,,,0
Scotland,Ben Gannon-Doak,MF,20.588637919233403,0.8,0,0,0,0,1,0,2,0,0,,,0
Scotland,Aaron Hickey,DF,24.01095140314853,0.8,1,0,0,2,4,0,1,1,0,,,0
Scotland,Ryan Christie,"FW,MF",31.306639288158795,0.2,0,0,0,1,0,0,0,0,2,,,0
Scotland,Lyndon Dykes,"FW,MF",30.684462696783026,0.2,0,0,0,2,0,0,0,0,0,,,0
Scotland,Nathan Patterson,DF,24.659822039698838,0.2,0,0,0,1,0,0,0,0,0,,,0
Scotland,Findlay Curtis,MF,19.700889801505816,0.1,1,0,0,1,0,0,1,0,0,,,0
Scotland,Kenny McLean,"DF,MF",34.42984257357974,0.1,1,0,0,1,0,0,1,1,0,,,0
South Africa,Mbekezeli Mbokazi,DF,20.733744010951405,1.0,0,0,0,1,3,0,2,1,1,,,0
South Africa,Teboho Mokoena,MF,29.386036960985628,1.0,1,0,0,1,2,0,2,2,0,,,0
South Africa,Khuliso Mudau,DF,31.134154688569474,1.0,0,0,0,2,3,0,1,1,3,,,0
South Africa,Ime Okon,DF,22.31211498973306,1.0,0,0,0,0,0,0,0,0,1,,,0
South Africa,Nkosinathi Sibisi,DF,30.725530458590008,1.0,1,0,0,1,0,0,0,1,0,,,0
South Africa,Ronwen Williams,GK,34.394250513347025,1.0,0,0,0,0,0,0,0,1,0,,,0
South Africa,Aubrey Modiba,DF,30.895277207392198,0.8,0,0,0,2,2,1,2,0,1,,,0
South Africa,Iqraam Rayners,FW,30.484599589322382,0.8,0,0,0,0,0,0,1,0,0,,,0
South Africa,Jayden Adams,MF,25.109514031485283,0.7,0,0,0,0,0,0,0,0,0,,,0
South Africa,Lyle Foster,FW,25.777549623545518,0.6,0,0,0,0,1,0,0,0,0,,,0
South Africa,Sphephelo Sithole,MF,27.281998631074607,0.5,0,1,0,3,0,0,0,1,0,,,0
South Africa,Thalente Mbatha,MF,26.246406570841888,0.4,0,0,0,0,0,0,0,0,1,,,0
South Africa,Themba Zwane,"FW,MF",36.86242299794661,0.3,0,1,0,1,0,0,0,0,0,,,0
South Africa,Evidence Makgopa,FW,26.024640657084188,0.2,0,0,0,0,0,0,0,0,0,,,0
South Africa,Oswin Appollis,MF,24.802190280629706,0.2,0,0,0,0,0,0,0,0,0,,,0
Switzerland,Manuel Akanji,DF,30.903490759753595,1.0,0,0,0,0,0,0,0,0,1,,,0
Switzerland,Nico Elvedi,DF,29.70362765229295,1.0,0,0,0,2,0,0,0,2,0,,,0
Switzerland,Breel Embolo,FW,29.32854209445585,1.0,0,0,0,2,0,0,0,0,0,,,0
Switzerland,Gregor Kobel,GK,28.520191649555098,1.0,0,0,0,0,0,0,0,0,0,,,0
Switzerland,Granit Xhaka,MF,33.71184120465435,1.0,0,0,0,0,0,0,0,1,0,,,0
Switzerland,Denis Zakaria,DF,29.56399726214921,1.0,1,0,0,1,0,0,7,2,2,,,0
Switzerland,Remo Freuler,MF,34.16427104722793,1.0,0,0,0,2,1,1,2,0,1,,,0
Switzerland,Ricardo Rodríguez,DF,33.8021902806297,1.0,0,0,0,2,0,0,8,2,0,,,0
Switzerland,Ruben Vargas,MF,27.856947296372347,0.9,0,0,0,1,4,0,11,0,1,,,0
Switzerland,Michel Aebischer,MF,29.435318275154003,0.7,0,0,0,0,1,0,2,0,0,,,0
Switzerland,Dan Ndoye,MF,25.635181382614647,0.7,0,0,0,0,4,0,1,0,0,,,0
Switzerland,Johan Manzambi,MF,20.6652977412731,0.3,0,0,0,1,0,0,1,0,0,,,0
Switzerland,Fabian Rieder,"FW,MF",24.32306639288159,0.3,0,0,0,0,0,0,3,0,0,,,0
Switzerland,Zeki Amdouni,"FW,MF",25.525667351129364,0.1,0,0,0,0,2,0,0,0,1,,,0
Switzerland,Ardon Jashari,MF,23.87337440109514,0.0,0,0,0,0,0,0,0,0,0,,,0
Switzerland,Miro Muheim,"DF,MF",28.22450376454483,0.0,0,0,0,0,0,0,0,0,0,,,0
Türkiye,Abdülkerim Bardakcı,DF,31.76659822039699,1.0,0,0,0,0,2,0,1,1,1,,,0
Türkiye,Uğurcan Çakır,GK,30.191649555099247,1.0,0,0,0,0,0,0,0,0,0,,,0
Türkiye,Hakan Çalhanoğlu,MF,32.34496919917864,1.0,0,0,0,1,1,0,4,1,0,,,0
Türkiye,Merih Demiral,DF,28.27652292950034,1.0,0,0,0,0,1,2,0,0,1,,,0
Türkiye,Arda Güler,MF,21.298425735797398,1.0,0,0,0,0,2,0,5,1,1,,,0
Türkiye,Ferdi Kadioglu,DF,26.684462696783026,1.0,0,0,0,0,0,0,3,0,0,,,0
Türkiye,Kerem Aktürkoğlu,FW,27.646132785763175,0.9,0,0,0,0,2,0,0,0,1,,,0
Türkiye,Zeki Çelik,DF,29.320328542094455,0.9,0,0,0,1,0,0,0,0,0,,,0
Türkiye,İsmail Yüksek,MF,27.380561259411362,0.9,0,0,0,1,0,0,0,0,3,,,0
Türkiye,Orkun Kökçü,MF,25.45722108145106,0.7,0,0,0,0,3,0,4,0,0,,,0
Türkiye,Barış Alper Yılmaz,MF,26.060232717316907,0.5,0,0,0,0,0,1,7,0,0,,,0
Türkiye,Kenan Yıldız,"FW,MF",21.112251882272417,0.5,0,0,0,0,0,0,2,1,0,,,0
Türkiye,Yunus Akgün,MF,25.93634496919918,0.3,1,0,0,1,0,0,0,0,0,,,0
Türkiye,Mert Müldür,DF,27.197125256673512,0.1,0,0,0,0,0,0,0,0,0,,,0
Türkiye,Salih Özcan,MF,28.421629021218344,0.1,0,0,0,0,1,0,0,0,0,,,0
Türkiye,Deniz Gül,FW,21.95003422313484,0.1,0,0,0,0,0,0,0,0,0,,,0
United States,Tyler Adams,MF,27.32854209445585,1.0,1,0,0,2,3,0,0,3,2,,,0
United States,Alex Freeman,DF,21.84599589322382,1.0,0,0,0,1,0,0,1,2,1,,,0
United States,Matt Freese,GK,27.78028747433265,1.0,0,0,0,0,0,0,0,0,0,,,0
United States,Weston McKennie,MF,27.79397672826831,1.0,0,0,0,0,0,0,3,0,0,,,0
United States,Tim Ream,DF,38.68993839835729,1.0,0,0,0,0,0,0,0,1,1,,,0
United States,Chris Richards,DF,26.213552361396303,1.0,0,0,0,3,1,0,0,1,1,,,0
United States,Antonee Robinson,DF,28.84873374401095,1.0,0,0,0,1,0,0,7,0,0,,,0
United States,Malik Tillman,MF,24.046543463381244,0.9,0,0,0,1,4,0,1,1,0,,,0
United States,Folarin Balogun,FW,24.947296372347708,0.8,0,0,0,0,4,2,0,0,0,,,0
United States,Sergiño Dest,MF,25.61054072553046,0.8,0,0,0,0,0,0,2,2,0,,,0
United States,Christian Pulisic,MF,27.736481861738536,0.5,0,0,0,1,1,0,2,0,1,,,0
United States,Sebastian Berhalter,MF,25.095824777549623,0.5,0,0,0,0,1,0,1,1,0,,,0
United States,Ricardo Pepi,FW,23.427104722792606,0.2,0,0,0,1,0,0,0,0,0,,,0
United States,Timothy Weah,"DF,FW",26.306639288158795,0.2,0,0,0,2,0,0,0,0,0,,,0
United States,Gio Reyna,MF,23.583162217659137,0.1,0,0,0,1,2,0,0,0,0,,,0
