Country,Player,Pos,Age,MP,Playing Time_Min,Playing Time_Mn/MP,Playing Time_Min%,Playing Time_90s,Starts,Starts_Mn/Start,Starts_Compl,Subs,Subs_Mn/Sub,Subs_unSub,Team Success_PPM,Team Success_onG,Team Success_onGA,Team Success_+/-,Team Success_+/-90,Team Success_On-Off
Australia,Patrick Beach,GK,22.854209445585216,1.0,90.0,90.0,100.0,1.0,1,90.0,1,0,,0,3.0,2.0,0.0,2.0,2.0,
Australia,Cameron Burgess,DF,30.646132785763175,1.0,90.0,90.0,100.0,1.0,1,90.0,1,0,,0,3.0,2.0,0.0,2.0,2.0,
Australia,Alessandro Circati,DF,22.67624914442163,1.0,90.0,90.0,100.0,1.0,1,90.0,1,0,,0,3.0,2.0,0.0,2.0,2.0,
Australia,Connor Metcalfe,MF,26.605065023956193,1.0,90.0,90.0,100.0,1.0,1,90.0,1,0,,0,3.0,2.0,0.0,2.0,2.0,
Australia,Aiden O'Neill,MF,27.944558521560573,1.0,90.0,90.0,100.0,1.0,1,90.0,1,0,,0,3.0,2.0,0.0,2.0,2.0,
Australia,Harry Souttar,DF,27.643394934976044,1.0,90.0,90.0,100.0,1.0,1,90.0,1,0,,0,3.0,2.0,0.0,2.0,2.0,
Australia,Jordy Bos,DF,23.62422997946612,1.0,83.0,83.0,92.2,0.9,1,83.0,0,0,,0,3.0,2.0,0.0,2.0,2.17,2.17
Australia,Paul Okon-Engstler,MF,21.386036960985628,1.0,83.0,83.0,92.2,0.9,1,83.0,0,0,,0,3.0,2.0,0.0,2.0,2.17,2.17
Australia,Jacob Italiano,DF,24.87337440109514,1.0,73.0,73.0,81.1,0.8,1,73.0,0,0,,0,3.0,1.0,0.0,1.0,1.23,-4.06
Australia,Mo Touré,FW,22.21902806297057,1.0,73.0,73.0,81.1,0.8,1,73.0,0,0,,0,3.0,1.0,0.0,1.0,1.23,-4.06
Australia,Nestory Irankunda,MF,20.34223134839151,1.0,60.0,60.0,66.7,0.7,1,60.0,0,0,,0,3.0,1.0,0.0,1.0,1.5,-1.5
Australia,Nishan Velupillay,MF,25.10403832991102,1.0,30.0,30.0,33.3,0.3,0,,0,1,30.0,0,3.0,1.0,0.0,1.0,3.0,1.5
Australia,Jason Geria,DF,33.09582477754962,1.0,17.0,17.0,18.9,0.2,0,,0,1,17.0,0,3.0,1.0,0.0,1.0,5.29,4.06
Australia,Tete Yengi,FW,25.542094455852155,1.0,17.0,17.0,18.9,0.2,0,,0,1,17.0,0,3.0,1.0,0.0,1.0,5.29,4.06
Australia,Aziz Behich,"DF,MF",35.492813141683776,1.0,7.0,7.0,7.8,0.1,0,,0,1,7.0,0,3.0,0.0,0.0,0.0,0.0,-2.17
Australia,Jackson Irvine,"DF,MF",33.271047227926076,1.0,7.0,7.0,7.8,0.1,0,,0,1,7.0,0,3.0,0.0,0.0,0.0,0.0,-2.17
Australia,Miloš Degenek,"DF,MF",32.12867898699521,0.0,,,,,0,,0,0,,1,,,,,,
Australia,Cammy Devlin,MF,28.019164955509925,0.0,,,,,0,,0,0,,1,,,,,,
Australia,Lucas Herrington,DF,18.772073921971252,0.0,,,,,0,,0,0,,1,,,,,,
Australia,Ajdin Hrustic,MF,29.941820670773442,0.0,,,,,0,,0,0,,1,,,,,,
Australia,Paul Izzo,GK,31.435318275154003,0.0,,,,,0,,0,0,,1,,,,,,
Australia,Mathew Leckie,"FW,MF",35.355920602327174,0.0,,,,,0,,0,0,,1,,,,,,
Australia,Awer Mabil,"FW,MF",30.744695414099933,0.0,,,,,0,,0,0,,1,,,,,,
Australia,Mathew Ryan,GK,34.18343600273785,0.0,,,,,0,,0,0,,1,,,,,,
Australia,Kai Trewin,"DF,MF",25.073921971252567,0.0,,,,,0,,0,0,,1,,,,,,
Australia,Cristian Volpato,MF,22.577686516084874,0.0,,,,,0,,0,0,,1,,,,,,
Bosnia-Herzegovina,Amar Dedić,DF,23.82135523613963,,90.0,90.0,100.0,1.0,1,90.0,1,0,,0,1.0,1.0,1.0,0.0,0.0,
Bosnia-Herzegovina,Ermedin Demirović,FW,28.2217659137577,,90.0,90.0,100.0,1.0,1,90.0,1,0,,0,1.0,1.0,1.0,0.0,0.0,
Bosnia-Herzegovina,Nikola Katić,DF,29.67624914442163,,90.0,90.0,100.0,1.0,1,90.0,1,0,,0,1.0,1.0,1.0,0.0,0.0,
Bosnia-Herzegovina,Tarik Muharemovic,DF,23.290212183436005,,90.0,90.0,100.0,1.0,1,90.0,1,0,,0,1.0,1.0,1.0,0.0,0.0,
Bosnia-Herzegovina,Benjamin Tahirovic,MF,23.281998631074607,,90.0,90.0,100.0,1.0,1,90.0,1,0,,0,1.0,1.0,1.0,0.0,0.0,
Bosnia-Herzegovina,Nikola Vasilj,GK,30.531143052703626,,90.0,90.0,100.0,1.0,1,90.0,1,0,,0,1.0,1.0,1.0,0.0,0.0,
Bosnia-Herzegovina,Sead Kolašinac,DF,32.982888432580424,,83.0,83.0,92.2,0.9,1,83.0,0,0,,0,1.0,1.0,1.0,0.0,0.0,0.0
Bosnia-Herzegovina,Esmir Bajraktarevic,MF,21.262833675564682,,73.0,73.0,81.1,0.8,1,73.0,0,0,,0,1.0,1.0,0.0,1.0,1.23,6.53
Bosnia-Herzegovina,Amar Memić,MF,25.396988364134156,,73.0,73.0,81.1,0.8,1,73.0,0,0,,0,1.0,1.0,0.0,1.0,1.23,6.53
Bosnia-Herzegovina,Ivan Bašić,MF,24.123203285420946,,61.0,61.0,67.8,0.7,1,61.0,0,0,,0,1.0,1.0,0.0,1.0,1.48,4.58
Bosnia-Herzegovina,Jovo Lukić,FW,27.542094455852155,,61.0,61.0,67.8,0.7,1,61.0,0,0,,0,1.0,1.0,0.0,1.0,1.48,4.58
Bosnia-Herzegovina,Samed Baždar,FW,22.366872005475702,,29.0,29.0,32.2,0.3,0,,0,1,29.0,0,1.0,0.0,1.0,-1.0,-3.1,-4.58
Bosnia-Herzegovina,Armin Gigovic,MF,24.188911704312115,,29.0,29.0,32.2,0.3,0,,0,1,29.0,0,1.0,0.0,1.0,-1.0,-3.1,-4.58
Bosnia-Herzegovina,Kerim Alajbegović,MF,18.72826830937714,,17.0,17.0,18.9,0.2,0,,0,1,17.0,0,1.0,0.0,1.0,-1.0,-5.29,-6.53
Bosnia-Herzegovina,Ivan Šunjić,MF,29.67898699520876,,17.0,17.0,18.9,0.2,0,,0,1,17.0,0,1.0,0.0,1.0,-1.0,-5.29,-6.53
Bosnia-Herzegovina,Dženis Burnić,MF,28.06297056810404,,7.0,7.0,7.8,0.1,0,,0,1,7.0,0,1.0,0.0,0.0,0.0,0.0,0.0
Bosnia-Herzegovina,Edin Džeko,FW,40.24366872005476,,,,,,0,,0,0,,1,,,,,,
Bosnia-Herzegovina,Amir Hadžiahmetović,MF,29.268309377138944,,,,,,0,,0,0,,1,,,,,,
Bosnia-Herzegovina,Dennis Hadžikadunić,DF,27.930869267624914,,,,,,0,,0,0,,1,,,,,,
Bosnia-Herzegovina,Mladen Jurkas,GK,18.684462696783026,,,,,,0,,0,0,,1,,,,,,
Bosnia-Herzegovina,Ermin Mahmić,MF,21.251882272416154,,,,,,0,,0,0,,1,,,,,,
Bosnia-Herzegovina,Arjan Malic,DF,20.79397672826831,,,,,,0,,0,0,,1,,,,,,
Bosnia-Herzegovina,Nihad Mujakić,DF,28.164271047227928,,,,,,0,,0,0,,1,,,,,,
Bosnia-Herzegovina,Stjepan Radeljić,DF,28.772073921971252,,,,,,0,,0,0,,1,,,,,,
Bosnia-Herzegovina,Haris Tabaković,FW,31.982888432580424,,,,,,0,,0,0,,1,,,,,,
Bosnia-Herzegovina,Martin Zlomislić,GK,27.826830937713893,,,,,,0,,0,0,,1,,,,,,
Brazil,Alisson,GK,33.69815195071869,1.0,90.0,90.0,100.0,1.0,1,90.0,1,0,,0,1.0,1.0,1.0,0.0,0.0,
Brazil,Vinicius Júnior,FW,25.922655715263517,1.0,90.0,90.0,100.0,1.0,1,90.0,1,0,,0,1.0,1.0,1.0,0.0,0.0,
Brazil,Gabriel Magalhães,DF,28.484599589322382,1.0,90.0,90.0,100.0,1.0,1,90.0,1,0,,0,1.0,1.0,1.0,0.0,0.0,
Brazil,Marquinhos,DF,32.0848733744011,1.0,90.0,90.0,100.0,1.0,1,90.0,1,0,,0,1.0,1.0,1.0,0.0,0.0,
Brazil,Raphinha,MF,29.49828884325804,1.0,90.0,90.0,100.0,1.0,1,90.0,1,0,,0,1.0,1.0,1.0,0.0,0.0,
Brazil,Douglas Santos,DF,32.2299794661191,1.0,90.0,90.0,100.0,1.0,1,90.0,1,0,,0,1.0,1.0,1.0,0.0,0.0,
Brazil,Bruno Guimarães,MF,28.57494866529774,1.0,79.0,79.0,87.8,0.9,1,79.0,0,0,,0,1.0,1.0,1.0,0.0,0.0,0.0
Brazil,Igor Thiago,FW,24.966461327857633,1.0,61.0,61.0,67.8,0.7,1,61.0,0,0,,0,1.0,1.0,1.0,0.0,0.0,0.0
Brazil,Lucas Paquetá,MF,28.79671457905544,1.0,60.0,60.0,66.7,0.7,1,60.0,0,0,,0,1.0,1.0,1.0,0.0,0.0,0.0
Brazil,Casemiro,MF,34.303901437371664,1.0,45.0,45.0,50.0,0.5,1,45.0,0,0,,0,1.0,1.0,1.0,0.0,0.0,0.0
Brazil,Roger Ibanez,DF,27.555783709787818,1.0,45.0,45.0,50.0,0.5,1,45.0,0,0,,0,1.0,1.0,1.0,0.0,0.0,0.0
Brazil,Danilo,"DF,MF",34.91444216290212,1.0,45.0,45.0,50.0,0.5,0,,0,1,45.0,0,1.0,0.0,0.0,0.0,0.0,0.0
Brazil,Fabinho,"DF,MF",32.64065708418891,1.0,45.0,45.0,50.0,0.5,0,,0,1,45.0,0,1.0,0.0,0.0,0.0,0.0,0.0
Brazil,Matheus Cunha,"FW,MF",27.04928131416838,1.0,30.0,30.0,33.3,0.3,0,,0,1,30.0,0,1.0,0.0,0.0,0.0,0.0,0.0
Brazil,Luiz Henrique,"FW,MF",25.44626967830253,1.0,29.0,29.0,32.2,0.3,0,,0,1,29.0,0,1.0,0.0,0.0,0.0,0.0,0.0
Brazil,Danilo Santos,MF,25.125941136208077,1.0,11.0,11.0,12.2,0.1,0,,0,1,11.0,0,1.0,0.0,0.0,0.0,0.0,0.0
Brazil,Gleison Bremer,DF,29.240930869267626,0.0,,,,,0,,0,0,,1,,,,,,
Brazil,Ederson,GK,32.824093086926766,0.0,,,,,0,,0,0,,1,,,,,,
Brazil,Éderson,MF,26.93634496919918,0.0,,,,,0,,0,0,,1,,,,,,
Brazil,Endrick,FW,19.89801505817933,0.0,,,,,0,,0,0,,1,,,,,,
Brazil,Gabriel Martinelli,"FW,MF",24.98836413415469,0.0,,,,,0,,0,0,,1,,,,,,
Brazil,Léo Pereira,DF,30.366872005475702,0.0,,,,,0,,0,0,,1,,,,,,
Brazil,Rayan,MF,19.862422997946613,0.0,,,,,0,,0,0,,1,,,,,,
Brazil,Alex Sandro,"DF,MF",35.380561259411365,0.0,,,,,0,,0,0,,1,,,,,,
Brazil,Wéverton,GK,38.50102669404517,0.0,,,,,0,,0,0,,1,,,,,,
Canada,Derek Cornelius,DF,28.550308008213552,1.0,90.0,90.0,100.0,1.0,1,90.0,1,0,,0,1.0,1.0,1.0,0.0,0.0,
Canada,Maxime Crépeau,GK,32.09308692676249,1.0,90.0,90.0,100.0,1.0,1,90.0,1,0,,0,1.0,1.0,1.0,0.0,0.0,
Canada,Luc De Fougerolles,DF,20.670773442847366,1.0,90.0,90.0,100.0,1.0,1,90.0,1,0,,0,1.0,1.0,1.0,0.0,0.0,
Canada,Alistair Johnston,DF,27.681724845995895,1.0,90.0,90.0,100.0,1.0,1,90.0,1,0,,0,1.0,1.0,1.0,0.0,0.0,
Canada,Ismaël Koné,MF,23.993839835728952,1.0,90.0,90.0,100.0,1.0,1,90.0,1,0,,0,1.0,1.0,1.0,0.0,0.0,
Canada,Richie Laryea,DF,31.432580424366872,1.0,90.0,90.0,100.0,1.0,1,90.0,1,0,,0,1.0,1.0,1.0,0.0,0.0,
Canada,Stephen Eustáquio,MF,29.479123887748116,1.0,89.0,89.0,98.9,1.0,1,89.0,0,0,,0,1.0,1.0,1.0,0.0,0.0,0.0
Canada,Tani Oluwaseyi,FW,26.082135523613964,1.0,75.0,75.0,83.3,0.8,1,75.0,0,0,,0,1.0,0.0,1.0,-1.0,-1.2,-7.2
Canada,Tajon Buchanan,MF,27.344969199178646,1.0,60.0,60.0,66.7,0.7,1,60.0,0,0,,0,1.0,0.0,1.0,-1.0,-1.5,-4.5
Canada,Jonathan David,FW,26.413415468856947,1.0,60.0,60.0,66.7,0.7,1,60.0,0,0,,0,1.0,0.0,1.0,-1.0,-1.5,-4.5
Canada,Liam Millar,MF,26.711841204654345,1.0,60.0,60.0,66.7,0.7,1,60.0,0,0,,0,1.0,0.0,1.0,-1.0,-1.5,-4.5
Canada,Ali Ahmed,MF,25.67624914442163,1.0,30.0,30.0,33.3,0.3,0,,0,1,30.0,0,1.0,1.0,0.0,1.0,3.0,4.5
Canada,Promise David,FW,24.947296372347708,1.0,30.0,30.0,33.3,0.3,0,,0,1,30.0,0,1.0,1.0,0.0,1.0,3.0,4.5
Canada,Jacob Shaffelburg,MF,26.54757015742642,1.0,30.0,30.0,33.3,0.3,0,,0,1,30.0,0,1.0,1.0,0.0,1.0,3.0,4.5
Canada,Cyle Larin,"FW,MF",31.15879534565366,1.0,15.0,15.0,16.7,0.2,0,,0,1,15.0,0,1.0,1.0,0.0,1.0,6.0,7.2
Canada,Jonathan Osorio,MF,34.00547570157426,1.0,1.0,1.0,1.1,0.0,0,,0,1,1.0,0,1.0,0.0,0.0,0.0,0.0,0.0
Canada,Moïse Bombito,DF,26.20807665982204,0.0,,,,,0,,0,0,,1,,,,,,
Canada,Mathieu Choinière,MF,27.347707049965777,0.0,,,,,0,,0,0,,1,,,,,,
Canada,Alphonso Davies,"DF,FW",25.61327857631759,0.0,,,,,0,,0,0,,1,,,,,,
Canada,Owen Goodman,GK,22.54483230663929,0.0,,,,,0,,0,0,,1,,,,,,
Canada,Alfie Jones,"DF,MF",28.684462696783026,0.0,,,,,0,,0,0,,1,,,,,,
Canada,Jayden Nelson,"FW,MF",23.71457905544148,0.0,,,,,0,,0,0,,1,,,,,,
Canada,Nathan Saliba,MF,22.347707049965777,0.0,,,,,0,,0,0,,1,,,,,,
Canada,Niko Sigur,"DF,MF",22.761122518822724,0.0,,,,,0,,0,0,,1,,,,,,
Canada,Dayne St. Clair,GK,29.098562628336754,0.0,,,,,0,,0,0,,1,,,,,,
Canada,Joel Waterman,DF,30.386036960985628,0.0,,,,,0,,0,0,,1,,,,,,
Czechia,Štěpán Chaloupek,DF,23.268309377138944,1.0,90.0,90.0,100.0,1.0,1,90.0,1,0,,0,0.0,1.0,2.0,-1.0,-1.0,
Czechia,Vladimír Coufal,MF,33.8104038329911,1.0,90.0,90.0,100.0,1.0,1,90.0,1,0,,0,0.0,1.0,2.0,-1.0,-1.0,
Czechia,Robin Hranáč,DF,26.372347707049965,1.0,90.0,90.0,100.0,1.0,1,90.0,1,0,,0,0.0,1.0,2.0,-1.0,-1.0,
Czechia,Matej Kovar,GK,26.076659822039698,1.0,90.0,90.0,100.0,1.0,1,90.0,1,0,,0,0.0,1.0,2.0,-1.0,-1.0,
Czechia,Ladislav Krejčí,DF,27.150581793292265,1.0,90.0,90.0,100.0,1.0,1,90.0,1,0,,0,0.0,1.0,2.0,-1.0,-1.0,
Czechia,Tomáš Souček,MF,31.292950034223136,1.0,90.0,90.0,100.0,1.0,1,90.0,1,0,,0,0.0,1.0,2.0,-1.0,-1.0,
Czechia,Jaroslav Zelený,MF,33.81587953456537,1.0,90.0,90.0,100.0,1.0,1,90.0,1,0,,0,0.0,1.0,2.0,-1.0,-1.0,
Czechia,Alexandr Sojka,MF,23.199863107460644,1.0,83.0,83.0,92.2,0.9,1,83.0,0,0,,0,0.0,1.0,2.0,-1.0,-1.08,-1.08
Czechia,Lukáš Provod,FW,29.640657084188913,1.0,63.0,63.0,70.0,0.7,1,63.0,0,0,,0,0.0,1.0,0.0,1.0,1.43,8.1
Czechia,Patrik Schick,FW,30.386036960985628,1.0,63.0,63.0,70.0,0.7,1,63.0,0,0,,0,0.0,1.0,0.0,1.0,1.43,8.1
Czechia,Pavel Šulc,FW,25.45722108145106,1.0,63.0,63.0,70.0,0.7,1,63.0,0,0,,0,0.0,1.0,0.0,1.0,1.43,8.1
Czechia,Tomáš Chorý,FW,31.380561259411362,1.0,27.0,27.0,30.0,0.3,0,,0,1,27.0,0,0.0,0.0,2.0,-2.0,-6.67,-8.1
Czechia,Adam Hložek,"FW,MF",23.8870636550308,1.0,27.0,27.0,30.0,0.3,0,,0,1,27.0,0,0.0,0.0,2.0,-2.0,-6.67,-8.1
Czechia,Michal Sadílek,"DF,FW",27.03832991101985,1.0,27.0,27.0,30.0,0.3,0,,0,1,27.0,0,0.0,0.0,2.0,-2.0,-6.67,-8.1
Czechia,Mojmír Chytil,FW,27.125941136208077,1.0,7.0,7.0,7.8,0.1,0,,0,1,7.0,0,0.0,0.0,0.0,0.0,0.0,1.08
Czechia,Lukáš Červ,MF,25.177960301163587,0.0,,,,,0,,0,0,,1,,,,,,
Czechia,Vladimír Darida,MF,35.84873374401095,0.0,,,,,0,,0,0,,1,,,,,,
Czechia,David Doudera,"DF,MF",28.03832991101985,0.0,,,,,0,,0,0,,1,,,,,,
Czechia,Tomáš Holeš,"DF,MF",33.205338809034906,0.0,,,,,0,,0,0,,1,,,,,,
Czechia,Lukáš Horníček,GK,23.919917864476385,0.0,,,,,0,,0,0,,1,,,,,,
Czechia,David Jurásek,"DF,MF",25.851471594798085,0.0,,,,,0,,0,0,,1,,,,,,
Czechia,Jan Kuchta,FW,29.42984257357974,0.0,,,,,0,,0,0,,1,,,,,,
Czechia,Hugo Sochůrek,MF,18.019164955509925,0.0,,,,,0,,0,0,,1,,,,,,
Czechia,Jindřich Staněk,GK,30.13141683778234,0.0,,,,,0,,0,0,,1,,,,,,
Czechia,Denis Višinský,"FW,MF",23.23271731690623,0.0,,,,,0,,0,0,,1,,,,,,
Czechia,David Zima,DF,25.5968514715948,0.0,,,,,0,,0,0,,1,,,,,,
Haiti,Ricardo Adé,DF,36.06570841889117,1.0,90.0,90.0,100.0,1.0,1,90.0,1,0,,0,0.0,0.0,1.0,-1.0,-1.0,
Haiti,Carlens Arcus,DF,29.960985626283367,1.0,90.0,90.0,100.0,1.0,1,90.0,1,0,,0,0.0,0.0,1.0,-1.0,-1.0,
Haiti,Jean-Ricner Bellegarde,MF,27.9637234770705,1.0,90.0,90.0,100.0,1.0,1,90.0,1,0,,0,0.0,0.0,1.0,-1.0,-1.0,
Haiti,Hannes Delcroix,DF,27.290212183436005,1.0,90.0,90.0,100.0,1.0,1,90.0,1,0,,0,0.0,0.0,1.0,-1.0,-1.0,
Haiti,Martin Expérience,DF,27.265571526351813,1.0,90.0,90.0,100.0,1.0,1,90.0,1,0,,0,0.0,0.0,1.0,-1.0,-1.0,
Haiti,Danley Jean-Jacques,MF,26.0684462696783,1.0,90.0,90.0,100.0,1.0,1,90.0,1,0,,0,0.0,0.0,1.0,-1.0,-1.0,
Haiti,Frantzdy Pierrot,FW,31.210814510609172,1.0,90.0,90.0,100.0,1.0,1,90.0,1,0,,0,0.0,0.0,1.0,-1.0,-1.0,
Haiti,Johny Placide,GK,38.37234770704997,1.0,90.0,90.0,100.0,1.0,1,90.0,1,0,,0,0.0,0.0,1.0,-1.0,-1.0,
Haiti,Ruben Providence,MF,24.93634496919918,1.0,84.0,84.0,93.3,0.9,1,84.0,0,0,,0,0.0,0.0,1.0,-1.0,-1.07,-1.07
Haiti,Wilson Isidor,FW,25.79671457905544,1.0,75.0,75.0,83.3,0.8,1,75.0,0,0,,0,0.0,0.0,1.0,-1.0,-1.2,-1.2
Haiti,Louicius Deedson,MF,25.33675564681725,1.0,60.0,60.0,66.7,0.7,1,60.0,0,0,,0,0.0,0.0,1.0,-1.0,-1.5,-1.5
Haiti,Josué Casimir,"FW,MF",24.720054757015742,1.0,30.0,30.0,33.3,0.3,0,,0,1,30.0,0,0.0,0.0,0.0,0.0,0.0,1.5
Haiti,Lenny Joseph,"FW,MF",25.670773442847366,1.0,15.0,15.0,16.7,0.2,0,,0,1,15.0,0,0.0,0.0,0.0,0.0,0.0,1.2
Haiti,Yassin Fortuné,"FW,MF",27.369609856262834,1.0,6.0,6.0,6.7,0.1,0,,0,1,6.0,0,0.0,0.0,0.0,0.0,0.0,1.07
Haiti,Josué Duverger,GK,26.13141683778234,0.0,,,,,0,,0,0,,1,,,,,,
Haiti,Jean-Kevin Duverne,DF,28.922655715263517,0.0,,,,,0,,0,0,,1,,,,,,
Haiti,Derrick Etienne,"FW,MF",29.550308008213552,0.0,,,,,0,,0,0,,1,,,,,,
Haiti,Carl Fred Sainté,MF,23.84599589322382,0.0,,,,,0,,0,0,,1,,,,,,
Haiti,Duke Lacroix,"DF,FW",32.6652977412731,0.0,,,,,0,,0,0,,1,,,,,,
Haiti,Garven Metusala,DF,26.451745379876797,0.0,,,,,0,,0,0,,1,,,,,,
Haiti,Duckens Nazon,"FW,MF",32.186173853524984,0.0,,,,,0,,0,0,,1,,,,,,
Haiti,Wilguens Paugain,DF,24.804928131416837,0.0,,,,,0,,0,0,,1,,,,,,
Haiti,Alexandre Pierre,GK,25.298425735797398,0.0,,,,,0,,0,0,,1,,,,,,
Haiti,Woodensky Pierre,MF,21.45448323066393,0.0,,,,,0,,0,0,,1,,,,,,
Haiti,Dominique Simon,MF,25.876112251882272,0.0,,,,,0,,0,0,,1,,,,,,
Haiti,Keeto Thermoncy,DF,20.210814510609172,0.0,,,,,0,,0,0,,1,,,,,,
Korea Republic,Lee Gi-hyuk,DF,25.93634496919918,1.0,90.0,90.0,100.0,1.0,1,90.0,1,0,,0,3.0,2.0,1.0,1.0,1.0,
Korea Republic,Lee Han-beom,DF,23.99110198494182,1.0,90.0,90.0,100.0,1.0,1,90.0,1,0,,0,3.0,2.0,1.0,1.0,1.0,
Korea Republic,Lee Kang-in,FW,25.314852840520192,1.0,90.0,90.0,100.0,1.0,1,90.0,1,0,,0,3.0,2.0,1.0,1.0,1.0,
Korea Republic,Kim Min-jae,DF,29.577686516084874,1.0,90.0,90.0,100.0,1.0,1,90.0,1,0,,0,3.0,2.0,1.0,1.0,1.0,
Korea Republic,Kim Seung-gyu,GK,35.70362765229295,1.0,90.0,90.0,100.0,1.0,1,90.0,1,0,,0,3.0,2.0,1.0,1.0,1.0,
Korea Republic,Seol Young-woo,MF,27.522929500342233,1.0,90.0,90.0,100.0,1.0,1,90.0,1,0,,0,3.0,2.0,1.0,1.0,1.0,
Korea Republic,Hwang In-beom,MF,29.73100616016427,1.0,83.0,83.0,92.2,0.9,1,83.0,0,0,,0,3.0,2.0,1.0,1.0,1.08,1.08
Korea Republic,Paik Seung-ho,MF,29.243668720054757,1.0,83.0,83.0,92.2,0.9,1,83.0,0,0,,0,3.0,2.0,1.0,1.0,1.08,1.08
Korea Republic,Son Heung-min,FW,33.93360711841205,1.0,68.0,68.0,75.6,0.8,1,68.0,0,0,,0,3.0,1.0,1.0,0.0,0.0,-4.09
Korea Republic,Lee Tae-seok,MF,23.878850102669404,1.0,68.0,68.0,75.6,0.8,1,68.0,0,0,,0,3.0,1.0,1.0,0.0,0.0,-4.09
Korea Republic,Lee Jae-sung,FW,33.84325804243669,1.0,61.0,61.0,67.8,0.7,1,61.0,0,0,,0,3.0,0.0,1.0,-1.0,-1.48,-7.68
Korea Republic,Hwang Hee-chan,"FW,MF",30.380561259411362,1.0,29.0,29.0,32.2,0.3,0,,0,1,29.0,0,3.0,2.0,0.0,2.0,6.21,7.68
Korea Republic,Oh Hyeon-gyu,FW,25.17248459958932,1.0,22.0,22.0,24.4,0.2,0,,0,1,22.0,0,3.0,1.0,0.0,1.0,4.09,4.09
Korea Republic,Eom Ji-sung,MF,24.098562628336754,1.0,22.0,22.0,24.4,0.2,0,,0,1,22.0,0,3.0,1.0,0.0,1.0,4.09,4.09
Korea Republic,Kim Jin-gyu,MF,29.301163586584533,1.0,7.0,7.0,7.8,0.1,0,,0,1,7.0,0,3.0,0.0,0.0,0.0,0.0,-1.08
Korea Republic,Park Jinseob,"DF,MF",30.640657084188913,1.0,7.0,7.0,7.8,0.1,0,,0,1,7.0,0,3.0,0.0,0.0,0.0,0.0,-1.08
Korea Republic,Song Bum-keun,GK,28.66255989048597,0.0,,,,,0,,0,0,,1,,,,,,
Korea Republic,Jens Castrop,MF,22.876112251882272,0.0,,,,,0,,0,0,,1,,,,,,
Korea Republic,Lee Dong-gyeong,"FW,MF",28.73100616016427,0.0,,,,,0,,0,0,,1,,,,,,
Korea Republic,Cho Gue-sung,FW,28.383299110198493,0.0,,,,,0,,0,0,,1,,,,,,
Korea Republic,Jo Hyeon-woo,GK,34.71731690622861,0.0,,,,,0,,0,0,,1,,,,,,
Korea Republic,Yang Hyun-jun,"FW,MF",24.05475701574264,0.0,,,,,0,,0,0,,1,,,,,,
Korea Republic,Bae Jun-ho,"FW,MF",22.813141683778234,0.0,,,,,0,,0,0,,1,,,,,,
Korea Republic,Kim Moon-hwan,"DF,MF",30.867898699520875,0.0,,,,,0,,0,0,,1,,,,,,
Korea Republic,Kim Tae-hyeon,DF,25.739219712525667,0.0,,,,,0,,0,0,,1,,,,,,
Korea Republic,Cho Wi-je,DF,24.802190280629706,0.0,,,,,0,,0,0,,1,,,,,,
Mexico,Roberto Alvarado,MF,27.76659822039699,,90.0,90.0,100.0,1.0,1,90.0,1,0,,0,3.0,2.0,0.0,2.0,2.0,
Mexico,Jesús Gallardo,DF,31.829568788501028,,90.0,90.0,100.0,1.0,1,90.0,1,0,,0,3.0,2.0,0.0,2.0,2.0,
Mexico,Raúl Rangel,GK,26.298425735797398,,90.0,90.0,100.0,1.0,1,90.0,1,0,,0,3.0,2.0,0.0,2.0,2.0,
Mexico,Israel Reyes,DF,26.060232717316907,,90.0,90.0,100.0,1.0,1,90.0,1,0,,0,3.0,2.0,0.0,2.0,2.0,
Mexico,Johan Vásquez,DF,27.643394934976044,,90.0,90.0,100.0,1.0,1,90.0,1,0,,0,3.0,2.0,0.0,2.0,2.0,
Mexico,César Montes,DF,29.301163586584533,,89.0,89.0,98.9,1.0,1,89.0,0,0,,0,3.0,2.0,0.0,2.0,2.02,2.02
Mexico,Julián Quiñones,MF,29.22450376454483,,78.0,78.0,86.7,0.9,1,78.0,0,0,,0,3.0,2.0,0.0,2.0,2.31,2.31
Mexico,Raúl Jiménez,FW,35.10951403148528,,75.0,75.0,83.3,0.8,1,75.0,0,0,,0,3.0,2.0,0.0,2.0,2.4,2.4
Mexico,Erik Lira,MF,26.10130047912389,,75.0,75.0,83.3,0.8,1,75.0,0,0,,0,3.0,2.0,0.0,2.0,2.4,2.4
Mexico,Álvaro Fidalgo,MF,29.18069815195072,,65.0,65.0,72.2,0.7,1,65.0,0,0,,0,3.0,1.0,0.0,1.0,1.38,-2.22
Mexico,Brian Gutiérrez,MF,22.99110198494182,,65.0,65.0,72.2,0.7,1,65.0,0,0,,0,3.0,1.0,0.0,1.0,1.38,-2.22
Mexico,Luis Chávez,MF,30.410677618069816,,25.0,25.0,27.8,0.3,0,,0,1,25.0,0,3.0,1.0,0.0,1.0,3.6,2.22
Mexico,Gilberto Mora,MF,17.6652977412731,,25.0,25.0,27.8,0.3,0,,0,1,25.0,0,3.0,1.0,0.0,1.0,3.6,2.22
Mexico,Edson Álvarez,"DF,MF",28.637919233401778,,15.0,15.0,16.7,0.2,0,,0,1,15.0,0,3.0,0.0,0.0,0.0,0.0,-2.4
Mexico,Armando González,FW,23.150581793292265,,15.0,15.0,16.7,0.2,0,,0,1,15.0,0,3.0,0.0,0.0,0.0,0.0,-2.4
Mexico,Alexis Vega,"FW,MF",28.550308008213552,,12.0,12.0,13.3,0.1,0,,0,1,12.0,0,3.0,0.0,0.0,0.0,0.0,-2.31
Mexico,Carlos Acevedo,GK,30.1533196440794,,,,,,0,,0,0,,1,,,,,,
Mexico,Mateo Chávez,DF,22.09034907597536,,,,,,0,,0,0,,1,,,,,,
Mexico,Santiago Giménez,FW,25.15605749486653,,,,,,0,,0,0,,1,,,,,,
Mexico,César Huerta,"FW,MF",25.528405201916495,,,,,,0,,0,0,,1,,,,,,
Mexico,Guillermo Martínez Ayala,FW,31.249144421629023,,,,,,0,,0,0,,1,,,,,,
Mexico,Guillermo Ochoa,GK,40.91991786447639,,,,,,0,,0,0,,1,,,,,,
Mexico,Orbelín Pineda,"FW,MF",30.22450376454483,,,,,,0,,0,0,,1,,,,,,
Mexico,Luis Romo,"DF,MF",31.024640657084188,,,,,,0,,0,0,,1,,,,,,
Mexico,Jorge Sánchez,"DF,MF",28.50924024640657,,,,,,0,,0,0,,1,,,,,,
Mexico,Obed Vargas,MF,20.856947296372347,,,,,,0,,0,0,,1,,,,,,
Morocco,Neil El Aynaoui,MF,24.95003422313484,1.0,90.0,90.0,100.0,1.0,1,90.0,1,0,,0,1.0,1.0,1.0,0.0,0.0,
Morocco,Ayyoub Bouaddi,MF,18.698151950718685,1.0,90.0,90.0,100.0,1.0,1,90.0,1,0,,0,1.0,1.0,1.0,0.0,0.0,
Morocco,Yassine Bounou,GK,35.19164955509925,1.0,90.0,90.0,100.0,1.0,1,90.0,1,0,,0,1.0,1.0,1.0,0.0,0.0,
Morocco,Issa Diop,DF,29.427104722792606,1.0,90.0,90.0,100.0,1.0,1,90.0,1,0,,0,1.0,1.0,1.0,0.0,0.0,
Morocco,Achraf Hakimi,DF,27.607802874743328,1.0,90.0,90.0,100.0,1.0,1,90.0,1,0,,0,1.0,1.0,1.0,0.0,0.0,
Morocco,Chadi Riad,DF,22.99110198494182,1.0,90.0,90.0,100.0,1.0,1,90.0,1,0,,0,1.0,1.0,1.0,0.0,0.0,
Morocco,Ismael Saibari,FW,25.3750855578371,1.0,88.0,88.0,97.8,1.0,1,88.0,0,0,,0,1.0,1.0,1.0,0.0,0.0,0.0
Morocco,Bilal El Khannouss,MF,22.095824777549623,1.0,79.0,79.0,87.8,0.9,1,79.0,0,0,,0,1.0,1.0,1.0,0.0,0.0,0.0
Morocco,Noussair Mazraoui,DF,28.580424366872005,1.0,79.0,79.0,87.8,0.9,1,79.0,0,0,,0,1.0,1.0,1.0,0.0,0.0,0.0
Morocco,Brahim Díaz,MF,26.862422997946613,1.0,64.0,64.0,71.1,0.7,1,64.0,0,0,,0,1.0,1.0,1.0,0.0,0.0,0.0
Morocco,Azzedine Ounahi,MF,26.1533196440794,1.0,64.0,64.0,71.1,0.7,1,64.0,0,0,,0,1.0,1.0,1.0,0.0,0.0,0.0
Morocco,Samir El Mourabet,MF,20.687200547570157,1.0,26.0,26.0,28.9,0.3,0,,0,1,26.0,0,1.0,0.0,0.0,0.0,0.0,0.0
Morocco,Chemsdine Talbi,MF,21.098562628336754,1.0,26.0,26.0,28.9,0.3,0,,0,1,26.0,0,1.0,0.0,0.0,0.0,0.0,0.0
Morocco,Ayoube Amaimouni,MF,21.536618754277892,1.0,11.0,11.0,12.2,0.1,0,,0,1,11.0,0,1.0,0.0,0.0,0.0,0.0,0.0
Morocco,Anass Salah-Eddine,DF,24.40246406570842,1.0,11.0,11.0,12.2,0.1,0,,0,1,11.0,0,1.0,0.0,0.0,0.0,0.0,0.0
Morocco,Soufiane Rahimi,FW,30.032854209445585,1.0,2.0,2.0,2.2,0.0,0,,0,1,2.0,0,1.0,0.0,0.0,0.0,0.0,0.0
Morocco,Sofyan Amrabat,"DF,MF",29.813141683778234,0.0,,,,,0,,0,0,,1,,,,,,
Morocco,Youssef Belammari,DF,27.73100616016427,0.0,,,,,0,,0,0,,1,,,,,,
Morocco,Redouane Halhal,DF,23.27652292950034,0.0,,,,,0,,0,0,,1,,,,,,
Morocco,Ayoub El Kaabi,"FW,MF",32.96646132785763,0.0,,,,,0,,0,0,,1,,,,,,
Morocco,Munir,GK,37.09582477754962,0.0,,,,,0,,0,0,,1,,,,,,
Morocco,Zakaria El Ouahdi,"DF,MF",24.451745379876797,0.0,,,,,0,,0,0,,1,,,,,,
Morocco,Ahmed Reda Tagnaouti,GK,30.191649555099247,0.0,,,,,0,,0,0,,1,,,,,,
Morocco,Marwane Saâdane,"DF,MF",34.40520191649555,0.0,,,,,0,,0,0,,1,,,,,,
Morocco,Amine Sbai,"FW,MF",25.605065023956193,0.0,,,,,0,,0,0,,1,,,,,,
Morocco,Gessime Yassine,MF,20.55852156057495,0.0,,,,,0,,0,0,,1,,,,,,
Paraguay,Omar Alderete,DF,29.465434633812457,1.0,90.0,90.0,100.0,1.0,1,90.0,1,0,,0,0.0,1.0,4.0,-3.0,-3.0,
Paraguay,Júnior Alonso,DF,33.342231348391515,1.0,90.0,90.0,100.0,1.0,1,90.0,1,0,,0,0.0,1.0,4.0,-3.0,-3.0,
Paraguay,Andrés Cubas,MF,30.06297056810404,1.0,90.0,90.0,100.0,1.0,1,90.0,1,0,,0,0.0,1.0,4.0,-3.0,-3.0,
Paraguay,Julio Enciso,FW,22.38877481177276,1.0,90.0,90.0,100.0,1.0,1,90.0,1,0,,0,0.0,1.0,4.0,-3.0,-3.0,
Paraguay,Orlando Gill,GK,26.008213552361397,1.0,90.0,90.0,100.0,1.0,1,90.0,1,0,,0,0.0,1.0,4.0,-3.0,-3.0,
Paraguay,Gustavo Gómez,DF,33.106776180698155,1.0,90.0,90.0,100.0,1.0,1,90.0,1,0,,0,0.0,1.0,4.0,-3.0,-3.0,
Paraguay,Diego Gómez,MF,23.216290212183434,1.0,79.0,79.0,87.8,0.9,1,79.0,0,0,,0,0.0,1.0,3.0,-2.0,-2.28,5.9
Paraguay,Miguel Almirón,MF,32.33949349760438,1.0,78.0,78.0,86.7,0.9,1,78.0,0,0,,0,0.0,1.0,3.0,-2.0,-2.31,5.19
Paraguay,Juan Cáceres,DF,26.035592060232716,1.0,78.0,78.0,86.7,0.9,1,78.0,0,0,,0,0.0,1.0,3.0,-2.0,-2.31,5.19
Paraguay,Antonio Sanabria,FW,30.279260780287473,1.0,61.0,61.0,67.8,0.7,1,61.0,0,0,,0,0.0,0.0,3.0,-3.0,-4.43,-4.43
Paraguay,Damián Bobadilla,MF,24.92539356605065,1.0,45.0,45.0,50.0,0.5,1,45.0,0,0,,0,0.0,0.0,3.0,-3.0,-6.0,-6.0
Paraguay,Mauricio,MF,25.06297056810404,1.0,45.0,45.0,50.0,0.5,0,,0,1,45.0,0,0.0,1.0,1.0,0.0,0.0,6.0
Paraguay,Álex Arce,FW,30.993839835728952,1.0,29.0,29.0,32.2,0.3,0,,0,1,29.0,0,0.0,1.0,1.0,0.0,0.0,4.43
Paraguay,Ramón Sosa,"FW,MF",26.78576317590691,1.0,12.0,12.0,13.3,0.1,0,,0,1,12.0,0,0.0,0.0,1.0,-1.0,-7.5,-5.19
Paraguay,Gustavo Velásquez,DF,35.158795345653665,1.0,12.0,12.0,13.3,0.1,0,,0,1,12.0,0,0.0,0.0,1.0,-1.0,-7.5,-5.19
Paraguay,Kaku,MF,31.421629021218344,1.0,11.0,11.0,12.2,0.1,0,,0,1,11.0,0,0.0,0.0,1.0,-1.0,-8.18,-5.9
Paraguay,Gabriel Ávalos,FW,35.67077344284736,0.0,,,,,0,,0,0,,1,,,,,,
Paraguay,Fabián Balbuena,DF,34.80766598220397,0.0,,,,,0,,0,0,,1,,,,,,
Paraguay,Gustavo Caballero,"FW,MF",24.72826830937714,0.0,,,,,0,,0,0,,1,,,,,,
Paraguay,José Canale,DF,29.90075290896646,0.0,,,,,0,,0,0,,1,,,,,,
Paraguay,Gatito Fernández,GK,38.21081451060917,0.0,,,,,0,,0,0,,1,,,,,,
Paraguay,Matías Galarza,MF,24.33675564681725,0.0,,,,,0,,0,0,,1,,,,,,
Paraguay,Alexandro Maidana,DF,20.88432580424367,0.0,,,,,0,,0,0,,1,,,,,,
Paraguay,Braian Ojeda,MF,25.9637234770705,0.0,,,,,0,,0,0,,1,,,,,,
Paraguay,Gastón Olveira,GK,33.14784394250513,0.0,,,,,0,,0,0,,1,,,,,,
Paraguay,Isidro Pitta,FW,26.83230663928816,0.0,,,,,0,,0,0,,1,,,,,,
Qatar,Mahmoud Abunada,GK,26.35318275154004,1.0,90.0,90.0,100.0,1.0,1,90.0,1,0,,0,1.0,1.0,1.0,0.0,0.0,
Qatar,Akram Afif,FW,29.569472963723477,1.0,90.0,90.0,100.0,1.0,1,90.0,1,0,,0,1.0,1.0,1.0,0.0,0.0,
Qatar,Homam Ahmed,DF,26.802190280629706,1.0,90.0,90.0,100.0,1.0,1,90.0,1,0,,0,1.0,1.0,1.0,0.0,0.0,
Qatar,Boualem Khoukhi,DF,35.930869267624914,1.0,90.0,90.0,100.0,1.0,1,90.0,1,0,,0,1.0,1.0,1.0,0.0,0.0,
Qatar,Issa Laye,MF,28.476386036960985,1.0,90.0,90.0,100.0,1.0,1,90.0,1,0,,0,1.0,1.0,1.0,0.0,0.0,
Qatar,Ró-Ró,DF,35.85420944558521,1.0,90.0,90.0,100.0,1.0,1,90.0,1,0,,0,1.0,1.0,1.0,0.0,0.0,
Qatar,Edmilson Junior,FW,31.8186173853525,1.0,87.0,87.0,96.7,1.0,1,87.0,0,0,,0,1.0,0.0,1.0,-1.0,-1.03,-31.03
Qatar,Assim Madibo,MF,29.643394934976044,1.0,78.0,78.0,86.7,0.9,1,78.0,0,0,,0,1.0,0.0,1.0,-1.0,-1.15,-8.65
Qatar,Yusuf Abdurisag,FW,26.854209445585216,1.0,59.0,59.0,65.6,0.7,1,59.0,0,0,,0,1.0,0.0,1.0,-1.0,-1.53,-4.43
Qatar,Jassem Gaber,MF,24.31211498973306,1.0,59.0,59.0,65.6,0.7,1,59.0,0,0,,0,1.0,0.0,1.0,-1.0,-1.53,-4.43
Qatar,Ayoub Al-Oui,DF,21.26009582477755,1.0,59.0,59.0,65.6,0.7,1,59.0,0,0,,0,1.0,0.0,1.0,-1.0,-1.53,-4.43
Qatar,Ahmed Alaaeldin,FW,33.3668720054757,1.0,31.0,31.0,34.4,0.3,0,,0,1,31.0,0,1.0,1.0,0.0,1.0,2.9,4.43
Qatar,Karim Boudiaf,"DF,MF",35.7419575633128,1.0,31.0,31.0,34.4,0.3,0,,0,1,31.0,0,1.0,1.0,0.0,1.0,2.9,4.43
Qatar,Ahmed Fathy,MF,33.38329911019849,1.0,31.0,31.0,34.4,0.3,0,,0,1,31.0,0,1.0,1.0,0.0,1.0,2.9,4.43
Qatar,Mohamed Manai,DF,23.635181382614647,1.0,12.0,12.0,13.3,0.1,0,,0,1,12.0,0,1.0,1.0,0.0,1.0,7.5,8.65
Qatar,Hassan Al-Haydos,"FW,MF",35.506502395619435,1.0,3.0,3.0,3.3,0.0,0,,0,1,3.0,0,1.0,1.0,0.0,1.0,30.0,31.03
Qatar,Almoez Ali,FW,29.8186173853525,0.0,,,,,0,,0,0,,1,,,,,,
Qatar,Meshaal Barsham,GK,28.32854209445585,0.0,,,,,0,,0,0,,1,,,,,,
Qatar,Sultan Al-Brake,DF,30.186173853524984,0.0,,,,,0,,0,0,,1,,,,,,
Qatar,Ahmed Al-Ganehi,FW,25.725530458590008,0.0,,,,,0,,0,0,,1,,,,,,
Qatar,Abdulaziz Hatem,MF,36.44900752908966,0.0,,,,,0,,0,0,,1,,,,,,
Qatar,Al-Hashmi Al-Hussain,MF,22.829568788501028,0.0,,,,,0,,0,0,,1,,,,,,
Qatar,Tahsin Jamshid,FW,19.993839835728952,0.0,,,,,0,,0,0,,1,,,,,,
Qatar,Lucas Mendes,DF,35.94729637234771,0.0,,,,,0,,0,0,,1,,,,,,
Qatar,Mohammed Muntari,FW,32.48186173853525,0.0,,,,,0,,0,0,,1,,,,,,
Qatar,Salah Zakaria,GK,27.139630390143736,0.0,,,,,0,,0,0,,1,,,,,,
Scotland,Lewis Ferguson,MF,26.804928131416837,1.0,90.0,90.0,100.0,1.0,1,90.0,1,0,,0,3.0,1.0,0.0,1.0,1.0,
Scotland,Angus Gunn,GK,30.39151266255989,1.0,90.0,90.0,100.0,1.0,1,90.0,1,0,,0,3.0,1.0,0.0,1.0,1.0,
Scotland,Grant Hanley,DF,34.563997262149215,1.0,90.0,90.0,100.0,1.0,1,90.0,1,0,,0,3.0,1.0,0.0,1.0,1.0,
Scotland,Jack Hendry,DF,31.10403832991102,1.0,90.0,90.0,100.0,1.0,1,90.0,1,0,,0,3.0,1.0,0.0,1.0,1.0,
Scotland,Scott McTominay,MF,29.514715947980836,1.0,90.0,90.0,100.0,1.0,1,90.0,1,0,,0,3.0,1.0,0.0,1.0,1.0,
Scotland,Andy Robertson,DF,32.26009582477755,1.0,90.0,90.0,100.0,1.0,1,90.0,1,0,,0,3.0,1.0,0.0,1.0,1.0,
Scotland,John McGinn,MF,31.654346338124572,1.0,82.0,82.0,91.1,0.9,1,82.0,0,0,,0,3.0,1.0,0.0,1.0,1.1,1.1
Scotland,Lawrence Shankland,FW,30.843258042436688,1.0,82.0,82.0,91.1,0.9,1,82.0,0,0,,0,3.0,1.0,0.0,1.0,1.1,1.1
Scotland,Ché Adams,FW,29.919917864476385,1.0,74.0,74.0,82.2,0.8,1,74.0,0,0,,0,3.0,1.0,0.0,1.0,1.22,1.22
Scotland,Ben Gannon-Doak,MF,20.588637919233403,1.0,74.0,74.0,82.2,0.8,1,74.0,0,0,,0,3.0,1.0,0.0,1.0,1.22,1.22
Scotland,Aaron Hickey,DF,24.01095140314853,1.0,74.0,74.0,82.2,0.8,1,74.0,0,0,,0,3.0,1.0,0.0,1.0,1.22,1.22
Scotland,Ryan Christie,"FW,MF",31.306639288158795,1.0,16.0,16.0,17.8,0.2,0,,0,1,16.0,0,3.0,0.0,0.0,0.0,0.0,-1.22
Scotland,Lyndon Dykes,"FW,MF",30.684462696783026,1.0,16.0,16.0,17.8,0.2,0,,0,1,16.0,0,3.0,0.0,0.0,0.0,0.0,-1.22
Scotland,Nathan Patterson,DF,24.659822039698838,1.0,16.0,16.0,17.8,0.2,0,,0,1,16.0,0,3.0,0.0,0.0,0.0,0.0,-1.22
Scotland,Findlay Curtis,MF,19.700889801505816,1.0,8.0,8.0,8.9,0.1,0,,0,1,8.0,0,3.0,0.0,0.0,0.0,0.0,-1.1
Scotland,Kenny McLean,"DF,MF",34.42984257357974,1.0,8.0,8.0,8.9,0.1,0,,0,1,8.0,0,3.0,0.0,0.0,0.0,0.0,-1.1
Scotland,Tyler Fletcher,MF,19.238193018480494,0.0,,,,,0,,0,0,,1,,,,,,
Scotland,Craig Gordon,GK,43.4517453798768,0.0,,,,,0,,0,0,,1,,,,,,
Scotland,George Hirst,FW,27.32580424366872,0.0,,,,,0,,0,0,,1,,,,,,
Scotland,Dominic Hyam,DF,30.48186173853525,0.0,,,,,0,,0,0,,1,,,,,,
Scotland,Liam Kelly,GK,30.38877481177276,0.0,,,,,0,,0,0,,1,,,,,,
Scotland,Scott McKenna,DF,29.58590006844627,0.0,,,,,0,,0,0,,1,,,,,,
Scotland,Anthony Ralston,DF,27.57494866529774,0.0,,,,,0,,0,0,,1,,,,,,
Scotland,John Souttar,DF,29.71731690622861,0.0,,,,,0,,0,0,,1,,,,,,
Scotland,Ross Stewart,FW,29.92539356605065,0.0,,,,,0,,0,0,,1,,,,,,
Scotland,Kieran Tierney,"DF,MF",29.024640657084188,0.0,,,,,0,,0,0,,1,,,,,,
South Africa,Mbekezeli Mbokazi,DF,20.733744010951405,1.0,90.0,90.0,100.0,1.0,1,90.0,1,0,,0,0.0,0.0,2.0,-2.0,-2.0,
South Africa,Teboho Mokoena,MF,29.386036960985628,1.0,90.0,90.0,100.0,1.0,1,90.0,1,0,,0,0.0,0.0,2.0,-2.0,-2.0,
South Africa,Khuliso Mudau,DF,31.134154688569474,1.0,90.0,90.0,100.0,1.0,1,90.0,1,0,,0,0.0,0.0,2.0,-2.0,-2.0,
South Africa,Ime Okon,DF,22.31211498973306,1.0,90.0,90.0,100.0,1.0,1,90.0,1,0,,0,0.0,0.0,2.0,-2.0,-2.0,
South Africa,Nkosinathi Sibisi,DF,30.725530458590008,1.0,90.0,90.0,100.0,1.0,1,90.0,1,0,,0,0.0,0.0,2.0,-2.0,-2.0,
South Africa,Ronwen Williams,GK,34.394250513347025,1.0,90.0,90.0,100.0,1.0,1,90.0,1,0,,0,0.0,0.0,2.0,-2.0,-2.0,
South Africa,Aubrey Modiba,DF,30.895277207392198,1.0,76.0,76.0,84.4,0.8,1,76.0,0,0,,0,0.0,0.0,2.0,-2.0,-2.37,-2.37
South Africa,Iqraam Rayners,FW,30.484599589322382,1.0,75.0,75.0,83.3,0.8,1,75.0,0,0,,0,0.0,0.0,2.0,-2.0,-2.4,-2.4
South Africa,Jayden Adams,MF,25.109514031485283,1.0,60.0,60.0,66.7,0.7,1,60.0,0,0,,0,0.0,0.0,1.0,-1.0,-1.5,1.5
South Africa,Lyle Foster,FW,25.777549623545518,1.0,55.0,55.0,61.1,0.6,1,55.0,0,0,,0,0.0,0.0,1.0,-1.0,-1.64,0.94
South Africa,Sphephelo Sithole,MF,27.281998631074607,1.0,49.0,49.0,54.4,0.5,1,49.0,0,0,,0,0.0,0.0,1.0,-1.0,-1.84,0.36
South Africa,Thalente Mbatha,MF,26.246406570841888,1.0,35.0,35.0,38.9,0.4,0,,0,1,35.0,0,0.0,0.0,1.0,-1.0,-2.57,-0.94
South Africa,Themba Zwane,"FW,MF",36.86242299794661,1.0,23.0,23.0,25.6,0.3,0,,0,1,23.0,0,0.0,0.0,1.0,-1.0,-3.91,-2.57
South Africa,Evidence Makgopa,FW,26.024640657084188,1.0,15.0,15.0,16.7,0.2,0,,0,1,15.0,0,0.0,0.0,0.0,0.0,0.0,2.4
South Africa,Oswin Appollis,MF,24.802190280629706,1.0,14.0,14.0,15.6,0.2,0,,0,1,14.0,0,0.0,0.0,0.0,0.0,0.0,2.37
South Africa,Sipho Chaine,GK,29.49828884325804,0.0,,,,,0,,0,0,,1,,,,,,
South Africa,Bradley Cross,DF,25.369609856262834,0.0,,,,,0,,0,0,,1,,,,,,
South Africa,Ricardo Goss,GK,32.199863107460644,0.0,,,,,0,,0,0,,1,,,,,,
South Africa,Samukele Kabini,DF,22.249144421629023,0.0,,,,,0,,0,0,,1,,,,,,
South Africa,Olwethu Makhanya,DF,22.123203285420946,0.0,,,,,0,,0,0,,1,,,,,,
South Africa,Thapelo Maseko,MF,22.588637919233403,0.0,,,,,0,,0,0,,1,,,,,,
South Africa,Thabang Matuludi,DF,27.413415468856947,0.0,,,,,0,,0,0,,1,,,,,,
South Africa,Relebohile Mofokeng,MF,21.640657084188913,0.0,,,,,0,,0,0,,1,,,,,,
South Africa,Tshepang Moremi,MF,25.698151950718685,0.0,,,,,0,,0,0,,1,,,,,,
South Africa,Khulumani Ndamane,DF,22.35318275154004,0.0,,,,,0,,0,0,,1,,,,,,
South Africa,Kamogelo Sebelebele,"DF,MF",23.89801505817933,0.0,,,,,0,,0,0,,1,,,,,,
Switzerland,Manuel Akanji,DF,30.903490759753595,1.0,90.0,90.0,100.0,1.0,1,90.0,1,0,,0,1.0,1.0,1.0,0.0,0.0,
Switzerland,Nico Elvedi,DF,29.70362765229295,1.0,90.0,90.0,100.0,1.0,1,90.0,1,0,,0,1.0,1.0,1.0,0.0,0.0,
Switzerland,Breel Embolo,FW,29.32854209445585,1.0,90.0,90.0,100.0,1.0,1,90.0,1,0,,0,1.0,1.0,1.0,0.0,0.0,
Switzerland,Gregor Kobel,GK,28.520191649555098,1.0,90.0,90.0,100.0,1.0,1,90.0,1,0,,0,1.0,1.0,1.0,0.0,0.0,
Switzerland,Granit Xhaka,MF,33.71184120465435,1.0,90.0,90.0,100.0,1.0,1,90.0,1,0,,0,1.0,1.0,1.0,0.0,0.0,
Switzerland,Denis Zakaria,DF,29.56399726214921,1.0,90.0,90.0,100.0,1.0,1,90.0,1,0,,0,1.0,1.0,1.0,0.0,0.0,
Switzerland,Remo Freuler,MF,34.16427104722793,1.0,88.0,88.0,97.8,1.0,1,88.0,0,0,,0,1.0,1.0,0.0,1.0,1.02,46.02
Switzerland,Ricardo Rodríguez,DF,33.8021902806297,1.0,88.0,88.0,97.8,1.0,1,88.0,0,0,,0,1.0,1.0,0.0,1.0,1.02,46.02
Switzerland,Ruben Vargas,MF,27.856947296372347,1.0,78.0,78.0,86.7,0.9,1,78.0,0,0,,0,1.0,1.0,0.0,1.0,1.15,8.65
Switzerland,Michel Aebischer,MF,29.435318275154003,1.0,65.0,65.0,72.2,0.7,1,65.0,0,0,,0,1.0,1.0,0.0,1.0,1.38,4.98
Switzerland,Dan Ndoye,MF,25.635181382614647,1.0,65.0,65.0,72.2,0.7,1,65.0,0,0,,0,1.0,1.0,0.0,1.0,1.38,4.98
Switzerland,Johan Manzambi,MF,20.6652977412731,1.0,25.0,25.0,27.8,0.3,0,,0,1,25.0,0,1.0,0.0,1.0,-1.0,-3.6,-4.98
Switzerland,Fabian Rieder,"FW,MF",24.32306639288159,1.0,25.0,25.0,27.8,0.3,0,,0,1,25.0,0,1.0,0.0,1.0,-1.0,-3.6,-4.98
Switzerland,Zeki Amdouni,"FW,MF",25.525667351129364,1.0,12.0,12.0,13.3,0.1,0,,0,1,12.0,0,1.0,0.0,1.0,-1.0,-7.5,-8.65
Switzerland,Ardon Jashari,MF,23.87337440109514,1.0,2.0,2.0,2.2,0.0,0,,0,1,2.0,0,1.0,0.0,1.0,-1.0,-45.0,-46.02
Switzerland,Miro Muheim,"DF,MF",28.22450376454483,1.0,2.0,2.0,2.2,0.0,0,,0,1,2.0,0,1.0,0.0,1.0,-1.0,-45.0,-46.02
Switzerland,Aurèle Amenda,DF,22.870636550308006,0.0,,,,,0,,0,0,,1,,,,,,
Switzerland,Eray Cömert,DF,28.355920602327174,0.0,,,,,0,,0,0,,1,,,,,,
Switzerland,Christian Fassnacht,"FW,MF",32.5886379192334,0.0,,,,,0,,0,0,,1,,,,,,
Switzerland,Cedric Itten,"FW,MF",29.462696783025326,0.0,,,,,0,,0,0,,1,,,,,,
Switzerland,Luca Jaquez,DF,23.032854209445585,0.0,,,,,0,,0,0,,1,,,,,,
Switzerland,Marvin Keller,GK,23.947296372347708,0.0,,,,,0,,0,0,,1,,,,,,
Switzerland,Yvon Mvogo,GK,32.02190280629706,0.0,,,,,0,,0,0,,1,,,,,,
Switzerland,Noah Okafor,"FW,MF",26.057494866529773,0.0,,,,,0,,0,0,,1,,,,,,
Switzerland,Djibril Sow,MF,29.35044490075291,0.0,,,,,0,,0,0,,1,,,,,,
Switzerland,Silvan Widmer,"DF,MF",33.276522929500345,0.0,,,,,0,,0,0,,1,,,,,,
Türkiye,Abdülkerim Bardakcı,DF,31.76659822039699,1.0,90.0,90.0,100.0,1.0,1,90.0,1,0,,0,0.0,0.0,2.0,-2.0,-2.0,
Türkiye,Uğurcan Çakır,GK,30.191649555099247,1.0,90.0,90.0,100.0,1.0,1,90.0,1,0,,0,0.0,0.0,2.0,-2.0,-2.0,
Türkiye,Hakan Çalhanoğlu,MF,32.34496919917864,1.0,90.0,90.0,100.0,1.0,1,90.0,1,0,,0,0.0,0.0,2.0,-2.0,-2.0,
Türkiye,Merih Demiral,DF,28.27652292950034,1.0,90.0,90.0,100.0,1.0,1,90.0,1,0,,0,0.0,0.0,2.0,-2.0,-2.0,
Türkiye,Arda Güler,MF,21.298425735797398,1.0,90.0,90.0,100.0,1.0,1,90.0,1,0,,0,0.0,0.0,2.0,-2.0,-2.0,
Türkiye,Ferdi Kadioglu,DF,26.684462696783026,1.0,90.0,90.0,100.0,1.0,1,90.0,1,0,,0,0.0,0.0,2.0,-2.0,-2.0,
Türkiye,Kerem Aktürkoğlu,FW,27.646132785763175,1.0,84.0,84.0,93.3,0.9,1,84.0,0,0,,0,0.0,0.0,2.0,-2.0,-2.14,-2.14
Türkiye,Zeki Çelik,DF,29.320328542094455,1.0,80.0,80.0,88.9,0.9,1,80.0,0,0,,0,0.0,0.0,2.0,-2.0,-2.25,-2.25
Türkiye,İsmail Yüksek,MF,27.380561259411362,1.0,80.0,80.0,88.9,0.9,1,80.0,0,0,,0,0.0,0.0,2.0,-2.0,-2.25,-2.25
Türkiye,Orkun Kökçü,MF,25.45722108145106,1.0,61.0,61.0,67.8,0.7,1,61.0,0,0,,0,0.0,0.0,1.0,-1.0,-1.48,1.63
Türkiye,Barış Alper Yılmaz,MF,26.060232717316907,1.0,45.0,45.0,50.0,0.5,1,45.0,0,0,,0,0.0,0.0,1.0,-1.0,-2.0,0.0
Türkiye,Kenan Yıldız,"FW,MF",21.112251882272417,1.0,45.0,45.0,50.0,0.5,0,,0,1,45.0,0,0.0,0.0,1.0,-1.0,-2.0,0.0
Türkiye,Yunus Akgün,MF,25.93634496919918,1.0,29.0,29.0,32.2,0.3,0,,0,1,29.0,0,0.0,0.0,1.0,-1.0,-3.1,-1.63
Türkiye,Mert Müldür,DF,27.197125256673512,1.0,10.0,10.0,11.1,0.1,0,,0,1,10.0,0,0.0,0.0,0.0,0.0,0.0,2.25
Türkiye,Salih Özcan,MF,28.421629021218344,1.0,10.0,10.0,11.1,0.1,0,,0,1,10.0,0,0.0,0.0,0.0,0.0,0.0,2.25
Türkiye,Deniz Gül,FW,21.95003422313484,1.0,6.0,6.0,6.7,0.1,0,,0,1,6.0,0,0.0,0.0,0.0,0.0,0.0,2.14
Türkiye,Samet Akaydın,DF,32.25462012320329,0.0,,,,,0,,0,0,,1,,,,,,
Türkiye,Oğuz Aydın,MF,25.629705681040384,0.0,,,,,0,,0,0,,1,,,,,,
Türkiye,Kaan Ayhan,"DF,MF",31.591375770020534,0.0,,,,,0,,0,0,,1,,,,,,
Türkiye,Altay Bayındır,GK,28.16700889801506,0.0,,,,,0,,0,0,,1,,,,,,
Türkiye,İrfan Can Kahveci,MF,30.914442162902123,0.0,,,,,0,,0,0,,1,,,,,,
Türkiye,Eren Elmalı,DF,25.93634496919918,0.0,,,,,0,,0,0,,1,,,,,,
Türkiye,Mert Günok,GK,37.28747433264887,0.0,,,,,0,,0,0,,1,,,,,,
Türkiye,Ozan Kabak,DF,26.2217659137577,0.0,,,,,0,,0,0,,1,,,,,,
Türkiye,Çağlar Söyüncü,DF,30.060232717316907,0.0,,,,,0,,0,0,,1,,,,,,
Türkiye,Can Uzun,MF,20.588637919233403,0.0,,,,,0,,0,0,,1,,,,,,
United States,Tyler Adams,MF,27.32854209445585,,90.0,90.0,100.0,1.0,1,90.0,1,0,,0,3.0,4.0,1.0,3.0,3.0,
United States,Alex Freeman,DF,21.84599589322382,,90.0,90.0,100.0,1.0,1,90.0,1,0,,0,3.0,4.0,1.0,3.0,3.0,
United States,Matt Freese,GK,27.78028747433265,,90.0,90.0,100.0,1.0,1,90.0,1,0,,0,3.0,4.0,1.0,3.0,3.0,
United States,Weston McKennie,MF,27.79397672826831,,90.0,90.0,100.0,1.0,1,90.0,1,0,,0,3.0,4.0,1.0,3.0,3.0,
United States,Tim Ream,DF,38.68993839835729,,90.0,90.0,100.0,1.0,1,90.0,1,0,,0,3.0,4.0,1.0,3.0,3.0,
United States,Chris Richards,DF,26.213552361396303,,90.0,90.0,100.0,1.0,1,90.0,1,0,,0,3.0,4.0,1.0,3.0,3.0,
United States,Antonee Robinson,DF,28.84873374401095,,90.0,90.0,100.0,1.0,1,90.0,1,0,,0,3.0,4.0,1.0,3.0,3.0,
United States,Malik Tillman,MF,24.046543463381244,,81.0,81.0,90.0,0.9,1,81.0,0,0,,0,3.0,3.0,1.0,2.0,2.22,-7.78
United States,Folarin Balogun,FW,24.947296372347708,,71.0,71.0,78.9,0.8,1,71.0,0,0,,0,3.0,3.0,0.0,3.0,3.8,3.8
United States,Sergiño Dest,MF,25.61054072553046,,71.0,71.0,78.9,0.8,1,71.0,0,0,,0,3.0,3.0,0.0,3.0,3.8,3.8
United States,Christian Pulisic,MF,27.736481861738536,,45.0,45.0,50.0,0.5,1,45.0,0,0,,0,3.0,3.0,0.0,3.0,6.0,6.0
United States,Sebastian Berhalter,MF,25.095824777549623,,45.0,45.0,50.0,0.5,0,,0,1,45.0,0,3.0,1.0,1.0,0.0,0.0,-6.0
United States,Ricardo Pepi,FW,23.427104722792606,,19.0,19.0,21.1,0.2,0,,0,1,19.0,0,3.0,1.0,1.0,0.0,0.0,-3.8
United States,Timothy Weah,"DF,FW",26.306639288158795,,19.0,19.0,21.1,0.2,0,,0,1,19.0,0,3.0,1.0,1.0,0.0,0.0,-3.8
United States,Gio Reyna,MF,23.583162217659137,,9.0,9.0,10.0,0.1,0,,0,1,9.0,0,3.0,1.0,0.0,1.0,10.0,7.78
United States,Brenden Aaronson,"FW,MF",25.643394934976044,,,,,,0,,0,0,,1,,,,,,
United States,Max Arfsten,MF,25.1533196440794,,,,,,0,,0,0,,1,,,,,,
United States,Chris Brady,GK,22.281998631074607,,,,,,0,,0,0,,1,,,,,,
United States,Mark McKenzie,DF,27.298425735797398,,,,,,0,,0,0,,1,,,,,,
United States,Miles Robinson,DF,29.251882272416154,,,,,,0,,0,0,,1,,,,,,
United States,Cristian Roldan,MF,31.030116358658454,,,,,,0,,0,0,,1,,,,,,
United States,Joe Scally,"DF,MF",23.451745379876797,,,,,,0,,0,0,,1,,,,,,
United States,Auston Trusty,DF,27.83778234086242,,,,,,0,,0,0,,1,,,,,,
United States,Matt Turner,GK,31.971937029431896,,,,,,0,,0,0,,1,,,,,,
United States,Haji Wright,"FW,MF",28.216290212183434,,,,,,0,,0,0,,1,,,,,,
United States,Alejandro Zendejas,"FW,MF",28.347707049965777,,,,,,0,,0,0,,1,,,,,,
