column,q1,q3,iqr,lower_bound,upper_bound,outlier_count,outlier_percentage
Altura,1.78,1.88,0.09999999999999987,1.6300000000000003,2.03,3,0.03484320557491289
Dias_Baja,8.0,33.0,25.0,-29.5,70.5,819,9.511090465683427
Partidos_Perdidos,1.0,6.0,5.0,-6.5,13.5,646,8.028834203330849
prior_injuries,2.0,10.0,8.0,-10.0,22.0,301,3.495528974567414
prior_days_out,32.5,248.0,215.5,-290.75,571.25,386,4.48263848565788
days_since_last_injury,15.0,249.0,234.0,-336.0,600.0,639,8.420081697193305
will_be_injured_next_6months,0.0,1.0,1.0,-1.5,2.5,0,0.0
#,6.0,19.0,13.0,-13.5,38.5,0,0.0
Age,26.1807,31.7584,5.5777,17.81415,40.12495,102,1.184531413308559
MarketValue_EUR,2800000.0,28000000.0,25200000.0,-35000000.0,65800000.0,679,7.898103989763872
MP,0.0,1.0,1.0,-1.5,2.5,0,0.0
Playing Time_Starts,0.0,1.0,1.0,-1.5,2.5,0,0.0
Playing Time_Min,0.0,90.0,90.0,-135.0,225.0,0,0.0
Playing Time_90s,0.5,1.0,0.5,-0.25,1.75,0,0.0
Performance_Gls,0.0,0.0,0.0,0.0,0.0,146,5.736738703339882
Performance_Ast,0.0,0.0,0.0,0.0,0.0,82,3.2220039292730847
Performance_G+A,0.0,0.0,0.0,0.0,0.0,228,8.958742632612966
Performance_G-PK,0.0,0.0,0.0,0.0,0.0,131,5.147347740667977
Performance_PK,0.0,0.0,0.0,0.0,0.0,15,0.5893909626719057
Performance_PKatt,0.0,0.0,0.0,0.0,0.0,15,0.5893909626719057
Performance_CrdY,0.0,0.0,0.0,0.0,0.0,153,6.011787819253438
Performance_CrdR,0.0,0.0,0.0,0.0,0.0,16,0.6286836935166994
Per 90 Minutes_Gls,0.0,0.0,0.0,0.0,0.0,146,8.880778588807786
Per 90 Minutes_Ast,0.0,0.0,0.0,0.0,0.0,82,4.987834549878346
Per 90 Minutes_G+A,0.0,0.0,0.0,0.0,0.0,228,13.86861313868613
Per 90 Minutes_G-PK,0.0,0.0,0.0,0.0,0.0,131,7.968369829683699
Per 90 Minutes_G+A-PK,0.0,0.0,0.0,0.0,0.0,213,12.956204379562045
90s,0.5,1.0,0.5,-0.25,1.75,0,0.0
Standard_Gls,0.0,0.0,0.0,0.0,0.0,146,8.880778588807786
Standard_Sh,0.0,2.0,2.0,-3.0,5.0,31,1.8856447688564477
Standard_SoT,0.0,1.0,1.0,-1.5,2.5,18,1.094890510948905
Standard_SoT%,0.0,50.0,50.0,-75.0,125.0,0,0.0
Standard_Sh/90,0.0,2.0,2.0,-3.0,5.0,161,9.793187347931873
Standard_SoT/90,0.0,1.0,1.0,-1.5,2.5,103,6.265206812652069
Standard_G/Sh,0.0,0.0,0.0,0.0,0.0,131,7.968369829683699
Standard_G/SoT,0.0,0.0,0.0,0.0,0.0,131,7.968369829683699
Standard_PK,0.0,0.0,0.0,0.0,0.0,15,0.9124087591240875
Standard_PKatt,0.0,0.0,0.0,0.0,0.0,15,0.9124087591240875
Performance_2CrdY,0.0,0.0,0.0,0.0,0.0,0,0.0
Performance_Fls,0.0,1.0,1.0,-1.5,2.5,155,9.428223844282238
Performance_Fld,0.0,1.0,1.0,-1.5,2.5,172,10.46228710462287
Performance_Off,0.0,0.0,0.0,0.0,0.0,92,5.59610705596107
Performance_Crs,0.0,2.0,2.0,-3.0,5.0,88,5.35279805352798
Performance_Int,0.0,1.0,1.0,-1.5,2.5,24,1.4598540145985401
Performance_TklW,0.0,1.0,1.0,-1.5,2.5,89,5.413625304136254
Performance_PKwon,0.0,0.0,0.0,0.0,0.0,0,0.0
Performance_PKcon,0.0,0.0,0.0,0.0,0.0,0,0.0
Performance_OG,0.0,0.0,0.0,0.0,0.0,5,0.30413625304136255
Playing Time_Mn/MP,0.0,90.0,90.0,-135.0,225.0,0,0.0
Playing Time_Min%,50.0,100.0,50.0,-25.0,175.0,0,0.0
Starts,0.0,1.0,1.0,-1.5,2.5,0,0.0
Starts_Mn/Start,0.0,90.0,90.0,-135.0,225.0,0,0.0
Starts_Compl,0.0,1.0,1.0,-1.5,2.5,0,0.0
Subs,0.0,0.0,0.0,0.0,0.0,449,17.642436149312378
Subs_Mn/Sub,0.0,0.0,0.0,0.0,0.0,449,17.642436149312378
Subs_unSub,0.0,1.0,1.0,-1.5,2.5,0,0.0
Team Success_PPM,0.0,3.0,3.0,-4.5,7.5,0,0.0
Team Success_onG,0.0,1.0,1.0,-1.5,2.5,120,4.715127701375246
Team Success_onGA,0.0,1.0,1.0,-1.5,2.5,66,2.593320235756385
Team Success_+/-,-1.0,1.0,2.0,-4.0,4.0,0,0.0
Team Success_+/-90,-1.0,1.0,2.0,-4.0,4.0,140,8.51581508515815
Team Success_On-Off,-2.17,2.25,4.42,-8.8,8.879999999999999,41,4.213771839671121
GK_Playing Time_Starts,1.0,1.0,0.0,1.0,1.0,0,0.0
GK_Playing Time_Min,90.0,90.0,0.0,90.0,90.0,0,0.0
GK_Playing Time_90s,1.0,1.0,0.0,1.0,1.0,0,0.0
GK_Performance_GA,1.0,1.0,0.0,1.0,1.0,25,28.40909090909091
GK_Performance_GA90,1.0,1.0,0.0,1.0,1.0,25,28.40909090909091
GK_Performance_SoTA,3.0,4.0,1.0,1.5,5.5,6,6.8181818181818175
GK_Performance_Saves,2.0,3.0,1.0,0.5,4.5,4,4.545454545454546
GK_Performance_Save%,50.0,75.0,25.0,12.5,112.5,2,2.272727272727273
GK_Performance_W,0.0,0.0,0.0,0.0,0.0,6,6.8181818181818175
GK_Performance_D,0.0,1.0,1.0,-1.5,2.5,0,0.0
GK_Performance_L,0.0,1.0,1.0,-1.5,2.5,0,0.0
GK_Performance_CS,0.0,0.0,0.0,0.0,0.0,4,4.545454545454546
GK_Performance_CS%,0.0,0.0,0.0,0.0,0.0,4,4.545454545454546
GK_Penalty Kicks_PKatt,0.0,0.0,0.0,0.0,0.0,0,0.0
GK_Penalty Kicks_PKA,0.0,0.0,0.0,0.0,0.0,0,0.0
GK_Penalty Kicks_PKsv,0.0,0.0,0.0,0.0,0.0,0,0.0
GK_Penalty Kicks_PKm,0.0,0.0,0.0,0.0,0.0,0,0.0
MP_allcomps,6.0,20.0,14.0,-15.0,41.0,55,0.6467544684854186
Playing Time_Starts_allcomps,4.0,16.0,12.0,-14.0,34.0,120,1.4111006585136407
Playing Time_90s_allcomps,1.6666666666666667,4.833333333333333,3.166666666666666,-3.083333333333332,9.583333333333332,355,4.226190476190476
Performance_Gls_allcomps,0.0,4.0,4.0,-6.0,10.0,385,4.52728127939793
Performance_Ast_allcomps,0.0,2.0,2.0,-3.0,5.0,959,11.277046095954844
Performance_G+A_allcomps,0.0,6.0,6.0,-9.0,15.0,461,5.420978363123236
Performance_G-PK_allcomps,0.0,2.0,2.0,-3.0,5.0,1191,14.005174035747883
Performance_PK_allcomps,0.0,0.0,0.0,0.0,0.0,722,8.490122295390405
Performance_PKatt_allcomps,0.0,0.0,0.0,0.0,0.0,851,10.007055503292568
Performance_CrdY_allcomps,0.0,2.0,2.0,-3.0,5.0,464,5.456255879586077
Performance_CrdR_allcomps,0.0,0.0,0.0,0.0,0.0,269,3.1632173095014116
Per 90 Minutes_Gls_allcomps,0.0,0.32,0.32,-0.48,0.8,634,7.5476190476190474
Per 90 Minutes_Ast_allcomps,0.0,0.2266666666666666,0.2266666666666666,-0.3399999999999999,0.5666666666666665,449,5.345238095238095
Per 90 Minutes_G+A_allcomps,0.0,0.5825,0.5825,-0.87375,1.45625,289,3.4404761904761902
Per 90 Minutes_G-PK_allcomps,0.0,0.2875,0.2875,-0.43124999999999997,0.71875,642,7.642857142857143
Per 90 Minutes_G+A-PK_allcomps,0.0,0.53,0.53,-0.795,1.3250000000000002,366,4.357142857142858
90s_allcomps,1.6666666666666667,4.833333333333333,3.166666666666666,-3.083333333333332,9.583333333333332,355,4.226190476190476
Standard_Gls_allcomps,0.0,4.0,4.0,-6.0,10.0,385,4.583333333333333
Standard_Sh_allcomps,0.0,10.0,10.0,-15.0,25.0,959,11.416666666666666
Standard_SoT_allcomps,0.0,4.0,4.0,-6.0,10.0,801,9.535714285714286
Standard_SoT%_allcomps,11.1,50.0,38.9,-47.24999999999999,108.35,0,0.0
Standard_Sh/90_allcomps,0.21,2.31,2.1,-2.9400000000000004,5.460000000000001,342,5.3866750669396755
Standard_SoT/90_allcomps,0.0,0.89,0.89,-1.335,2.225,365,5.748936840447315
Standard_G/Sh_allcomps,0.0,0.22,0.22,-0.33,0.55,900,10.714285714285714
Standard_G/SoT_allcomps,0.0,0.5,0.5,-0.75,1.25,990,11.785714285714285
Standard_PK_allcomps,0.0,0.0,0.0,0.0,0.0,722,8.595238095238095
Standard_PKatt_allcomps,0.0,0.0,0.0,0.0,0.0,851,10.130952380952381
Performance_2CrdY_allcomps,0.0,0.0,0.0,0.0,0.0,46,0.5476190476190477
Performance_Fls_allcomps,0.0,10.0,10.0,-15.0,25.0,533,6.345238095238096
Performance_Fld_allcomps,0.0,8.0,8.0,-12.0,20.0,835,9.94047619047619
Performance_Off_allcomps,0.0,0.0,0.0,0.0,0.0,1793,21.345238095238095
Performance_Crs_allcomps,0.0,10.0,10.0,-15.0,25.0,1109,13.20238095238095
Performance_Int_allcomps,0.0,6.0,6.0,-9.0,15.0,579,6.892857142857142
Performance_TklW_allcomps,0.0,8.0,8.0,-12.0,20.0,445,5.2976190476190474
Performance_PKwon_allcomps,0.0,0.0,0.0,0.0,0.0,0,0.0
Performance_PKcon_allcomps,0.0,0.0,0.0,0.0,0.0,0,0.0
Performance_OG_allcomps,0.0,0.0,0.0,0.0,0.0,90,1.0714285714285714
Playing Time_Mn/MP_allcomps,130.0,227.0,97.0,-15.5,372.5,29,0.34101599247412984
Playing Time_Min%_allcomps,25.0,61.4,36.4,-29.599999999999994,116.0,0,0.0
Starts_allcomps,4.0,16.0,12.0,-14.0,34.0,120,1.4111006585136407
Starts_Mn/Start_allcomps,159.0,247.0,88.0,27.0,379.0,799,9.395578551269992
Starts_Compl_allcomps,0.0,8.0,8.0,-12.0,20.0,368,4.327375352775165
Subs_allcomps,0.0,6.0,6.0,-9.0,15.0,198,2.328316086547507
Subs_Mn/Sub_allcomps,0.0,80.0,80.0,-120.0,200.0,0,0.0
Subs_unSub_allcomps,0.0,6.0,6.0,-9.0,15.0,258,3.0338664158043276
Team Success_PPM_allcomps,1.71,2.5500000000000003,0.8400000000000003,0.4499999999999995,3.8100000000000005,116,1.380952380952381
Team Success_onG_allcomps,10.0,34.0,24.0,-26.0,70.0,78,0.9172154280338664
Team Success_onGA_allcomps,2.0,12.0,10.0,-13.0,27.0,241,2.8339604891815617
Team Success_+/-_allcomps,1.3333333333333333,7.333333333333333,6.0,-7.666666666666667,16.333333333333332,251,2.988095238095238
Team Success_+/-90_allcomps,0.5,2.0733333333333333,1.5733333333333333,-1.8599999999999999,4.433333333333334,344,4.095238095238096
Team Success_On-Off_allcomps,-0.7600000000000001,0.9766666666666668,1.7366666666666668,-3.3650000000000007,3.581666666666667,502,5.9826004051960435
Performance_GA_allcomps,2.0,16.0,14.0,-19.0,37.0,0,0.0
Performance_GA90_allcomps,0.2766666666666666,1.1275,0.8508333333333333,-0.9995833333333335,2.40375,6,1.1049723756906076
Performance_SoTA_allcomps,0.0,32.0,32.0,-48.0,80.0,13,2.394106813996317
Performance_Saves_allcomps,0.0,20.0,20.0,-30.0,50.0,46,8.47145488029466
Performance_Save%_allcomps,56.7,77.86666666666666,21.166666666666657,24.950000000000017,109.61666666666665,5,1.3774104683195594
Performance_W_allcomps,2.0,12.0,10.0,-13.0,27.0,0,0.0
Performance_D_allcomps,0.0,4.0,4.0,-6.0,10.0,14,2.578268876611418
Performance_L_allcomps,0.0,4.0,4.0,-6.0,10.0,0,0.0
Performance_CS_allcomps,2.0,8.0,6.0,-7.0,17.0,39,7.18232044198895
Performance_CS%_allcomps,19.425,72.36666666666666,52.94166666666666,-59.9875,151.77916666666664,13,2.6262626262626263
Penalty Kicks_PKatt_allcomps,0.0,2.0,2.0,-3.0,5.0,3,0.5524861878453038
Penalty Kicks_PKA_allcomps,0.0,0.0,0.0,0.0,0.0,100,18.41620626151013
Penalty Kicks_PKsv_allcomps,0.0,0.0,0.0,0.0,0.0,27,4.972375690607735
Penalty Kicks_PKm_allcomps,0.0,0.0,0.0,0.0,0.0,24,4.41988950276243
Penalty Kicks_Save%_allcomps,0.0,0.0,0.0,0.0,0.0,27,21.428571428571427
injury_count_last_12m,1.0,4.0,3.0,-3.5,8.5,288,3.3445592846359307
total_days_out_last_12m,22.0,96.0,74.0,-89.0,207.0,581,6.747183834630125
avg_recovery_time,11.0,32.47222222222222,21.47222222222222,-21.20833333333333,64.68055555555554,635,7.374288700499361
months_since_last_injury,0.4927726675427069,8.180026281208935,7.687253613666228,-11.038107752956634,19.710906701708275,638,8.406904730531032
injury_frequency,0.8474477958236658,3.3698722953845652,2.5224244995608993,-2.936188953517683,7.153509044725914,564,6.54976193241203
injury_severity_score,2.0,3.0,1.0,0.5,4.5,447,5.191034723028684
