Country,squad_avg_age,squad_median_age,squad_total_market_value,squad_avg_market_value,squad_injury_burden,squad_total_injuries,squad_depth_GK,squad_depth_DF,squad_depth_MF,squad_depth_FW,squad_total_wc_goals,squad_avg_wc_goals,squad_total_wc_assists,squad_total_allcomps_goals,squad_total_allcomps_assists,group_rank,group_matches_played,group_wins,group_draws,group_losses,group_goals_for,group_goals_against,group_goals_difference,group_points,group_last_5_form,group_notes
Algeria,26.85683846153846,26.3491,256900000.0,9880769.23076923,5165,162,3,9,15,8,0.0,,0.0,58.0,40.0,,,,,,,,,,,
Argentina,29.052276923076924,28.1807,818500000.0,31480769.230769232,14392,643,3,10,15,9,0.0,,0.0,82.0,58.0,,,,,,,,,,,
Australia,27.35921153846154,27.11605,69850000.0,2686538.4615384615,5987,136,3,11,14,4,2.0,0.07692307692307693,1.0,28.0,18.0,2.0,1.0,1.0,0.0,0.0,2.0,0.0,2.0,3.0,L L L D W,
Austria,28.541753846153846,28.814500000000002,282200000.0,10853846.153846154,9343,293,3,11,18,7,0.0,,0.0,56.0,40.0,,,,,,,,,,,
Belgium,27.61451153846154,25.757350000000002,547500000.0,21057692.307692308,6647,236,3,10,16,7,0.0,,0.0,82.0,58.0,,,,,,,,,,,
Bosnia and Herzegovina,26.56395925925926,27.8186,152000000.0,5629629.62962963,4285,132,4,8,10,5,1.0,0.04,1.0,38.0,20.0,4.0,1.0,0.0,1.0,0.0,1.0,1.0,0.0,1.0,D D D D D,
Brazil,29.118233333333336,28.7885,951200000.0,35229629.62962963,15444,538,3,10,15,7,1.0,0.04,1.0,60.0,44.0,1.0,1.0,0.0,1.0,0.0,1.0,1.0,0.0,1.0,,
Brazil,29.118233333333336,28.7885,951200000.0,35229629.62962963,15444,538,3,10,15,7,1.0,0.04,1.0,60.0,44.0,3.0,1.0,0.0,1.0,0.0,1.0,1.0,0.0,1.0,L W W W D,
Cabo Verde,29.6764,29.28885,100000000.0,4000000.0,3522,114,3,9,15,9,0.0,,0.0,44.0,32.0,,,,,,,,,,,
Canada,26.933373076923075,26.6215,201150000.0,7736538.461538462,5029,116,3,9,13,5,1.0,0.04,1.0,8.0,6.0,2.0,1.0,0.0,1.0,0.0,1.0,1.0,0.0,1.0,D D W D D,
Colombia,30.089323076923076,29.70225,273850000.0,10532692.307692308,6110,198,3,9,17,9,0.0,,0.0,56.0,50.0,,,,,,,,,,,
Congo DR,28.97444814814815,29.0739,144900000.0,5366666.666666667,5761,154,3,10,15,8,0.0,,0.0,38.0,30.0,,,,,,,,,,,
Croatia,28.328573076923078,28.26005,387300000.0,14896153.846153846,6196,221,3,8,13,9,0.0,,0.0,54.0,38.0,,,,,,,,,,,
Curaçao,28.02063846153846,27.099600000000002,25775000.0,991346.1538461539,4344,131,3,11,13,10,0.0,,0.0,54.0,46.0,,,,,,,,,,,
Czechia,27.620796153846154,27.073900000000002,188175000.0,7237500.0,5942,193,3,8,12,9,1.0,0.038461538461538464,1.0,44.0,42.0,3.0,1.0,0.0,0.0,1.0,1.0,2.0,-1.0,0.0,,
Czechia,27.620796153846154,27.073900000000002,188175000.0,7237500.0,5942,193,3,8,12,9,1.0,0.038461538461538464,1.0,44.0,42.0,3.0,1.0,0.0,0.0,1.0,1.0,2.0,-1.0,0.0,D D W W L,
Côte d'Ivoire,25.80037037037037,25.2984,496000000.0,19840000.0,3175,126,3,10,14,8,0.0,,0.0,44.0,32.0,,,,,,,,,,,
Ecuador,26.077638461538463,25.68035,367200000.0,14688000.0,3406,127,3,8,15,8,0.0,,0.0,40.0,26.0,,,,,,,,,,,
Egypt,29.07866923076923,28.713549999999998,105600000.0,5557894.736842105,4302,110,4,8,13,5,0.0,,0.0,46.0,32.0,,,,,,,,,,,
England,27.143988461538463,26.2091,1293200000.0,51728000.0,5758,202,3,10,16,10,0.0,,0.0,46.0,28.0,,,,,,,,,,,
France,27.00076153846154,27.26005,1523000000.0,58576923.07692308,11776,526,3,11,16,8,0.0,,0.0,40.0,34.0,,,,,,,,,,,
Germany,27.68555185185185,27.0,1007000000.0,37296296.2962963,13846,602,3,9,21,7,0.0,,0.0,46.0,38.0,,,,,,,,,,,
Ghana,26.975073076923078,26.936700000000002,218750000.0,9510869.56521739,5799,136,3,10,17,9,0.0,,0.0,40.0,26.0,,,,,,,,,,,
Haiti,27.57795,26.6903,55900000.0,2150000.0,2855,75,3,8,13,8,0.0,0.0,0.0,48.0,36.0,4.0,1.0,0.0,0.0,1.0,0.0,1.0,-1.0,0.0,L D W L L,
IR Iran,30.347076923076923,31.3258,29600000.0,1286956.5217391304,3774,114,3,10,12,8,0.0,,0.0,56.0,34.0,,,,,,,,,,,
Iraq,27.06398148148148,25.9747,19925000.0,830208.3333333334,3248,67,3,10,11,5,0.0,,0.0,0.0,0.0,,,,,,,,,,,
Japan,27.749042307692307,27.43535,270850000.0,10417307.692307692,4930,169,3,10,14,12,0.0,,0.0,74.0,62.0,,,,,,,,,,,
Jordan,28.444326923076922,28.87235,7275000.0,404166.6666666667,561,33,3,9,12,6,0.0,,0.0,50.0,32.0,,,,,,,,,,,
Korea Republic,28.121040740740742,28.6543,10000000.0,10000000.0,198,37,3,8,13,9,2.0,0.07692307692307693,2.0,82.0,58.0,2.0,1.0,1.0,0.0,0.0,2.0,1.0,1.0,3.0,L L W W W,
Mexico,27.90078076923077,28.52155,191850000.0,7378846.153846154,3160,103,3,8,14,7,2.0,0.07692307692307693,2.0,18.0,10.0,1.0,1.0,1.0,0.0,0.0,2.0,0.0,2.0,3.0,D W W W W,
Morocco,26.39461153846154,25.756,499200000.0,19200000.0,4750,172,3,10,13,4,1.0,0.041666666666666664,1.0,46.0,34.0,2.0,1.0,0.0,1.0,0.0,1.0,1.0,0.0,1.0,D W W D D,
Netherlands,27.74013846153846,27.09855,804200000.0,30930769.230769232,7533,274,3,11,16,9,0.0,,0.0,58.0,38.0,,,,,,,,,,,
New Zealand,28.117665384615385,27.1191,31800000.0,1325000.0,4867,100,3,9,13,6,0.0,,0.0,58.0,46.0,,,,,,,,,,,
Norway,26.803903846153847,26.954500000000003,589900000.0,22688461.53846154,4540,179,3,12,14,9,0.0,,0.0,76.0,66.0,,,,,,,,,,,
Panama,30.435623076923076,29.8504,27825000.0,1391250.0,3461,84,3,11,13,7,0.0,,0.0,48.0,32.0,,,,,,,,,,,
Paraguay,29.0332,29.67485,142300000.0,5692000.0,3765,136,3,8,10,7,1.0,0.038461538461538464,1.0,42.0,26.0,4.0,1.0,0.0,0.0,1.0,1.0,4.0,-3.0,0.0,W W L W L,
Portugal,28.035065384615386,26.8641,1002000000.0,40080000.0,5446,228,3,9,20,9,0.0,,0.0,52.0,32.0,,,,,,,,,,,
Qatar,29.507511538461536,29.59825,26475000.0,1203409.0909090908,2513,58,3,8,8,9,1.0,0.038461538461538464,1.0,52.0,42.0,2.0,1.0,0.0,1.0,0.0,1.0,1.0,0.0,1.0,,
Qatar,29.507511538461536,29.59825,26475000.0,1203409.0909090908,2513,58,3,8,8,9,1.0,0.038461538461538464,1.0,52.0,42.0,3.0,1.0,0.0,1.0,0.0,1.0,1.0,0.0,1.0,D W L D D,
Saudi Arabia,28.51784615384615,27.116,28275000.0,1488157.894736842,2226,70,3,11,12,5,0.0,,0.0,44.0,22.0,,,,,,,,,,,
Scotland,29.03477037037037,29.9117,189750000.0,7027777.777777778,11239,218,3,11,11,6,1.0,0.038461538461538464,0.0,42.0,26.0,1.0,1.0,1.0,0.0,0.0,1.0,0.0,1.0,3.0,L L W W W,
Senegal,27.087242307692307,26.6913,478100000.0,18388461.53846154,4438,163,3,9,14,9,0.0,,0.0,52.0,26.0,,,,,,,,,,,
South Africa,26.80726153846154,25.892850000000003,49250000.0,1894230.7692307692,1595,47,3,11,10,4,0.0,0.0,0.0,28.0,22.0,4.0,1.0,0.0,0.0,1.0,0.0,2.0,-2.0,0.0,L D L D L,
Spain,26.747146153846153,27.047600000000003,1192800000.0,47712000.0,6848,228,3,9,19,8,0.0,,0.0,52.0,36.0,,,,,,,,,,,
Sweden,27.502011111111113,27.6379,416075000.0,15410185.185185185,4398,162,3,9,17,8,0.0,,0.0,24.0,18.0,,,,,,,,,,,
Switzerland,28.307250000000003,28.916150000000002,332500000.0,12788461.538461538,7800,292,3,9,15,6,1.0,0.038461538461538464,0.0,44.0,34.0,1.0,1.0,0.0,1.0,0.0,1.0,1.0,0.0,1.0,L D W D D,
Tunisia,26.644653846153844,26.87645,69400000.0,2776000.0,2481,119,3,11,12,7,0.0,,0.0,22.0,16.0,,,,,,,,,,,
Türkiye,27.672396153846154,27.5051,473700000.0,18219230.769230768,5702,290,3,10,12,3,0.0,0.0,0.0,46.0,36.0,4.0,1.0,0.0,0.0,1.0,0.0,2.0,-2.0,0.0,,
Türkiye,27.672396153846154,27.5051,473700000.0,18219230.769230768,5702,290,3,10,12,3,0.0,0.0,0.0,46.0,36.0,3.0,1.0,0.0,0.0,1.0,0.0,2.0,-2.0,0.0,W W W W L,
USA,26.904830769230767,26.7943,385650000.0,14832692.307692308,6700,201,3,9,13,6,3.0,0.11538461538461539,3.0,16.0,14.0,1.0,1.0,1.0,0.0,0.0,4.0,1.0,3.0,3.0,L L W L W,
Uruguay,28.741980769230768,27.841900000000003,364800000.0,14030769.23076923,7055,277,3,11,13,10,0.0,,0.0,42.0,34.0,,,,,,,,,,,
Uzbekistan,28.51142692307692,28.95995,73525000.0,3676250.0,1922,52,3,10,12,6,0.0,,0.0,46.0,40.0,,,,,,,,,,,
