player,position,age,mp,starts,minutes,gls,ast,crdY,crdR,team,archivo_origen,number,club,birth_date,min,city_id,latitude,longitude,altitude_meters,id,team_name,league,matches_played,shots,goals,xg_for,fifa_code,iso2_code,city_name,country,venue_name,region_cluster,airport_code,match_number,home_team_id,away_team_id,stage_id,kickoff_at,match_label,birth_place,stadium_id,stadium_name,filename,group_letter,is_placeholder,nationality_name,nation_team_id,stage_name,stage_order,group,rank,w,d,l,gf,ga,gd,pts,last_5,team_code
Nicolás Otamendi,DF,38,20.0,20.0,1662.0,4.0,0.0,2.0,1.0,Argentina,argentina_all_competitions_2026.csv,,,,,,,,,,,,,,,,,,,,,,,,,,,,,,,,,,,,,,,,,,,,,,,,,
Emiliano Martínez,GK,33,18.0,18.0,1603.0,0.0,0.0,0.0,0.0,Argentina,argentina_all_competitions_2026.csv,,,,,,,,,,,,,,,,,,,,,,,,,,,,,,,,,,,,,,,,,,,,,,,,,
Rodrigo De Paul,MF,32,21.0,17.0,1526.0,0.0,2.0,2.0,0.0,Argentina,argentina_all_competitions_2026.csv,,,,,,,,,,,,,,,,,,,,,,,,,,,,,,,,,,,,,,,,,,,,,,,,,
Cristian Romero,DF,28,19.0,17.0,1513.0,0.0,0.0,4.0,0.0,Argentina,argentina_all_competitions_2026.csv,,,,,,,,,,,,,,,,,,,,,,,,,,,,,,,,,,,,,,,,,,,,,,,,,
Enzo Fernández,MF,25,19.0,17.0,1468.0,3.0,3.0,2.0,1.0,Argentina,argentina_all_competitions_2026.csv,,,,,,,,,,,,,,,,,,,,,,,,,,,,,,,,,,,,,,,,,,,,,,,,,
Julián Álvarez,FW,26,20.0,18.0,1439.0,5.0,3.0,1.0,0.0,Argentina,argentina_all_competitions_2026.csv,,,,,,,,,,,,,,,,,,,,,,,,,,,,,,,,,,,,,,,,,,,,,,,,,
Nahuel Molina,DF,28,18.0,16.0,1418.0,0.0,2.0,1.0,0.0,Argentina,argentina_all_competitions_2026.csv,,,,,,,,,,,,,,,,,,,,,,,,,,,,,,,,,,,,,,,,,,,,,,,,,
Nicolás Tagliafico,DF,33,17.0,16.0,1344.0,1.0,1.0,3.0,0.0,Argentina,argentina_all_competitions_2026.csv,,,,,,,,,,,,,,,,,,,,,,,,,,,,,,,,,,,,,,,,,,,,,,,,,
Alexis Mac Allister,MF,27,18.0,15.0,1241.0,2.0,1.0,1.0,0.0,Argentina,argentina_all_competitions_2026.csv,,,,,,,,,,,,,,,,,,,,,,,,,,,,,,,,,,,,,,,,,,,,,,,,,
Lionel Messi,FW,38,15.0,11.0,1100.0,10.0,3.0,0.0,0.0,Argentina,argentina_all_competitions_2026.csv,,,,,,,,,,,,,,,,,,,,,,,,,,,,,,,,,,,,,,,,,,,,,,,,,
Lautaro Martínez,FW,28,16.0,9.0,845.0,5.0,2.0,3.0,0.0,Argentina,argentina_all_competitions_2026.csv,,,,,,,,,,,,,,,,,,,,,,,,,,,,,,,,,,,,,,,,,,,,,,,,,
Nicolás González,FW,28,15.0,9.0,836.0,2.0,3.0,0.0,1.0,Argentina,argentina_all_competitions_2026.csv,,,,,,,,,,,,,,,,,,,,,,,,,,,,,,,,,,,,,,,,,,,,,,,,,
Thiago Almada,MF,25,11.0,9.0,718.0,4.0,3.0,1.0,0.0,Argentina,argentina_all_competitions_2026.csv,,,,,,,,,,,,,,,,,,,,,,,,,,,,,,,,,,,,,,,,,,,,,,,,,
Leandro Paredes,MF,31,15.0,7.0,605.0,0.0,0.0,2.0,0.0,Argentina,argentina_all_competitions_2026.csv,,,,,,,,,,,,,,,,,,,,,,,,,,,,,,,,,,,,,,,,,,,,,,,,,
Giuliano Simeone,MF,23,11.0,5.0,482.0,2.0,0.0,0.0,0.0,Argentina,argentina_all_competitions_2026.csv,,,,,,,,,,,,,,,,,,,,,,,,,,,,,,,,,,,,,,,,,,,,,,,,,
Giovani Lo Celso,MF,30,11.0,4.0,358.0,0.0,2.0,1.0,0.0,Argentina,argentina_all_competitions_2026.csv,,,,,,,,,,,,,,,,,,,,,,,,,,,,,,,,,,,,,,,,,,,,,,,,,
Exequiel Palacios,MF,27,12.0,3.0,350.0,0.0,3.0,1.0,0.0,Argentina,argentina_all_competitions_2026.csv,,,,,,,,,,,,,,,,,,,,,,,,,,,,,,,,,,,,,,,,,,,,,,,,,
Leonardo Balerdi,DF,27,7.0,3.0,330.0,0.0,0.0,1.0,0.0,Argentina,argentina_all_competitions_2026.csv,,,,,,,,,,,,,,,,,,,,,,,,,,,,,,,,,,,,,,,,,,,,,,,,,
Gonzalo Montiel,DF,29,7.0,4.0,299.0,0.0,0.0,1.0,0.0,Argentina,argentina_all_competitions_2026.csv,,,,,,,,,,,,,,,,,,,,,,,,,,,,,,,,,,,,,,,,,,,,,,,,,
Gerónimo Rulli,GK,34,3.0,3.0,270.0,0.0,0.0,0.0,0.0,Argentina,argentina_all_competitions_2026.csv,,,,,,,,,,,,,,,,,,,,,,,,,,,,,,,,,,,,,,,,,,,,,,,,,
Lisandro Martínez,DF,28,5.0,4.0,266.0,0.0,0.0,1.0,0.0,Argentina,argentina_all_competitions_2026.csv,,,,,,,,,,,,,,,,,,,,,,,,,,,,,,,,,,,,,,,,,,,,,,,,,
Facundo Medina,DF,27,6.0,2.0,240.0,0.0,0.0,1.0,0.0,Argentina,argentina_all_competitions_2026.csv,,,,,,,,,,,,,,,,,,,,,,,,,,,,,,,,,,,,,,,,,,,,,,,,,
Nicolás Paz,MF,21,7.0,3.0,218.0,1.0,1.0,0.0,0.0,Argentina,argentina_all_competitions_2026.csv,,,,,,,,,,,,,,,,,,,,,,,,,,,,,,,,,,,,,,,,,,,,,,,,,
Marcos Acuña,DF,34,6.0,2.0,196.0,0.0,0.0,0.0,0.0,Argentina,argentina_all_competitions_2026.csv,,,,,,,,,,,,,,,,,,,,,,,,,,,,,,,,,,,,,,,,,,,,,,,,,
Ángel Di María,FW,38,4.0,1.0,170.0,0.0,2.0,0.0,0.0,Argentina,argentina_all_competitions_2026.csv,,,,,,,,,,,,,,,,,,,,,,,,,,,,,,,,,,,,,,,,,,,,,,,,,
Valentín Barco,DF,21,3.0,2.0,127.0,2.0,0.0,2.0,0.0,Argentina,argentina_all_competitions_2026.csv,,,,,,,,,,,,,,,,,,,,,,,,,,,,,,,,,,,,,,,,,,,,,,,,,
Thiago Almada,FW,25,,,,,,,,,argentina_world_cup_roster_2026.csv,16.0,Atlético Madrid,2001-04-26,,,,,,,,,,,,,,,,,,,,,,,,,,,,,,,,,,,,,,,,,,,,,,
Julián Álvarez,FW,26,,,,,,,,,argentina_world_cup_roster_2026.csv,9.0,Atlético Madrid,2000-01-31,,,,,,,,,,,,,,,,,,,,,,,,,,,,,,,,,,,,,,,,,,,,,,
Leonardo Balerdi,DF,27,,,,,,,,,argentina_world_cup_roster_2026.csv,,Marseille,1999-01-26,,,,,,,,,,,,,,,,,,,,,,,,,,,,,,,,,,,,,,,,,,,,,,
Valentín Barco,DF,21,,,,,,,,,argentina_world_cup_roster_2026.csv,8.0,Strasbourg,2004-07-23,,,,,,,,,,,,,,,,,,,,,,,,,,,,,,,,,,,,,,,,,,,,,,
Rodrigo De Paul,FW,32,,,,,,,,,argentina_world_cup_roster_2026.csv,7.0,Inter Miami,1994-05-24,,,,,,,,,,,,,,,,,,,,,,,,,,,,,,,,,,,,,,,,,,,,,,
Enzo Fernández,MF,25,,,,,,,,,argentina_world_cup_roster_2026.csv,24.0,Chelsea,2001-01-17,,,,,,,,,,,,,,,,,,,,,,,,,,,,,,,,,,,,,,,,,,,,,,
Nicolás González,FW,28,,,,,,,,,argentina_world_cup_roster_2026.csv,15.0,Atlético Madrid,1998-04-06,,,,,,,,,,,,,,,,,,,,,,,,,,,,,,,,,,,,,,,,,,,,,,
Giovani Lo Celso,FW,30,,,,,,,,,argentina_world_cup_roster_2026.csv,11.0,Real Betis,1996-04-09,,,,,,,,,,,,,,,,,,,,,,,,,,,,,,,,,,,,,,,,,,,,,,
Flaco López,FW,25,,,,,,,,,argentina_world_cup_roster_2026.csv,21.0,Palmeiras,2000-12-06,,,,,,,,,,,,,,,,,,,,,,,,,,,,,,,,,,,,,,,,,,,,,,
Alexis Mac Allister,MF,27,,,,,,,,,argentina_world_cup_roster_2026.csv,20.0,Liverpool,1998-12-24,,,,,,,,,,,,,,,,,,,,,,,,,,,,,,,,,,,,,,,,,,,,,,
Emiliano Martínez,GK,33,,,,,,,,,argentina_world_cup_roster_2026.csv,23.0,Aston Villa,1992-09-02,,,,,,,,,,,,,,,,,,,,,,,,,,,,,,,,,,,,,,,,,,,,,,
Lautaro Martínez,FW,28,,,,,,,,,argentina_world_cup_roster_2026.csv,22.0,Inter,1997-08-22,,,,,,,,,,,,,,,,,,,,,,,,,,,,,,,,,,,,,,,,,,,,,,
Lisandro Martínez,DF,28,,,,,,,,,argentina_world_cup_roster_2026.csv,6.0,Manchester Utd,1998-01-18,,,,,,,,,,,,,,,,,,,,,,,,,,,,,,,,,,,,,,,,,,,,,,
Facundo Medina,DF,27,,,,,,,,,argentina_world_cup_roster_2026.csv,25.0,Marseille,1999-05-28,,,,,,,,,,,,,,,,,,,,,,,,,,,,,,,,,,,,,,,,,,,,,,
Lionel Messi,FW,38,,,,,,,,,argentina_world_cup_roster_2026.csv,10.0,Inter Miami,1987-06-24,,,,,,,,,,,,,,,,,,,,,,,,,,,,,,,,,,,,,,,,,,,,,,
Nahuel Molina,DF,28,,,,,,,,,argentina_world_cup_roster_2026.csv,26.0,Atlético Madrid,1998-04-06,,,,,,,,,,,,,,,,,,,,,,,,,,,,,,,,,,,,,,,,,,,,,,
Gonzalo Montiel,DF,29,,,,,,,,,argentina_world_cup_roster_2026.csv,4.0,River Plate,1997-01-01,,,,,,,,,,,,,,,,,,,,,,,,,,,,,,,,,,,,,,,,,,,,,,
Juan Musso,GK,32,,,,,,,,,argentina_world_cup_roster_2026.csv,1.0,Atlético Madrid,1994-05-06,,,,,,,,,,,,,,,,,,,,,,,,,,,,,,,,,,,,,,,,,,,,,,
Nicolás Otamendi,DF,38,,,,,,,,,argentina_world_cup_roster_2026.csv,19.0,Benfica,1988-02-12,,,,,,,,,,,,,,,,,,,,,,,,,,,,,,,,,,,,,,,,,,,,,,
Exequiel Palacios,DF,27,,,,,,,,,argentina_world_cup_roster_2026.csv,14.0,Leverkusen,1998-10-05,,,,,,,,,,,,,,,,,,,,,,,,,,,,,,,,,,,,,,,,,,,,,,
Leandro Paredes,MF,31,,,,,,,,,argentina_world_cup_roster_2026.csv,5.0,Boca Juniors,1994-06-29,,,,,,,,,,,,,,,,,,,,,,,,,,,,,,,,,,,,,,,,,,,,,,
Nicolás Paz,MF,21,,,,,,,,,argentina_world_cup_roster_2026.csv,18.0,Como,2004-09-08,,,,,,,,,,,,,,,,,,,,,,,,,,,,,,,,,,,,,,,,,,,,,,
Cristian Romero,DF,28,,,,,,,,,argentina_world_cup_roster_2026.csv,13.0,Tottenham Hotspur,1998-04-27,,,,,,,,,,,,,,,,,,,,,,,,,,,,,,,,,,,,,,,,,,,,,,
Gerónimo Rulli,GK,34,,,,,,,,,argentina_world_cup_roster_2026.csv,12.0,Marseille,1992-05-20,,,,,,,,,,,,,,,,,,,,,,,,,,,,,,,,,,,,,,,,,,,,,,
Giuliano Simeone,FW,23,,,,,,,,,argentina_world_cup_roster_2026.csv,17.0,Atlético Madrid,2002-12-18,,,,,,,,,,,,,,,,,,,,,,,,,,,,,,,,,,,,,,,,,,,,,,
Nicolás Tagliafico,DF,33,,,,,,,,,argentina_world_cup_roster_2026.csv,3.0,Lyon,1992-08-31,,,,,,,,,,,,,,,,,,,,,,,,,,,,,,,,,,,,,,,,,,,,,,
,,,,,,,,,,,city_geo_data.csv,,,,,1.0,33.749,-84.388,305.0,,,,,,,,,,,,,,,,,,,,,,,,,,,,,,,,,,,,,,,,,
,,,,,,,,,,,city_geo_data.csv,,,,,2.0,42.0654,-71.2661,84.0,,,,,,,,,,,,,,,,,,,,,,,,,,,,,,,,,,,,,,,,,
,,,,,,,,,,,city_geo_data.csv,,,,,3.0,32.7473,-97.0945,184.0,,,,,,,,,,,,,,,,,,,,,,,,,,,,,,,,,,,,,,,,,
,,,,,,,,,,,city_geo_data.csv,,,,,4.0,29.6847,-95.4082,14.0,,,,,,,,,,,,,,,,,,,,,,,,,,,,,,,,,,,,,,,,,
,,,,,,,,,,,city_geo_data.csv,,,,,5.0,39.0489,-94.4839,269.0,,,,,,,,,,,,,,,,,,,,,,,,,,,,,,,,,,,,,,,,,
,,,,,,,,,,,city_geo_data.csv,,,,,6.0,33.9534,-118.3392,40.0,,,,,,,,,,,,,,,,,,,,,,,,,,,,,,,,,,,,,,,,,
,,,,,,,,,,,city_geo_data.csv,,,,,7.0,25.958,-80.2389,2.0,,,,,,,,,,,,,,,,,,,,,,,,,,,,,,,,,,,,,,,,,
,,,,,,,,,,,city_geo_data.csv,,,,,8.0,40.8135,-74.0744,2.0,,,,,,,,,,,,,,,,,,,,,,,,,,,,,,,,,,,,,,,,,
,,,,,,,,,,,city_geo_data.csv,,,,,9.0,39.9008,-75.1675,3.0,,,,,,,,,,,,,,,,,,,,,,,,,,,,,,,,,,,,,,,,,
,,,,,,,,,,,city_geo_data.csv,,,,,10.0,37.4032,-121.9698,12.0,,,,,,,,,,,,,,,,,,,,,,,,,,,,,,,,,,,,,,,,,
,,,,,,,,,,,city_geo_data.csv,,,,,11.0,47.5952,-122.3316,4.0,,,,,,,,,,,,,,,,,,,,,,,,,,,,,,,,,,,,,,,,,
,,,,,,,,,,,city_geo_data.csv,,,,,12.0,43.6332,-79.4186,76.0,,,,,,,,,,,,,,,,,,,,,,,,,,,,,,,,,,,,,,,,,
,,,,,,,,,,,city_geo_data.csv,,,,,13.0,49.2767,-123.112,5.0,,,,,,,,,,,,,,,,,,,,,,,,,,,,,,,,,,,,,,,,,
,,,,,,,,,,,city_geo_data.csv,,,,,14.0,20.6811,-103.4626,1560.0,,,,,,,,,,,,,,,,,,,,,,,,,,,,,,,,,,,,,,,,,
,,,,,,,,,,,city_geo_data.csv,,,,,15.0,19.3029,-99.1505,2240.0,,,,,,,,,,,,,,,,,,,,,,,,,,,,,,,,,,,,,,,,,
,,,,,,,,,,,city_geo_data.csv,,,,,16.0,25.6698,-100.2443,538.0,,,,,,,,,,,,,,,,,,,,,,,,,,,,,,,,,,,,,,,,,
,,,,,,,,,,,fbref_squad_stats.csv,,,,,,,,,1.0,Alavés,La Liga,38.0,146.0,28.0,33.3,,,,,,,,,,,,,,,,,,,,,,,,,,,,,,,,,,
,,,,,,,,,,,fbref_squad_stats.csv,,,,,,,,,2.0,Angers,Ligue 1,34.0,111.0,30.0,35.1,,,,,,,,,,,,,,,,,,,,,,,,,,,,,,,,,,
,,,,,,,,,,,fbref_squad_stats.csv,,,,,,,,,3.0,Arsenal,Premier League,38.0,186.0,67.0,33.7,,,,,,,,,,,,,,,,,,,,,,,,,,,,,,,,,,
,,,,,,,,,,,fbref_squad_stats.csv,,,,,,,,,4.0,Aston Villa,Premier League,38.0,170.0,53.0,35.2,,,,,,,,,,,,,,,,,,,,,,,,,,,,,,,,,,
,,,,,,,,,,,fbref_squad_stats.csv,,,,,,,,,5.0,Atalanta,Serie A,38.0,175.0,50.0,31.1,,,,,,,,,,,,,,,,,,,,,,,,,,,,,,,,,,
,,,,,,,,,,,fbref_squad_stats.csv,,,,,,,,,6.0,Athletic Club,La Liga,38.0,172.0,42.0,33.0,,,,,,,,,,,,,,,,,,,,,,,,,,,,,,,,,,
,,,,,,,,,,,fbref_squad_stats.csv,,,,,,,,,7.0,Atlético Madrid,La Liga,38.0,194.0,58.0,39.0,,,,,,,,,,,,,,,,,,,,,,,,,,,,,,,,,,
,,,,,,,,,,,fbref_squad_stats.csv,,,,,,,,,8.0,Augsburg,Bundesliga,34.0,157.0,45.0,35.3,,,,,,,,,,,,,,,,,,,,,,,,,,,,,,,,,,
,,,,,,,,,,,fbref_squad_stats.csv,,,,,,,,,9.0,Auxerre,Ligue 1,34.0,119.0,30.0,32.7,,,,,,,,,,,,,,,,,,,,,,,,,,,,,,,,,,
,,,,,,,,,,,fbref_squad_stats.csv,,,,,,,,,10.0,Barcelona,La Liga,38.0,225.0,94.0,37.1,,,,,,,,,,,,,,,,,,,,,,,,,,,,,,,,,,
,,,,,,,,,,,fbref_squad_stats.csv,,,,,,,,,11.0,Bayern Munich,Bundesliga,34.0,328.0,119.0,44.3,,,,,,,,,,,,,,,,,,,,,,,,,,,,,,,,,,
,,,,,,,,,,,fbref_squad_stats.csv,,,,,,,,,12.0,Bologna,Serie A,38.0,144.0,47.0,29.4,,,,,,,,,,,,,,,,,,,,,,,,,,,,,,,,,,
,,,,,,,,,,,fbref_squad_stats.csv,,,,,,,,,13.0,Bournemouth,Premier League,38.0,178.0,57.0,33.8,,,,,,,,,,,,,,,,,,,,,,,,,,,,,,,,,,
,,,,,,,,,,,fbref_squad_stats.csv,,,,,,,,,14.0,Brentford,Premier League,38.0,147.0,53.0,36.3,,,,,,,,,,,,,,,,,,,,,,,,,,,,,,,,,,
,,,,,,,,,,,fbref_squad_stats.csv,,,,,,,,,15.0,Brest,Ligue 1,34.0,120.0,42.0,31.6,,,,,,,,,,,,,,,,,,,,,,,,,,,,,,,,,,
,,,,,,,,,,,fbref_squad_stats.csv,,,,,,,,,16.0,Brighton,Premier League,38.0,176.0,51.0,35.6,,,,,,,,,,,,,,,,,,,,,,,,,,,,,,,,,,
,,,,,,,,,,,fbref_squad_stats.csv,,,,,,,,,17.0,Burnley,Premier League,38.0,118.0,35.0,33.2,,,,,,,,,,,,,,,,,,,,,,,,,,,,,,,,,,
,,,,,,,,,,,fbref_squad_stats.csv,,,,,,,,,18.0,Cagliari,Serie A,38.0,132.0,40.0,31.8,,,,,,,,,,,,,,,,,,,,,,,,,,,,,,,,,,
,,,,,,,,,,,fbref_squad_stats.csv,,,,,,,,,19.0,Celta Vigo,La Liga,38.0,153.0,52.0,40.1,,,,,,,,,,,,,,,,,,,,,,,,,,,,,,,,,,
,,,,,,,,,,,fbref_squad_stats.csv,,,,,,,,,20.0,Chelsea,Premier League,38.0,166.0,57.0,32.6,,,,,,,,,,,,,,,,,,,,,,,,,,,,,,,,,,
,,,,,,,,,,,fbref_squad_stats.csv,,,,,,,,,21.0,Como,Serie A,38.0,194.0,64.0,35.3,,,,,,,,,,,,,,,,,,,,,,,,,,,,,,,,,,
,,,,,,,,,,,fbref_squad_stats.csv,,,,,,,,,22.0,Cremonese,Serie A,38.0,125.0,32.0,36.1,,,,,,,,,,,,,,,,,,,,,,,,,,,,,,,,,,
,,,,,,,,,,,fbref_squad_stats.csv,,,,,,,,,23.0,Crystal Palace,Premier League,38.0,141.0,40.0,31.9,,,,,,,,,,,,,,,,,,,,,,,,,,,,,,,,,,
,,,,,,,,,,,fbref_squad_stats.csv,,,,,,,,,24.0,Dortmund,Bundesliga,34.0,163.0,69.0,36.6,,,,,,,,,,,,,,,,,,,,,,,,,,,,,,,,,,
,,,,,,,,,,,fbref_squad_stats.csv,,,,,,,,,25.0,Eintracht Frankfurt,Bundesliga,34.0,157.0,61.0,38.5,,,,,,,,,,,,,,,,,,,,,,,,,,,,,,,,,,
,,,,,,,,,,,fbref_squad_stats.csv,,,,,,,,,26.0,Elche,La Liga,38.0,145.0,47.0,35.4,,,,,,,,,,,,,,,,,,,,,,,,,,,,,,,,,,
,,,,,,,,,,,fbref_squad_stats.csv,,,,,,,,,27.0,Espanyol,La Liga,38.0,158.0,42.0,32.9,,,,,,,,,,,,,,,,,,,,,,,,,,,,,,,,,,
,,,,,,,,,,,fbref_squad_stats.csv,,,,,,,,,28.0,Everton,Premier League,38.0,142.0,45.0,33.6,,,,,,,,,,,,,,,,,,,,,,,,,,,,,,,,,,
,,,,,,,,,,,fbref_squad_stats.csv,,,,,,,,,29.0,Fiorentina,Serie A,38.0,131.0,40.0,26.8,,,,,,,,,,,,,,,,,,,,,,,,,,,,,,,,,,
,,,,,,,,,,,fbref_squad_stats.csv,,,,,,,,,30.0,Freiburg,Bundesliga,34.0,143.0,49.0,34.4,,,,,,,,,,,,,,,,,,,,,,,,,,,,,,,,,,
,,,,,,,,,,,fbref_squad_stats.csv,,,,,,,,,31.0,Fulham,Premier League,38.0,138.0,43.0,28.7,,,,,,,,,,,,,,,,,,,,,,,,,,,,,,,,,,
,,,,,,,,,,,fbref_squad_stats.csv,,,,,,,,,32.0,Genoa,Serie A,38.0,143.0,41.0,32.9,,,,,,,,,,,,,,,,,,,,,,,,,,,,,,,,,,
,,,,,,,,,,,fbref_squad_stats.csv,,,,,,,,,33.0,Getafe,La Liga,38.0,105.0,31.0,30.0,,,,,,,,,,,,,,,,,,,,,,,,,,,,,,,,,,
,,,,,,,,,,,fbref_squad_stats.csv,,,,,,,,,34.0,Girona,La Liga,38.0,157.0,38.0,36.9,,,,,,,,,,,,,,,,,,,,,,,,,,,,,,,,,,
,,,,,,,,,,,fbref_squad_stats.csv,,,,,,,,,35.0,Gladbach,Bundesliga,34.0,141.0,40.0,35.7,,,,,,,,,,,,,,,,,,,,,,,,,,,,,,,,,,
,,,,,,,,,,,fbref_squad_stats.csv,,,,,,,,,36.0,Hamburger SV,Bundesliga,34.0,155.0,40.0,37.0,,,,,,,,,,,,,,,,,,,,,,,,,,,,,,,,,,
,,,,,,,,,,,fbref_squad_stats.csv,,,,,,,,,37.0,Heidenheim,Bundesliga,34.0,123.0,41.0,31.6,,,,,,,,,,,,,,,,,,,,,,,,,,,,,,,,,,
,,,,,,,,,,,fbref_squad_stats.csv,,,,,,,,,38.0,Hellas Verona,Serie A,38.0,141.0,24.0,33.5,,,,,,,,,,,,,,,,,,,,,,,,,,,,,,,,,,
,,,,,,,,,,,fbref_squad_stats.csv,,,,,,,,,39.0,Hoffenheim,Bundesliga,34.0,176.0,61.0,36.7,,,,,,,,,,,,,,,,,,,,,,,,,,,,,,,,,,
,,,,,,,,,,,fbref_squad_stats.csv,,,,,,,,,40.0,Inter,Serie A,38.0,229.0,85.0,35.2,,,,,,,,,,,,,,,,,,,,,,,,,,,,,,,,,,
,,,,,,,,,,,fbref_squad_stats.csv,,,,,,,,,41.0,Juventus,Serie A,38.0,227.0,59.0,35.5,,,,,,,,,,,,,,,,,,,,,,,,,,,,,,,,,,
,,,,,,,,,,,fbref_squad_stats.csv,,,,,,,,,42.0,Köln,Bundesliga,34.0,158.0,47.0,34.6,,,,,,,,,,,,,,,,,,,,,,,,,,,,,,,,,,
,,,,,,,,,,,fbref_squad_stats.csv,,,,,,,,,43.0,Lazio,Serie A,38.0,156.0,39.0,37.4,,,,,,,,,,,,,,,,,,,,,,,,,,,,,,,,,,
,,,,,,,,,,,fbref_squad_stats.csv,,,,,,,,,44.0,Le Havre,Ligue 1,34.0,124.0,31.0,33.2,,,,,,,,,,,,,,,,,,,,,,,,,,,,,,,,,,
,,,,,,,,,,,fbref_squad_stats.csv,,,,,,,,,45.0,Lecce,Serie A,38.0,97.0,28.0,26.0,,,,,,,,,,,,,,,,,,,,,,,,,,,,,,,,,,
,,,,,,,,,,,fbref_squad_stats.csv,,,,,,,,,46.0,Leeds United,Premier League,38.0,151.0,48.0,31.7,,,,,,,,,,,,,,,,,,,,,,,,,,,,,,,,,,
,,,,,,,,,,,fbref_squad_stats.csv,,,,,,,,,47.0,Lens,Ligue 1,34.0,189.0,65.0,33.7,,,,,,,,,,,,,,,,,,,,,,,,,,,,,,,,,,
,,,,,,,,,,,fbref_squad_stats.csv,,,,,,,,,48.0,Levante,La Liga,38.0,147.0,47.0,30.9,,,,,,,,,,,,,,,,,,,,,,,,,,,,,,,,,,
,,,,,,,,,,,fbref_squad_stats.csv,,,,,,,,,49.0,Leverkusen,Bundesliga,34.0,176.0,67.0,34.1,,,,,,,,,,,,,,,,,,,,,,,,,,,,,,,,,,
,,,,,,,,,,,fbref_squad_stats.csv,,,,,,,,,50.0,Lille,Ligue 1,34.0,157.0,51.0,33.8,,,,,,,,,,,,,,,,,,,,,,,,,,,,,,,,,,
,,,,,,,,,,,fbref_squad_stats.csv,,,,,,,,,51.0,Liverpool,Premier League,38.0,175.0,61.0,29.8,,,,,,,,,,,,,,,,,,,,,,,,,,,,,,,,,,
,,,,,,,,,,,fbref_squad_stats.csv,,,,,,,,,52.0,Lorient,Ligue 1,34.0,134.0,47.0,34.8,,,,,,,,,,,,,,,,,,,,,,,,,,,,,,,,,,
,,,,,,,,,,,fbref_squad_stats.csv,,,,,,,,,53.0,Lyon,Ligue 1,34.0,159.0,52.0,38.1,,,,,,,,,,,,,,,,,,,,,,,,,,,,,,,,,,
,,,,,,,,,,,fbref_squad_stats.csv,,,,,,,,,54.0,Mainz 05,Bundesliga,34.0,141.0,44.0,34.4,,,,,,,,,,,,,,,,,,,,,,,,,,,,,,,,,,
,,,,,,,,,,,fbref_squad_stats.csv,,,,,,,,,55.0,Mallorca,La Liga,38.0,158.0,47.0,38.3,,,,,,,,,,,,,,,,,,,,,,,,,,,,,,,,,,
,,,,,,,,,,,fbref_squad_stats.csv,,,,,,,,,56.0,Manchester City,Premier League,38.0,205.0,74.0,34.5,,,,,,,,,,,,,,,,,,,,,,,,,,,,,,,,,,
,,,,,,,,,,,fbref_squad_stats.csv,,,,,,,,,57.0,Manchester Utd,Premier League,38.0,215.0,66.0,36.1,,,,,,,,,,,,,,,,,,,,,,,,,,,,,,,,,,
,,,,,,,,,,,fbref_squad_stats.csv,,,,,,,,,58.0,Marseille,Ligue 1,34.0,195.0,62.0,38.1,,,,,,,,,,,,,,,,,,,,,,,,,,,,,,,,,,
,,,,,,,,,,,fbref_squad_stats.csv,,,,,,,,,59.0,Metz,Ligue 1,34.0,108.0,31.0,31.6,,,,,,,,,,,,,,,,,,,,,,,,,,,,,,,,,,
,,,,,,,,,,,fbref_squad_stats.csv,,,,,,,,,60.0,Milan,Serie A,38.0,166.0,53.0,33.0,,,,,,,,,,,,,,,,,,,,,,,,,,,,,,,,,,
,,,,,,,,,,,fbref_squad_stats.csv,,,,,,,,,61.0,Monaco,Ligue 1,34.0,151.0,57.0,35.4,,,,,,,,,,,,,,,,,,,,,,,,,,,,,,,,,,
,,,,,,,,,,,fbref_squad_stats.csv,,,,,,,,,62.0,Nantes,Ligue 1,34.0,109.0,28.0,29.0,,,,,,,,,,,,,,,,,,,,,,,,,,,,,,,,,,
,,,,,,,,,,,fbref_squad_stats.csv,,,,,,,,,63.0,Napoli,Serie A,38.0,179.0,57.0,35.7,,,,,,,,,,,,,,,,,,,,,,,,,,,,,,,,,,
,,,,,,,,,,,fbref_squad_stats.csv,,,,,,,,,64.0,Newcastle United,Premier League,38.0,176.0,53.0,35.8,,,,,,,,,,,,,,,,,,,,,,,,,,,,,,,,,,
,,,,,,,,,,,fbref_squad_stats.csv,,,,,,,,,65.0,Nice,Ligue 1,34.0,134.0,35.0,35.1,,,,,,,,,,,,,,,,,,,,,,,,,,,,,,,,,,
,,,,,,,,,,,fbref_squad_stats.csv,,,,,,,,,66.0,Nottingham Forest,Premier League,38.0,156.0,47.0,32.8,,,,,,,,,,,,,,,,,,,,,,,,,,,,,,,,,,
,,,,,,,,,,,fbref_squad_stats.csv,,,,,,,,,67.0,Osasuna,La Liga,38.0,152.0,42.0,33.8,,,,,,,,,,,,,,,,,,,,,,,,,,,,,,,,,,
,,,,,,,,,,,fbref_squad_stats.csv,,,,,,,,,68.0,Oviedo,La Liga,38.0,119.0,26.0,31.6,,,,,,,,,,,,,,,,,,,,,,,,,,,,,,,,,,
,,,,,,,,,,,fbref_squad_stats.csv,,,,,,,,,69.0,Paris FC,Ligue 1,34.0,135.0,46.0,34.2,,,,,,,,,,,,,,,,,,,,,,,,,,,,,,,,,,
,,,,,,,,,,,fbref_squad_stats.csv,,,,,,,,,70.0,Paris Saint-Germain,Ligue 1,34.0,226.0,73.0,37.6,,,,,,,,,,,,,,,,,,,,,,,,,,,,,,,,,,
,,,,,,,,,,,fbref_squad_stats.csv,,,,,,,,,71.0,Parma,Serie A,38.0,104.0,26.0,25.6,,,,,,,,,,,,,,,,,,,,,,,,,,,,,,,,,,
,,,,,,,,,,,fbref_squad_stats.csv,,,,,,,,,72.0,Pisa,Serie A,38.0,106.0,25.0,29.1,,,,,,,,,,,,,,,,,,,,,,,,,,,,,,,,,,
,,,,,,,,,,,fbref_squad_stats.csv,,,,,,,,,73.0,Rayo Vallecano,La Liga,38.0,183.0,41.0,34.5,,,,,,,,,,,,,,,,,,,,,,,,,,,,,,,,,,
,,,,,,,,,,,fbref_squad_stats.csv,,,,,,,,,74.0,RB Leipzig,Bundesliga,34.0,204.0,64.0,37.9,,,,,,,,,,,,,,,,,,,,,,,,,,,,,,,,,,
,,,,,,,,,,,fbref_squad_stats.csv,,,,,,,,,75.0,Real Betis,La Liga,38.0,183.0,58.0,33.9,,,,,,,,,,,,,,,,,,,,,,,,,,,,,,,,,,
,,,,,,,,,,,fbref_squad_stats.csv,,,,,,,,,76.0,Real Madrid,La Liga,38.0,253.0,77.0,38.1,,,,,,,,,,,,,,,,,,,,,,,,,,,,,,,,,,
,,,,,,,,,,,fbref_squad_stats.csv,,,,,,,,,77.0,Real Sociedad,La Liga,38.0,175.0,57.0,37.2,,,,,,,,,,,,,,,,,,,,,,,,,,,,,,,,,,
,,,,,,,,,,,fbref_squad_stats.csv,,,,,,,,,78.0,Rennes,Ligue 1,34.0,169.0,57.0,35.1,,,,,,,,,,,,,,,,,,,,,,,,,,,,,,,,,,
,,,,,,,,,,,fbref_squad_stats.csv,,,,,,,,,79.0,Roma,Serie A,38.0,178.0,59.0,35.4,,,,,,,,,,,,,,,,,,,,,,,,,,,,,,,,,,
,,,,,,,,,,,fbref_squad_stats.csv,,,,,,,,,80.0,Sassuolo,Serie A,38.0,143.0,45.0,35.2,,,,,,,,,,,,,,,,,,,,,,,,,,,,,,,,,,
,,,,,,,,,,,fbref_squad_stats.csv,,,,,,,,,81.0,Sevilla,La Liga,38.0,137.0,44.0,31.3,,,,,,,,,,,,,,,,,,,,,,,,,,,,,,,,,,
,,,,,,,,,,,fbref_squad_stats.csv,,,,,,,,,82.0,St Pauli,Bundesliga,34.0,114.0,29.0,32.9,,,,,,,,,,,,,,,,,,,,,,,,,,,,,,,,,,
,,,,,,,,,,,fbref_squad_stats.csv,,,,,,,,,83.0,Strasbourg,Ligue 1,34.0,158.0,57.0,40.6,,,,,,,,,,,,,,,,,,,,,,,,,,,,,,,,,,
,,,,,,,,,,,fbref_squad_stats.csv,,,,,,,,,84.0,Stuttgart,Bundesliga,34.0,207.0,70.0,39.9,,,,,,,,,,,,,,,,,,,,,,,,,,,,,,,,,,
,,,,,,,,,,,fbref_squad_stats.csv,,,,,,,,,85.0,Sunderland,Premier League,38.0,130.0,38.0,32.8,,,,,,,,,,,,,,,,,,,,,,,,,,,,,,,,,,
,,,,,,,,,,,fbref_squad_stats.csv,,,,,,,,,86.0,Torino,Serie A,38.0,151.0,42.0,33.6,,,,,,,,,,,,,,,,,,,,,,,,,,,,,,,,,,
,,,,,,,,,,,fbref_squad_stats.csv,,,,,,,,,87.0,Tottenham Hotspur,Premier League,38.0,146.0,47.0,33.6,,,,,,,,,,,,,,,,,,,,,,,,,,,,,,,,,,
,,,,,,,,,,,fbref_squad_stats.csv,,,,,,,,,88.0,Toulouse,Ligue 1,34.0,144.0,46.0,33.7,,,,,,,,,,,,,,,,,,,,,,,,,,,,,,,,,,
,,,,,,,,,,,fbref_squad_stats.csv,,,,,,,,,89.0,Udinese,Serie A,38.0,146.0,44.0,33.3,,,,,,,,,,,,,,,,,,,,,,,,,,,,,,,,,,
,,,,,,,,,,,fbref_squad_stats.csv,,,,,,,,,90.0,Union Berlin,Bundesliga,34.0,133.0,44.0,31.4,,,,,,,,,,,,,,,,,,,,,,,,,,,,,,,,,,
,,,,,,,,,,,fbref_squad_stats.csv,,,,,,,,,91.0,Valencia,La Liga,38.0,123.0,46.0,27.4,,,,,,,,,,,,,,,,,,,,,,,,,,,,,,,,,,
,,,,,,,,,,,fbref_squad_stats.csv,,,,,,,,,92.0,Villarreal,La Liga,38.0,172.0,71.0,37.8,,,,,,,,,,,,,,,,,,,,,,,,,,,,,,,,,,
,,,,,,,,,,,fbref_squad_stats.csv,,,,,,,,,93.0,Werder Bremen,Bundesliga,34.0,140.0,36.0,31.6,,,,,,,,,,,,,,,,,,,,,,,,,,,,,,,,,,
,,,,,,,,,,,fbref_squad_stats.csv,,,,,,,,,94.0,West Ham United,Premier League,38.0,142.0,44.0,35.1,,,,,,,,,,,,,,,,,,,,,,,,,,,,,,,,,,
,,,,,,,,,,,fbref_squad_stats.csv,,,,,,,,,95.0,Wolfsburg,Bundesliga,34.0,142.0,44.0,35.1,,,,,,,,,,,,,,,,,,,,,,,,,,,,,,,,,,
,,,,,,,,,,,fbref_squad_stats.csv,,,,,,,,,96.0,Wolves,Premier League,38.0,123.0,26.0,33.3,,,,,,,,,,,,,,,,,,,,,,,,,,,,,,,,,,
,,,,,,,,,,,fifa_to_iso2_mapping.csv,,,,,,,,,,,,,,,,MEX,mx,,,,,,,,,,,,,,,,,,,,,,,,,,,,,,,,
,,,,,,,,,,,fifa_to_iso2_mapping.csv,,,,,,,,,,,,,,,,RSA,za,,,,,,,,,,,,,,,,,,,,,,,,,,,,,,,,
,,,,,,,,,,,fifa_to_iso2_mapping.csv,,,,,,,,,,,,,,,,KOR,kr,,,,,,,,,,,,,,,,,,,,,,,,,,,,,,,,
,,,,,,,,,,,fifa_to_iso2_mapping.csv,,,,,,,,,,,,,,,,UEPD,eu,,,,,,,,,,,,,,,,,,,,,,,,,,,,,,,,
,,,,,,,,,,,fifa_to_iso2_mapping.csv,,,,,,,,,,,,,,,,CAN,ca,,,,,,,,,,,,,,,,,,,,,,,,,,,,,,,,
,,,,,,,,,,,fifa_to_iso2_mapping.csv,,,,,,,,,,,,,,,,UEPA,eu,,,,,,,,,,,,,,,,,,,,,,,,,,,,,,,,
,,,,,,,,,,,fifa_to_iso2_mapping.csv,,,,,,,,,,,,,,,,QAT,qa,,,,,,,,,,,,,,,,,,,,,,,,,,,,,,,,
,,,,,,,,,,,fifa_to_iso2_mapping.csv,,,,,,,,,,,,,,,,SUI,ch,,,,,,,,,,,,,,,,,,,,,,,,,,,,,,,,
,,,,,,,,,,,fifa_to_iso2_mapping.csv,,,,,,,,,,,,,,,,BRA,br,,,,,,,,,,,,,,,,,,,,,,,,,,,,,,,,
,,,,,,,,,,,fifa_to_iso2_mapping.csv,,,,,,,,,,,,,,,,MAR,ma,,,,,,,,,,,,,,,,,,,,,,,,,,,,,,,,
,,,,,,,,,,,fifa_to_iso2_mapping.csv,,,,,,,,,,,,,,,,HAI,ht,,,,,,,,,,,,,,,,,,,,,,,,,,,,,,,,
,,,,,,,,,,,fifa_to_iso2_mapping.csv,,,,,,,,,,,,,,,,SCO,gb-sct,,,,,,,,,,,,,,,,,,,,,,,,,,,,,,,,
,,,,,,,,,,,fifa_to_iso2_mapping.csv,,,,,,,,,,,,,,,,USA,us,,,,,,,,,,,,,,,,,,,,,,,,,,,,,,,,
,,,,,,,,,,,fifa_to_iso2_mapping.csv,,,,,,,,,,,,,,,,PAR,py,,,,,,,,,,,,,,,,,,,,,,,,,,,,,,,,
,,,,,,,,,,,fifa_to_iso2_mapping.csv,,,,,,,,,,,,,,,,AUS,au,,,,,,,,,,,,,,,,,,,,,,,,,,,,,,,,
,,,,,,,,,,,fifa_to_iso2_mapping.csv,,,,,,,,,,,,,,,,UEPC,eu,,,,,,,,,,,,,,,,,,,,,,,,,,,,,,,,
,,,,,,,,,,,fifa_to_iso2_mapping.csv,,,,,,,,,,,,,,,,GER,de,,,,,,,,,,,,,,,,,,,,,,,,,,,,,,,,
,,,,,,,,,,,fifa_to_iso2_mapping.csv,,,,,,,,,,,,,,,,CUR,cw,,,,,,,,,,,,,,,,,,,,,,,,,,,,,,,,
,,,,,,,,,,,fifa_to_iso2_mapping.csv,,,,,,,,,,,,,,,,CIV,ci,,,,,,,,,,,,,,,,,,,,,,,,,,,,,,,,
,,,,,,,,,,,fifa_to_iso2_mapping.csv,,,,,,,,,,,,,,,,ECU,ec,,,,,,,,,,,,,,,,,,,,,,,,,,,,,,,,
,,,,,,,,,,,fifa_to_iso2_mapping.csv,,,,,,,,,,,,,,,,NED,nl,,,,,,,,,,,,,,,,,,,,,,,,,,,,,,,,
,,,,,,,,,,,fifa_to_iso2_mapping.csv,,,,,,,,,,,,,,,,JPN,jp,,,,,,,,,,,,,,,,,,,,,,,,,,,,,,,,
,,,,,,,,,,,fifa_to_iso2_mapping.csv,,,,,,,,,,,,,,,,UEPB,eu,,,,,,,,,,,,,,,,,,,,,,,,,,,,,,,,
,,,,,,,,,,,fifa_to_iso2_mapping.csv,,,,,,,,,,,,,,,,TUN,tn,,,,,,,,,,,,,,,,,,,,,,,,,,,,,,,,
,,,,,,,,,,,fifa_to_iso2_mapping.csv,,,,,,,,,,,,,,,,BEL,be,,,,,,,,,,,,,,,,,,,,,,,,,,,,,,,,
,,,,,,,,,,,fifa_to_iso2_mapping.csv,,,,,,,,,,,,,,,,EGY,eg,,,,,,,,,,,,,,,,,,,,,,,,,,,,,,,,
,,,,,,,,,,,fifa_to_iso2_mapping.csv,,,,,,,,,,,,,,,,IRN,ir,,,,,,,,,,,,,,,,,,,,,,,,,,,,,,,,
,,,,,,,,,,,fifa_to_iso2_mapping.csv,,,,,,,,,,,,,,,,NZL,nz,,,,,,,,,,,,,,,,,,,,,,,,,,,,,,,,
,,,,,,,,,,,fifa_to_iso2_mapping.csv,,,,,,,,,,,,,,,,ESP,es,,,,,,,,,,,,,,,,,,,,,,,,,,,,,,,,
,,,,,,,,,,,fifa_to_iso2_mapping.csv,,,,,,,,,,,,,,,,CPV,cv,,,,,,,,,,,,,,,,,,,,,,,,,,,,,,,,
,,,,,,,,,,,fifa_to_iso2_mapping.csv,,,,,,,,,,,,,,,,KSA,sa,,,,,,,,,,,,,,,,,,,,,,,,,,,,,,,,
,,,,,,,,,,,fifa_to_iso2_mapping.csv,,,,,,,,,,,,,,,,URU,uy,,,,,,,,,,,,,,,,,,,,,,,,,,,,,,,,
,,,,,,,,,,,fifa_to_iso2_mapping.csv,,,,,,,,,,,,,,,,FRA,fr,,,,,,,,,,,,,,,,,,,,,,,,,,,,,,,,
,,,,,,,,,,,fifa_to_iso2_mapping.csv,,,,,,,,,,,,,,,,SEN,sn,,,,,,,,,,,,,,,,,,,,,,,,,,,,,,,,
,,,,,,,,,,,fifa_to_iso2_mapping.csv,,,,,,,,,,,,,,,,FP02,un,,,,,,,,,,,,,,,,,,,,,,,,,,,,,,,,
,,,,,,,,,,,fifa_to_iso2_mapping.csv,,,,,,,,,,,,,,,,NOR,no,,,,,,,,,,,,,,,,,,,,,,,,,,,,,,,,
,,,,,,,,,,,fifa_to_iso2_mapping.csv,,,,,,,,,,,,,,,,ARG,ar,,,,,,,,,,,,,,,,,,,,,,,,,,,,,,,,
,,,,,,,,,,,fifa_to_iso2_mapping.csv,,,,,,,,,,,,,,,,ALG,dz,,,,,,,,,,,,,,,,,,,,,,,,,,,,,,,,
,,,,,,,,,,,fifa_to_iso2_mapping.csv,,,,,,,,,,,,,,,,AUT,at,,,,,,,,,,,,,,,,,,,,,,,,,,,,,,,,
,,,,,,,,,,,fifa_to_iso2_mapping.csv,,,,,,,,,,,,,,,,JOR,jo,,,,,,,,,,,,,,,,,,,,,,,,,,,,,,,,
,,,,,,,,,,,fifa_to_iso2_mapping.csv,,,,,,,,,,,,,,,,POR,pt,,,,,,,,,,,,,,,,,,,,,,,,,,,,,,,,
,,,,,,,,,,,fifa_to_iso2_mapping.csv,,,,,,,,,,,,,,,,FP01,un,,,,,,,,,,,,,,,,,,,,,,,,,,,,,,,,
,,,,,,,,,,,fifa_to_iso2_mapping.csv,,,,,,,,,,,,,,,,UZB,uz,,,,,,,,,,,,,,,,,,,,,,,,,,,,,,,,
,,,,,,,,,,,fifa_to_iso2_mapping.csv,,,,,,,,,,,,,,,,COL,co,,,,,,,,,,,,,,,,,,,,,,,,,,,,,,,,
,,,,,,,,,,,fifa_to_iso2_mapping.csv,,,,,,,,,,,,,,,,ENG,gb-eng,,,,,,,,,,,,,,,,,,,,,,,,,,,,,,,,
,,,,,,,,,,,fifa_to_iso2_mapping.csv,,,,,,,,,,,,,,,,CRO,hr,,,,,,,,,,,,,,,,,,,,,,,,,,,,,,,,
,,,,,,,,,,,fifa_to_iso2_mapping.csv,,,,,,,,,,,,,,,,GHA,gh,,,,,,,,,,,,,,,,,,,,,,,,,,,,,,,,
,,,,,,,,,,,fifa_to_iso2_mapping.csv,,,,,,,,,,,,,,,,PAN,pa,,,,,,,,,,,,,,,,,,,,,,,,,,,,,,,,
,,,,,,,,,,,host_cities.csv,,,,,,,,,1.0,,,,,,,,,Atlanta,USA,Mercedes-Benz Stadium,East,ATL,,,,,,,,,,,,,,,,,,,,,,,,,,,
,,,,,,,,,,,host_cities.csv,,,,,,,,,2.0,,,,,,,,,Boston,USA,Gillette Stadium,East,BOS,,,,,,,,,,,,,,,,,,,,,,,,,,,
,,,,,,,,,,,host_cities.csv,,,,,,,,,3.0,,,,,,,,,Dallas,USA,AT&T Stadium,Central,DAL,,,,,,,,,,,,,,,,,,,,,,,,,,,
,,,,,,,,,,,host_cities.csv,,,,,,,,,4.0,,,,,,,,,Houston,USA,NRG Stadium,Central,IAH,,,,,,,,,,,,,,,,,,,,,,,,,,,
,,,,,,,,,,,host_cities.csv,,,,,,,,,5.0,,,,,,,,,Kansas City,USA,Arrowhead Stadium,Central,MCI,,,,,,,,,,,,,,,,,,,,,,,,,,,
,,,,,,,,,,,host_cities.csv,,,,,,,,,6.0,,,,,,,,,Los Angeles,USA,SoFi Stadium,West,LAX,,,,,,,,,,,,,,,,,,,,,,,,,,,
,,,,,,,,,,,host_cities.csv,,,,,,,,,7.0,,,,,,,,,Miami,USA,Hard Rock Stadium,East,MIA,,,,,,,,,,,,,,,,,,,,,,,,,,,
,,,,,,,,,,,host_cities.csv,,,,,,,,,8.0,,,,,,,,,New York/New Jersey,USA,MetLife Stadium,East,EWR,,,,,,,,,,,,,,,,,,,,,,,,,,,
,,,,,,,,,,,host_cities.csv,,,,,,,,,9.0,,,,,,,,,Philadelphia,USA,Lincoln Financial Field,East,PHL,,,,,,,,,,,,,,,,,,,,,,,,,,,
,,,,,,,,,,,host_cities.csv,,,,,,,,,10.0,,,,,,,,,San Francisco Bay Area,USA,Levi's Stadium,West,SFO,,,,,,,,,,,,,,,,,,,,,,,,,,,
,,,,,,,,,,,host_cities.csv,,,,,,,,,11.0,,,,,,,,,Seattle,USA,Lumen Field,West,SEA,,,,,,,,,,,,,,,,,,,,,,,,,,,
,,,,,,,,,,,host_cities.csv,,,,,,,,,12.0,,,,,,,,,Toronto,Canada,BMO Field,East,YYZ,,,,,,,,,,,,,,,,,,,,,,,,,,,
,,,,,,,,,,,host_cities.csv,,,,,,,,,13.0,,,,,,,,,Vancouver,Canada,BC Place,West,YVR,,,,,,,,,,,,,,,,,,,,,,,,,,,
,,,,,,,,,,,host_cities.csv,,,,,,,,,14.0,,,,,,,,,Guadalajara,Mexico,Estadio Akron,Central,GDL,,,,,,,,,,,,,,,,,,,,,,,,,,,
,,,,,,,,,,,host_cities.csv,,,,,,,,,15.0,,,,,,,,,Mexico City,Mexico,Estadio Azteca,Central,MEX,,,,,,,,,,,,,,,,,,,,,,,,,,,
,,,,,,,,,,,host_cities.csv,,,,,,,,,16.0,,,,,,,,,Monterrey,Mexico,Estadio BBVA,Central,MTY,,,,,,,,,,,,,,,,,,,,,,,,,,,
,,,,,,,,,,,matches.csv,,,,,15.0,,,,1.0,,,,,,,,,,,,,,1.0,1.0,2.0,1.0,2026-06-11 15:00:00-06,Group A,,,,,,,,,,,,,,,,,,,,,
,,,,,,,,,,,matches.csv,,,,,14.0,,,,2.0,,,,,,,,,,,,,,2.0,3.0,4.0,1.0,2026-06-11 22:00:00-06,Group A,,,,,,,,,,,,,,,,,,,,,
,,,,,,,,,,,matches.csv,,,,,12.0,,,,3.0,,,,,,,,,,,,,,3.0,5.0,6.0,1.0,2026-06-12 15:00:00-04,Group B,,,,,,,,,,,,,,,,,,,,,
,,,,,,,,,,,matches.csv,,,,,6.0,,,,4.0,,,,,,,,,,,,,,4.0,13.0,14.0,1.0,2026-06-12 21:00:00-07,Group D,,,,,,,,,,,,,,,,,,,,,
,,,,,,,,,,,matches.csv,,,,,10.0,,,,5.0,,,,,,,,,,,,,,5.0,7.0,8.0,1.0,2026-06-13 15:00:00-07,Group B,,,,,,,,,,,,,,,,,,,,,
,,,,,,,,,,,matches.csv,,,,,8.0,,,,6.0,,,,,,,,,,,,,,6.0,9.0,10.0,1.0,2026-06-13 18:00:00-04,Group C,,,,,,,,,,,,,,,,,,,,,
,,,,,,,,,,,matches.csv,,,,,2.0,,,,7.0,,,,,,,,,,,,,,7.0,11.0,12.0,1.0,2026-06-13 21:00:00-04,Group C,,,,,,,,,,,,,,,,,,,,,
,,,,,,,,,,,matches.csv,,,,,13.0,,,,8.0,,,,,,,,,,,,,,8.0,15.0,16.0,1.0,2026-06-14 00:00:00-07,Group D,,,,,,,,,,,,,,,,,,,,,
,,,,,,,,,,,matches.csv,,,,,4.0,,,,9.0,,,,,,,,,,,,,,9.0,17.0,18.0,1.0,2026-06-14 13:00:00-05,Group E,,,,,,,,,,,,,,,,,,,,,
,,,,,,,,,,,matches.csv,,,,,3.0,,,,10.0,,,,,,,,,,,,,,10.0,21.0,22.0,1.0,2026-06-14 16:00:00-05,Group F,,,,,,,,,,,,,,,,,,,,,
,,,,,,,,,,,matches.csv,,,,,9.0,,,,11.0,,,,,,,,,,,,,,11.0,19.0,20.0,1.0,2026-06-14 19:00:00-04,Group E,,,,,,,,,,,,,,,,,,,,,
,,,,,,,,,,,matches.csv,,,,,16.0,,,,12.0,,,,,,,,,,,,,,12.0,23.0,24.0,1.0,2026-06-14 22:00:00-06,Group F,,,,,,,,,,,,,,,,,,,,,
,,,,,,,,,,,matches.csv,,,,,1.0,,,,13.0,,,,,,,,,,,,,,13.0,29.0,30.0,1.0,2026-06-15 12:00:00-04,Group H,,,,,,,,,,,,,,,,,,,,,
,,,,,,,,,,,matches.csv,,,,,11.0,,,,14.0,,,,,,,,,,,,,,14.0,25.0,26.0,1.0,2026-06-15 15:00:00-07,Group G,,,,,,,,,,,,,,,,,,,,,
,,,,,,,,,,,matches.csv,,,,,7.0,,,,15.0,,,,,,,,,,,,,,15.0,31.0,32.0,1.0,2026-06-15 18:00:00-04,Group H,,,,,,,,,,,,,,,,,,,,,
,,,,,,,,,,,matches.csv,,,,,6.0,,,,16.0,,,,,,,,,,,,,,16.0,27.0,28.0,1.0,2026-06-15 21:00:00-07,Group G,,,,,,,,,,,,,,,,,,,,,
,,,,,,,,,,,matches.csv,,,,,8.0,,,,17.0,,,,,,,,,,,,,,17.0,33.0,34.0,1.0,2026-06-16 15:00:00-04,Group I,,,,,,,,,,,,,,,,,,,,,
,,,,,,,,,,,matches.csv,,,,,2.0,,,,18.0,,,,,,,,,,,,,,18.0,35.0,36.0,1.0,2026-06-16 18:00:00-04,Group I,,,,,,,,,,,,,,,,,,,,,
,,,,,,,,,,,matches.csv,,,,,5.0,,,,19.0,,,,,,,,,,,,,,19.0,37.0,38.0,1.0,2026-06-16 21:00:00-05,Group J,,,,,,,,,,,,,,,,,,,,,
,,,,,,,,,,,matches.csv,,,,,10.0,,,,20.0,,,,,,,,,,,,,,20.0,39.0,40.0,1.0,2026-06-17 00:00:00-07,Group J,,,,,,,,,,,,,,,,,,,,,
,,,,,,,,,,,matches.csv,,,,,4.0,,,,21.0,,,,,,,,,,,,,,21.0,41.0,42.0,1.0,2026-06-17 13:00:00-05,Group K,,,,,,,,,,,,,,,,,,,,,
,,,,,,,,,,,matches.csv,,,,,3.0,,,,22.0,,,,,,,,,,,,,,22.0,45.0,46.0,1.0,2026-06-17 16:00:00-05,Group L,,,,,,,,,,,,,,,,,,,,,
,,,,,,,,,,,matches.csv,,,,,12.0,,,,23.0,,,,,,,,,,,,,,23.0,47.0,48.0,1.0,2026-06-17 19:00:00-04,Group L,,,,,,,,,,,,,,,,,,,,,
,,,,,,,,,,,matches.csv,,,,,15.0,,,,24.0,,,,,,,,,,,,,,24.0,43.0,44.0,1.0,2026-06-17 22:00:00-06,Group K,,,,,,,,,,,,,,,,,,,,,
,,,,,,,,,,,matches.csv,,,,,1.0,,,,25.0,,,,,,,,,,,,,,25.0,4.0,2.0,1.0,2026-06-18 12:00:00-04,Group A,,,,,,,,,,,,,,,,,,,,,
,,,,,,,,,,,matches.csv,,,,,6.0,,,,26.0,,,,,,,,,,,,,,26.0,8.0,6.0,1.0,2026-06-18 15:00:00-07,Group B,,,,,,,,,,,,,,,,,,,,,
,,,,,,,,,,,matches.csv,,,,,13.0,,,,27.0,,,,,,,,,,,,,,27.0,5.0,7.0,1.0,2026-06-18 18:00:00-07,Group B,,,,,,,,,,,,,,,,,,,,,
,,,,,,,,,,,matches.csv,,,,,14.0,,,,28.0,,,,,,,,,,,,,,28.0,1.0,3.0,1.0,2026-06-18 21:00:00-06,Group A,,,,,,,,,,,,,,,,,,,,,
,,,,,,,,,,,matches.csv,,,,,11.0,,,,29.0,,,,,,,,,,,,,,29.0,13.0,15.0,1.0,2026-06-19 15:00:00-07,Group D,,,,,,,,,,,,,,,,,,,,,
,,,,,,,,,,,matches.csv,,,,,2.0,,,,30.0,,,,,,,,,,,,,,30.0,12.0,10.0,1.0,2026-06-19 18:00:00-04,Group C,,,,,,,,,,,,,,,,,,,,,
,,,,,,,,,,,matches.csv,,,,,9.0,,,,31.0,,,,,,,,,,,,,,31.0,9.0,11.0,1.0,2026-06-19 21:00:00-04,Group C,,,,,,,,,,,,,,,,,,,,,
,,,,,,,,,,,matches.csv,,,,,10.0,,,,32.0,,,,,,,,,,,,,,32.0,16.0,14.0,1.0,2026-06-20 00:00:00-07,Group D,,,,,,,,,,,,,,,,,,,,,
,,,,,,,,,,,matches.csv,,,,,4.0,,,,33.0,,,,,,,,,,,,,,33.0,21.0,23.0,1.0,2026-06-20 13:00:00-05,Group F,,,,,,,,,,,,,,,,,,,,,
,,,,,,,,,,,matches.csv,,,,,12.0,,,,34.0,,,,,,,,,,,,,,34.0,17.0,19.0,1.0,2026-06-20 16:00:00-04,Group E,,,,,,,,,,,,,,,,,,,,,
,,,,,,,,,,,matches.csv,,,,,5.0,,,,35.0,,,,,,,,,,,,,,35.0,20.0,18.0,1.0,2026-06-20 20:00:00-05,Group E,,,,,,,,,,,,,,,,,,,,,
,,,,,,,,,,,matches.csv,,,,,16.0,,,,36.0,,,,,,,,,,,,,,36.0,24.0,22.0,1.0,2026-06-21 00:00:00-06,Group F,,,,,,,,,,,,,,,,,,,,,
,,,,,,,,,,,matches.csv,,,,,1.0,,,,37.0,,,,,,,,,,,,,,37.0,29.0,31.0,1.0,2026-06-21 12:00:00-04,Group H,,,,,,,,,,,,,,,,,,,,,
,,,,,,,,,,,matches.csv,,,,,6.0,,,,38.0,,,,,,,,,,,,,,38.0,25.0,27.0,1.0,2026-06-21 15:00:00-07,Group G,,,,,,,,,,,,,,,,,,,,,
,,,,,,,,,,,matches.csv,,,,,7.0,,,,39.0,,,,,,,,,,,,,,39.0,32.0,30.0,1.0,2026-06-21 18:00:00-04,Group H,,,,,,,,,,,,,,,,,,,,,
,,,,,,,,,,,matches.csv,,,,,13.0,,,,40.0,,,,,,,,,,,,,,40.0,28.0,26.0,1.0,2026-06-21 21:00:00-07,Group G,,,,,,,,,,,,,,,,,,,,,
,,,,,,,,,,,matches.csv,,,,,3.0,,,,41.0,,,,,,,,,,,,,,41.0,37.0,39.0,1.0,2026-06-22 13:00:00-05,Group J,,,,,,,,,,,,,,,,,,,,,
,,,,,,,,,,,matches.csv,,,,,9.0,,,,42.0,,,,,,,,,,,,,,42.0,33.0,35.0,1.0,2026-06-22 17:00:00-04,Group I,,,,,,,,,,,,,,,,,,,,,
,,,,,,,,,,,matches.csv,,,,,8.0,,,,43.0,,,,,,,,,,,,,,43.0,36.0,34.0,1.0,2026-06-22 20:00:00-04,Group I,,,,,,,,,,,,,,,,,,,,,
,,,,,,,,,,,matches.csv,,,,,10.0,,,,44.0,,,,,,,,,,,,,,44.0,40.0,38.0,1.0,2026-06-22 23:00:00-07,Group J,,,,,,,,,,,,,,,,,,,,,
,,,,,,,,,,,matches.csv,,,,,4.0,,,,45.0,,,,,,,,,,,,,,45.0,41.0,43.0,1.0,2026-06-23 13:00:00-05,Group K,,,,,,,,,,,,,,,,,,,,,
,,,,,,,,,,,matches.csv,,,,,2.0,,,,46.0,,,,,,,,,,,,,,46.0,45.0,47.0,1.0,2026-06-23 16:00:00-04,Group L,,,,,,,,,,,,,,,,,,,,,
,,,,,,,,,,,matches.csv,,,,,12.0,,,,47.0,,,,,,,,,,,,,,47.0,48.0,46.0,1.0,2026-06-23 19:00:00-04,Group L,,,,,,,,,,,,,,,,,,,,,
,,,,,,,,,,,matches.csv,,,,,14.0,,,,48.0,,,,,,,,,,,,,,48.0,44.0,42.0,1.0,2026-06-23 22:00:00-06,Group K,,,,,,,,,,,,,,,,,,,,,
,,,,,,,,,,,matches.csv,,,,,13.0,,,,49.0,,,,,,,,,,,,,,49.0,8.0,5.0,1.0,2026-06-24 15:00:00-07,Group B,,,,,,,,,,,,,,,,,,,,,
,,,,,,,,,,,matches.csv,,,,,11.0,,,,50.0,,,,,,,,,,,,,,50.0,6.0,7.0,1.0,2026-06-24 15:00:00-07,Group B,,,,,,,,,,,,,,,,,,,,,
,,,,,,,,,,,matches.csv,,,,,7.0,,,,51.0,,,,,,,,,,,,,,51.0,12.0,9.0,1.0,2026-06-24 18:00:00-04,Group C,,,,,,,,,,,,,,,,,,,,,
,,,,,,,,,,,matches.csv,,,,,1.0,,,,52.0,,,,,,,,,,,,,,52.0,10.0,11.0,1.0,2026-06-24 18:00:00-04,Group C,,,,,,,,,,,,,,,,,,,,,
,,,,,,,,,,,matches.csv,,,,,15.0,,,,53.0,,,,,,,,,,,,,,53.0,4.0,1.0,1.0,2026-06-24 21:00:00-06,Group A,,,,,,,,,,,,,,,,,,,,,
,,,,,,,,,,,matches.csv,,,,,16.0,,,,54.0,,,,,,,,,,,,,,54.0,2.0,3.0,1.0,2026-06-24 21:00:00-06,Group A,,,,,,,,,,,,,,,,,,,,,
,,,,,,,,,,,matches.csv,,,,,9.0,,,,55.0,,,,,,,,,,,,,,55.0,18.0,19.0,1.0,2026-06-25 16:00:00-04,Group E,,,,,,,,,,,,,,,,,,,,,
,,,,,,,,,,,matches.csv,,,,,8.0,,,,56.0,,,,,,,,,,,,,,56.0,20.0,17.0,1.0,2026-06-25 16:00:00-04,Group E,,,,,,,,,,,,,,,,,,,,,
,,,,,,,,,,,matches.csv,,,,,3.0,,,,57.0,,,,,,,,,,,,,,57.0,22.0,23.0,1.0,2026-06-25 19:00:00-05,Group F,,,,,,,,,,,,,,,,,,,,,
,,,,,,,,,,,matches.csv,,,,,5.0,,,,58.0,,,,,,,,,,,,,,58.0,24.0,21.0,1.0,2026-06-25 19:00:00-05,Group F,,,,,,,,,,,,,,,,,,,,,
,,,,,,,,,,,matches.csv,,,,,6.0,,,,59.0,,,,,,,,,,,,,,59.0,16.0,13.0,1.0,2026-06-25 22:00:00-07,Group D,,,,,,,,,,,,,,,,,,,,,
,,,,,,,,,,,matches.csv,,,,,10.0,,,,60.0,,,,,,,,,,,,,,60.0,14.0,15.0,1.0,2026-06-25 22:00:00-07,Group D,,,,,,,,,,,,,,,,,,,,,
,,,,,,,,,,,matches.csv,,,,,2.0,,,,61.0,,,,,,,,,,,,,,61.0,36.0,33.0,1.0,2026-06-26 15:00:00-04,Group I,,,,,,,,,,,,,,,,,,,,,
,,,,,,,,,,,matches.csv,,,,,12.0,,,,62.0,,,,,,,,,,,,,,62.0,34.0,35.0,1.0,2026-06-26 15:00:00-04,Group I,,,,,,,,,,,,,,,,,,,,,
,,,,,,,,,,,matches.csv,,,,,4.0,,,,63.0,,,,,,,,,,,,,,63.0,30.0,31.0,1.0,2026-06-26 20:00:00-05,Group H,,,,,,,,,,,,,,,,,,,,,
,,,,,,,,,,,matches.csv,,,,,14.0,,,,64.0,,,,,,,,,,,,,,64.0,32.0,29.0,1.0,2026-06-26 20:00:00-06,Group H,,,,,,,,,,,,,,,,,,,,,
,,,,,,,,,,,matches.csv,,,,,11.0,,,,65.0,,,,,,,,,,,,,,65.0,26.0,27.0,1.0,2026-06-26 23:00:00-07,Group G,,,,,,,,,,,,,,,,,,,,,
,,,,,,,,,,,matches.csv,,,,,13.0,,,,66.0,,,,,,,,,,,,,,66.0,28.0,25.0,1.0,2026-06-26 23:00:00-07,Group G,,,,,,,,,,,,,,,,,,,,,
,,,,,,,,,,,matches.csv,,,,,8.0,,,,67.0,,,,,,,,,,,,,,67.0,48.0,45.0,1.0,2026-06-27 17:00:00-04,Group L,,,,,,,,,,,,,,,,,,,,,
,,,,,,,,,,,matches.csv,,,,,9.0,,,,68.0,,,,,,,,,,,,,,68.0,46.0,47.0,1.0,2026-06-27 17:00:00-04,Group L,,,,,,,,,,,,,,,,,,,,,
,,,,,,,,,,,matches.csv,,,,,7.0,,,,69.0,,,,,,,,,,,,,,69.0,44.0,41.0,1.0,2026-06-27 19:30:00-04,Group K,,,,,,,,,,,,,,,,,,,,,
,,,,,,,,,,,matches.csv,,,,,1.0,,,,70.0,,,,,,,,,,,,,,70.0,42.0,43.0,1.0,2026-06-27 19:30:00-04,Group K,,,,,,,,,,,,,,,,,,,,,
,,,,,,,,,,,matches.csv,,,,,5.0,,,,71.0,,,,,,,,,,,,,,71.0,38.0,39.0,1.0,2026-06-27 22:00:00-05,Group J,,,,,,,,,,,,,,,,,,,,,
,,,,,,,,,,,matches.csv,,,,,3.0,,,,72.0,,,,,,,,,,,,,,72.0,40.0,37.0,1.0,2026-06-27 22:00:00-05,Group J,,,,,,,,,,,,,,,,,,,,,
,,,,,,,,,,,matches.csv,,,,,6.0,,,,73.0,,,,,,,,,,,,,,73.0,,,2.0,2026-06-28 15:00:00-07,2A vs 2B,,,,,,,,,,,,,,,,,,,,,
,,,,,,,,,,,matches.csv,,,,,4.0,,,,74.0,,,,,,,,,,,,,,74.0,,,2.0,2026-06-29 13:00:00-05,1C vs 2F,,,,,,,,,,,,,,,,,,,,,
,,,,,,,,,,,matches.csv,,,,,2.0,,,,75.0,,,,,,,,,,,,,,75.0,,,2.0,2026-06-29 16:30:00-04,1E vs 3ABCDF,,,,,,,,,,,,,,,,,,,,,
,,,,,,,,,,,matches.csv,,,,,16.0,,,,76.0,,,,,,,,,,,,,,76.0,,,2.0,2026-06-29 21:00:00-06,1F vs 2C,,,,,,,,,,,,,,,,,,,,,
,,,,,,,,,,,matches.csv,,,,,3.0,,,,77.0,,,,,,,,,,,,,,77.0,,,2.0,2026-06-30 13:00:00-05,2E vs 2I,,,,,,,,,,,,,,,,,,,,,
,,,,,,,,,,,matches.csv,,,,,8.0,,,,78.0,,,,,,,,,,,,,,78.0,,,2.0,2026-06-30 17:00:00-04,1I vs 3CDFGH,,,,,,,,,,,,,,,,,,,,,
,,,,,,,,,,,matches.csv,,,,,15.0,,,,79.0,,,,,,,,,,,,,,79.0,,,2.0,2026-06-30 21:00:00-06,1A vs 3CEFHI,,,,,,,,,,,,,,,,,,,,,
,,,,,,,,,,,matches.csv,,,,,1.0,,,,80.0,,,,,,,,,,,,,,80.0,,,2.0,2026-07-01 12:00:00-04,1L vs 3EHIJK,,,,,,,,,,,,,,,,,,,,,
,,,,,,,,,,,matches.csv,,,,,11.0,,,,81.0,,,,,,,,,,,,,,81.0,,,2.0,2026-07-01 16:00:00-07,1G vs 3AEHIJ,,,,,,,,,,,,,,,,,,,,,
,,,,,,,,,,,matches.csv,,,,,10.0,,,,82.0,,,,,,,,,,,,,,82.0,,,2.0,2026-07-01 20:00:00-07,1D vs 3BEFIJ,,,,,,,,,,,,,,,,,,,,,
,,,,,,,,,,,matches.csv,,,,,6.0,,,,83.0,,,,,,,,,,,,,,83.0,,,2.0,2026-07-02 15:00:00-07,1H vs 2J,,,,,,,,,,,,,,,,,,,,,
,,,,,,,,,,,matches.csv,,,,,12.0,,,,84.0,,,,,,,,,,,,,,84.0,,,2.0,2026-07-02 19:00:00-04,2K vs 2L,,,,,,,,,,,,,,,,,,,,,
,,,,,,,,,,,matches.csv,,,,,13.0,,,,85.0,,,,,,,,,,,,,,85.0,,,2.0,2026-07-02 23:00:00-07,1B vs 3EFGIJ,,,,,,,,,,,,,,,,,,,,,
,,,,,,,,,,,matches.csv,,,,,3.0,,,,86.0,,,,,,,,,,,,,,86.0,,,2.0,2026-07-03 14:00:00-05,2D vs 2G,,,,,,,,,,,,,,,,,,,,,
,,,,,,,,,,,matches.csv,,,,,7.0,,,,87.0,,,,,,,,,,,,,,87.0,,,2.0,2026-07-03 18:00:00-04,1J vs 2H,,,,,,,,,,,,,,,,,,,,,
,,,,,,,,,,,matches.csv,,,,,5.0,,,,88.0,,,,,,,,,,,,,,88.0,,,2.0,2026-07-03 21:30:00-05,1K vs 3DEIJL,,,,,,,,,,,,,,,,,,,,,
,,,,,,,,,,,matches.csv,,,,,4.0,,,,89.0,,,,,,,,,,,,,,89.0,,,3.0,2026-07-04 13:00:00-05,W73 vs W75,,,,,,,,,,,,,,,,,,,,,
,,,,,,,,,,,matches.csv,,,,,9.0,,,,90.0,,,,,,,,,,,,,,90.0,,,3.0,2026-07-04 17:00:00-04,W74 vs W77,,,,,,,,,,,,,,,,,,,,,
,,,,,,,,,,,matches.csv,,,,,8.0,,,,91.0,,,,,,,,,,,,,,91.0,,,3.0,2026-07-05 16:00:00-04,W76 vs W78,,,,,,,,,,,,,,,,,,,,,
,,,,,,,,,,,matches.csv,,,,,15.0,,,,92.0,,,,,,,,,,,,,,92.0,,,3.0,2026-07-05 20:00:00-06,W79 vs W80,,,,,,,,,,,,,,,,,,,,,
,,,,,,,,,,,matches.csv,,,,,3.0,,,,93.0,,,,,,,,,,,,,,93.0,,,3.0,2026-07-06 15:00:00-05,W83 vs W84,,,,,,,,,,,,,,,,,,,,,
,,,,,,,,,,,matches.csv,,,,,11.0,,,,94.0,,,,,,,,,,,,,,94.0,,,3.0,2026-07-06 20:00:00-07,W81 vs W82,,,,,,,,,,,,,,,,,,,,,
,,,,,,,,,,,matches.csv,,,,,1.0,,,,95.0,,,,,,,,,,,,,,95.0,,,3.0,2026-07-07 12:00:00-04,W86 vs W88,,,,,,,,,,,,,,,,,,,,,
,,,,,,,,,,,matches.csv,,,,,13.0,,,,96.0,,,,,,,,,,,,,,96.0,,,3.0,2026-07-07 16:00:00-07,W85 vs W87,,,,,,,,,,,,,,,,,,,,,
,,,,,,,,,,,matches.csv,,,,,2.0,,,,97.0,,,,,,,,,,,,,,97.0,,,4.0,2026-07-09 16:00:00-04,W89 vs W90,,,,,,,,,,,,,,,,,,,,,
,,,,,,,,,,,matches.csv,,,,,6.0,,,,98.0,,,,,,,,,,,,,,98.0,,,4.0,2026-07-10 15:00:00-07,W93 vs W94,,,,,,,,,,,,,,,,,,,,,
,,,,,,,,,,,matches.csv,,,,,7.0,,,,99.0,,,,,,,,,,,,,,99.0,,,4.0,2026-07-11 17:00:00-04,W91 vs W92,,,,,,,,,,,,,,,,,,,,,
,,,,,,,,,,,matches.csv,,,,,5.0,,,,100.0,,,,,,,,,,,,,,100.0,,,4.0,2026-07-11 21:00:00-05,W95 vs W100,,,,,,,,,,,,,,,,,,,,,
,,,,,,,,,,,matches.csv,,,,,3.0,,,,101.0,,,,,,,,,,,,,,101.0,,,5.0,2026-07-14 15:00:00-05,W97 vs W98,,,,,,,,,,,,,,,,,,,,,
,,,,,,,,,,,matches.csv,,,,,1.0,,,,102.0,,,,,,,,,,,,,,102.0,,,5.0,2026-07-15 15:00:00-04,W99 vs W100,,,,,,,,,,,,,,,,,,,,,
,,,,,,,,,,,matches.csv,,,,,7.0,,,,103.0,,,,,,,,,,,,,,103.0,,,6.0,2026-07-18 17:00:00-04,RU101 vs RU102,,,,,,,,,,,,,,,,,,,,,
,,,,,,,,,,,matches.csv,,,,,8.0,,,,104.0,,,,,,,,,,,,,,104.0,,,7.0,2026-07-19 15:00:00-04,W101 vs W102,,,,,,,,,,,,,,,,,,,,,
Jayden Adams,MF,25-037,,,,,,,,,south_africa_world_cup_roster_2026.csv,23.0,Mamelodi Sundowns,2001-05-05,,,,,,,,,,,,,,,,,,,,,,,,,,,,,,,,,,,,,,,,,,,,,,
Oswin Appollis,MF,24-290,,,,,,,,,south_africa_world_cup_roster_2026.csv,7.0,Orlando Pirates,2001-08-25,,,,,,,,,,,,,,,,,,,,,,,,,,,,,,,,,,,,,,,,,,,,,,
Sipho Chaine,GK,29-179,,,,,,,,,south_africa_world_cup_roster_2026.csv,16.0,Orlando Pirates,1996-12-14,,,,,,,,,,,,,,,,,,,,,,,,,,South Africa,,,,,,,,,,,,,,,,,,,,
Bradley Cross,DF,25-132,,,,,,,,,south_africa_world_cup_roster_2026.csv,26.0,Kaizer Chiefs,2001-01-30,,,,,,,,,,,,,,,,,,,,,,,,,,Kempton Park South Africa,,,,,,,,,,,,,,,,,,,,
Lyle Foster,FW,25-281,,,,,,,,,south_africa_world_cup_roster_2026.csv,9.0,Burnley,2000-09-03,,,,,,,,,,,,,,,,,,,,,,,,,,,,,,,,,,,,,,,,,,,,,,
Ricardo Goss,GK,32-070,,,,,,,,,south_africa_world_cup_roster_2026.csv,22.0,Siwelele,1994-04-02,,,,,,,,,,,,,,,,,,,,,,,,,,,,,,,,,,,,,,,,,,,,,,
Samukele Kabini,DF,22-088,,,,,,,,,south_africa_world_cup_roster_2026.csv,18.0,Molde,2004-03-15,,,,,,,,,,,,,,,,,,,,,,,,,,South Africa,,,,,,,,,,,,,,,,,,,,
Evidence Makgopa,FW,26-006,,,,,,,,,south_africa_world_cup_roster_2026.csv,17.0,Orlando Pirates,2000-06-05,,,,,,,,,,,,,,,,,,,,,,,,,,South Africa,,,,,,,,,,,,,,,,,,,,
Olwethu Makhanya,DF,22-042,,,,,,,,,south_africa_world_cup_roster_2026.csv,24.0,Philadelphia Union,2004-04-30,,,,,,,,,,,,,,,,,,,,,,,,,,South Africa,,,,,,,,,,,,,,,,,,,,
Thapelo Maseko,MF,22-212,,,,,,,,,south_africa_world_cup_roster_2026.csv,12.0,AEL Limassol,2003-11-11,,,,,,,,,,,,,,,,,,,,,,,,,,South Africa,,,,,,,,,,,,,,,,,,,,
Thabang Matuludi,DF,27-148,,,,,,,,,south_africa_world_cup_roster_2026.csv,2.0,Polokwane City,1999-01-14,,,,,,,,,,,,,,,,,,,,,,,,,,South Africa,,,,,,,,,,,,,,,,,,,,
Thalente Mbatha,MF,26-087,,,,,,,,,south_africa_world_cup_roster_2026.csv,5.0,Orlando Pirates,2000-03-16,,,,,,,,,,,,,,,,,,,,,,,,,,South Africa,,,,,,,,,,,,,,,,,,,,
Mbekezeli Mbokazi,DF,20-265,,,,,,,,,south_africa_world_cup_roster_2026.csv,14.0,Chicago Fire,2005-09-19,,,,,,,,,,,,,,,,,,,,,,,,,,South Africa,,,,,,,,,,,,,,,,,,,,
Aubrey Modiba,DF,30-324,,,,,,,,,south_africa_world_cup_roster_2026.csv,6.0,Mamelodi Sundowns,1995-07-22,,,,,,,,,,,,,,,,,,,,,,,,,,Polokwane South Africa,,,,,,,,,,,,,,,,,,,,
Relebohile Mofokeng,MF,21-231,,,,,,,,,south_africa_world_cup_roster_2026.csv,10.0,Orlando Pirates,2004-10-23,,,,,,,,,,,,,,,,,,,,,,,,,,South Africa,,,,,,,,,,,,,,,,,,,,
Teboho Mokoena,MF,29-138,,,,,,,,,south_africa_world_cup_roster_2026.csv,4.0,Mamelodi Sundowns,1997-01-24,,,,,,,,,,,,,,,,,,,,,,,,,,Bethlehem South Africa,,,,,,,,,,,,,,,,,,,,
Tshepang Moremi,MF,25-252,,,,,,,,,south_africa_world_cup_roster_2026.csv,8.0,Orlando Pirates,2000-10-02,,,,,,,,,,,,,,,,,,,,,,,,,,South Africa,,,,,,,,,,,,,,,,,,,,
Khuliso Mudau,DF,31-046,,,,,,,,,south_africa_world_cup_roster_2026.csv,20.0,Mamelodi Sundowns,1995-04-26,,,,,,,,,,,,,,,,,,,,,,,,,,South Africa,,,,,,,,,,,,,,,,,,,,
Khulumani Ndamane,DF,22-126,,,,,,,,,south_africa_world_cup_roster_2026.csv,3.0,Mamelodi Sundowns,2004-02-05,,,,,,,,,,,,,,,,,,,,,,,,,,South Africa,,,,,,,,,,,,,,,,,,,,
Ime Okon,DF,22-111,,,,,,,,,south_africa_world_cup_roster_2026.csv,21.0,Hannover 96,2004-02-20,,,,,,,,,,,,,,,,,,,,,,,,,,South Africa,,,,,,,,,,,,,,,,,,,,
Iqraam Rayners,FW,30-174,,,,,,,,,south_africa_world_cup_roster_2026.csv,15.0,Mamelodi Sundowns,1995-12-19,,,,,,,,,,,,,,,,,,,,,,,,,,South Africa,,,,,,,,,,,,,,,,,,,,
Kamogelo Sebelebele,DF,23-325,,,,,,,,,south_africa_world_cup_roster_2026.csv,25.0,Orlando Pirates,2002-07-21,,,,,,,,,,,,,,,,,,,,,,,,,,South Africa,,,,,,,,,,,,,,,,,,,,
Nkosinathi Sibisi,DF,30-262,,,,,,,,,south_africa_world_cup_roster_2026.csv,19.0,Orlando Pirates,1995-09-22,,,,,,,,,,,,,,,,,,,,,,,,,,South Africa,,,,,,,,,,,,,,,,,,,,
Sphephelo Sithole,MF,27-100,,,,,,,,,south_africa_world_cup_roster_2026.csv,13.0,Tondela,1999-03-03,,,,,,,,,,,,,,,,,,,,,,,,,,South Africa,,,,,,,,,,,,,,,,,,,,
Ronwen Williams,GK,34-141,,,,,,,,,south_africa_world_cup_roster_2026.csv,1.0,Mamelodi Sundowns,1992-01-21,,,,,,,,,,,,,,,,,,,,,,,,,,Gqeberha South Africa,,,,,,,,,,,,,,,,,,,,
Themba Zwane,FW,36-312,,,,,,,,,south_africa_world_cup_roster_2026.csv,11.0,Mamelodi Sundowns,1989-08-03,,,,,,,,,,,,,,,,,,,,,,,,,,Tembisa South Africa,,,,,,,,,,,,,,,,,,,,
,,,,,,,,,,,stadium_mapping.csv,,,,,,,,,,,,,,,,,,,,,,,,,,,,,,1.0,Mercedes-Benz Stadium,1.jpg,,,,,,,,,,,,,,,,,
,,,,,,,,,,,stadium_mapping.csv,,,,,,,,,,,,,,,,,,,,,,,,,,,,,,2.0,Gillette Stadium,2.jpg,,,,,,,,,,,,,,,,,
,,,,,,,,,,,stadium_mapping.csv,,,,,,,,,,,,,,,,,,,,,,,,,,,,,,3.0,AT&T Stadium,3.jpg,,,,,,,,,,,,,,,,,
,,,,,,,,,,,stadium_mapping.csv,,,,,,,,,,,,,,,,,,,,,,,,,,,,,,4.0,NRG Stadium,4.jpg,,,,,,,,,,,,,,,,,
,,,,,,,,,,,stadium_mapping.csv,,,,,,,,,,,,,,,,,,,,,,,,,,,,,,5.0,Arrowhead Stadium,5.jpeg,,,,,,,,,,,,,,,,,
,,,,,,,,,,,stadium_mapping.csv,,,,,,,,,,,,,,,,,,,,,,,,,,,,,,6.0,SoFi Stadium,6.jpg,,,,,,,,,,,,,,,,,
,,,,,,,,,,,stadium_mapping.csv,,,,,,,,,,,,,,,,,,,,,,,,,,,,,,7.0,Hard Rock Stadium,7.jpg,,,,,,,,,,,,,,,,,
,,,,,,,,,,,stadium_mapping.csv,,,,,,,,,,,,,,,,,,,,,,,,,,,,,,8.0,MetLife Stadium,8.webp,,,,,,,,,,,,,,,,,
,,,,,,,,,,,stadium_mapping.csv,,,,,,,,,,,,,,,,,,,,,,,,,,,,,,9.0,Lincoln Financial Field,9.jpg,,,,,,,,,,,,,,,,,
,,,,,,,,,,,stadium_mapping.csv,,,,,,,,,,,,,,,,,,,,,,,,,,,,,,10.0,Levi's Stadium,10.jpg,,,,,,,,,,,,,,,,,
,,,,,,,,,,,stadium_mapping.csv,,,,,,,,,,,,,,,,,,,,,,,,,,,,,,11.0,Lumen Field,11.jpg,,,,,,,,,,,,,,,,,
,,,,,,,,,,,stadium_mapping.csv,,,,,,,,,,,,,,,,,,,,,,,,,,,,,,12.0,BMO Field,12.jpg,,,,,,,,,,,,,,,,,
,,,,,,,,,,,stadium_mapping.csv,,,,,,,,,,,,,,,,,,,,,,,,,,,,,,13.0,BC Place,13.webp,,,,,,,,,,,,,,,,,
,,,,,,,,,,,stadium_mapping.csv,,,,,,,,,,,,,,,,,,,,,,,,,,,,,,14.0,Estadio Akron,14.jpg,,,,,,,,,,,,,,,,,
,,,,,,,,,,,stadium_mapping.csv,,,,,,,,,,,,,,,,,,,,,,,,,,,,,,15.0,Estadio Azteca,15.jpg,,,,,,,,,,,,,,,,,
,,,,,,,,,,,stadium_mapping.csv,,,,,,,,,,,,,,,,,,,,,,,,,,,,,,16.0,Estadio BBVA,16.jpg,,,,,,,,,,,,,,,,,
,,,,,,,,,,,teams.csv,,,,,,,,,1.0,Mexico,,,,,,MEX,,,,,,,,,,,,,,,,,A,False,,,,,,,,,,,,,,,
,,,,,,,,,,,teams.csv,,,,,,,,,2.0,South Africa,,,,,,RSA,,,,,,,,,,,,,,,,,A,False,,,,,,,,,,,,,,,
,,,,,,,,,,,teams.csv,,,,,,,,,3.0,South Korea,,,,,,KOR,,,,,,,,,,,,,,,,,A,False,,,,,,,,,,,,,,,
,,,,,,,,,,,teams.csv,,,,,,,,,4.0,Winner UEFA Playoff D,,,,,,UEPD,,,,,,,,,,,,,,,,,A,True,,,,,,,,,,,,,,,
,,,,,,,,,,,teams.csv,,,,,,,,,5.0,Canada,,,,,,CAN,,,,,,,,,,,,,,,,,B,False,,,,,,,,,,,,,,,
,,,,,,,,,,,teams.csv,,,,,,,,,6.0,Winner UEFA Playoff A,,,,,,UEPA,,,,,,,,,,,,,,,,,B,True,,,,,,,,,,,,,,,
,,,,,,,,,,,teams.csv,,,,,,,,,7.0,Qatar,,,,,,QAT,,,,,,,,,,,,,,,,,B,False,,,,,,,,,,,,,,,
,,,,,,,,,,,teams.csv,,,,,,,,,8.0,Switzerland,,,,,,SUI,,,,,,,,,,,,,,,,,B,False,,,,,,,,,,,,,,,
,,,,,,,,,,,teams.csv,,,,,,,,,9.0,Brazil,,,,,,BRA,,,,,,,,,,,,,,,,,C,False,,,,,,,,,,,,,,,
,,,,,,,,,,,teams.csv,,,,,,,,,10.0,Morocco,,,,,,MAR,,,,,,,,,,,,,,,,,C,False,,,,,,,,,,,,,,,
,,,,,,,,,,,teams.csv,,,,,,,,,11.0,Haiti,,,,,,HAI,,,,,,,,,,,,,,,,,C,False,,,,,,,,,,,,,,,
,,,,,,,,,,,teams.csv,,,,,,,,,12.0,Scotland,,,,,,SCO,,,,,,,,,,,,,,,,,C,False,,,,,,,,,,,,,,,
,,,,,,,,,,,teams.csv,,,,,,,,,13.0,USA,,,,,,USA,,,,,,,,,,,,,,,,,D,False,,,,,,,,,,,,,,,
,,,,,,,,,,,teams.csv,,,,,,,,,14.0,Paraguay,,,,,,PAR,,,,,,,,,,,,,,,,,D,False,,,,,,,,,,,,,,,
,,,,,,,,,,,teams.csv,,,,,,,,,15.0,Australia,,,,,,AUS,,,,,,,,,,,,,,,,,D,False,,,,,,,,,,,,,,,
,,,,,,,,,,,teams.csv,,,,,,,,,16.0,Winner UEFA Playoff C,,,,,,UEPC,,,,,,,,,,,,,,,,,D,True,,,,,,,,,,,,,,,
,,,,,,,,,,,teams.csv,,,,,,,,,17.0,Germany,,,,,,GER,,,,,,,,,,,,,,,,,E,False,,,,,,,,,,,,,,,
,,,,,,,,,,,teams.csv,,,,,,,,,18.0,Curaçao,,,,,,CUR,,,,,,,,,,,,,,,,,E,False,,,,,,,,,,,,,,,
,,,,,,,,,,,teams.csv,,,,,,,,,19.0,Côte d'Ivoire,,,,,,CIV,,,,,,,,,,,,,,,,,E,False,,,,,,,,,,,,,,,
,,,,,,,,,,,teams.csv,,,,,,,,,20.0,Ecuador,,,,,,ECU,,,,,,,,,,,,,,,,,E,False,,,,,,,,,,,,,,,
,,,,,,,,,,,teams.csv,,,,,,,,,21.0,Netherlands,,,,,,NED,,,,,,,,,,,,,,,,,F,False,,,,,,,,,,,,,,,
,,,,,,,,,,,teams.csv,,,,,,,,,22.0,Japan,,,,,,JPN,,,,,,,,,,,,,,,,,F,False,,,,,,,,,,,,,,,
,,,,,,,,,,,teams.csv,,,,,,,,,23.0,Winner UEFA Playoff B,,,,,,UEPB,,,,,,,,,,,,,,,,,F,True,,,,,,,,,,,,,,,
,,,,,,,,,,,teams.csv,,,,,,,,,24.0,Tunisia,,,,,,TUN,,,,,,,,,,,,,,,,,F,False,,,,,,,,,,,,,,,
,,,,,,,,,,,teams.csv,,,,,,,,,25.0,Belgium,,,,,,BEL,,,,,,,,,,,,,,,,,G,False,,,,,,,,,,,,,,,
,,,,,,,,,,,teams.csv,,,,,,,,,26.0,Egypt,,,,,,EGY,,,,,,,,,,,,,,,,,G,False,,,,,,,,,,,,,,,
,,,,,,,,,,,teams.csv,,,,,,,,,27.0,IR Iran,,,,,,IRN,,,,,,,,,,,,,,,,,G,False,,,,,,,,,,,,,,,
,,,,,,,,,,,teams.csv,,,,,,,,,28.0,New Zealand,,,,,,NZL,,,,,,,,,,,,,,,,,G,False,,,,,,,,,,,,,,,
,,,,,,,,,,,teams.csv,,,,,,,,,29.0,Spain,,,,,,ESP,,,,,,,,,,,,,,,,,H,False,,,,,,,,,,,,,,,
,,,,,,,,,,,teams.csv,,,,,,,,,30.0,Cabo Verde,,,,,,CPV,,,,,,,,,,,,,,,,,H,False,,,,,,,,,,,,,,,
,,,,,,,,,,,teams.csv,,,,,,,,,31.0,Saudi Arabia,,,,,,KSA,,,,,,,,,,,,,,,,,H,False,,,,,,,,,,,,,,,
,,,,,,,,,,,teams.csv,,,,,,,,,32.0,Uruguay,,,,,,URU,,,,,,,,,,,,,,,,,H,False,,,,,,,,,,,,,,,
,,,,,,,,,,,teams.csv,,,,,,,,,33.0,France,,,,,,FRA,,,,,,,,,,,,,,,,,I,False,,,,,,,,,,,,,,,
,,,,,,,,,,,teams.csv,,,,,,,,,34.0,Senegal,,,,,,SEN,,,,,,,,,,,,,,,,,I,False,,,,,,,,,,,,,,,
,,,,,,,,,,,teams.csv,,,,,,,,,35.0,Winner FIFA Playoff 2,,,,,,FP02,,,,,,,,,,,,,,,,,I,True,,,,,,,,,,,,,,,
,,,,,,,,,,,teams.csv,,,,,,,,,36.0,Norway,,,,,,NOR,,,,,,,,,,,,,,,,,I,False,,,,,,,,,,,,,,,
,,,,,,,,,,,teams.csv,,,,,,,,,37.0,Argentina,,,,,,ARG,,,,,,,,,,,,,,,,,J,False,,,,,,,,,,,,,,,
,,,,,,,,,,,teams.csv,,,,,,,,,38.0,Algeria,,,,,,ALG,,,,,,,,,,,,,,,,,J,False,,,,,,,,,,,,,,,
,,,,,,,,,,,teams.csv,,,,,,,,,39.0,Austria,,,,,,AUT,,,,,,,,,,,,,,,,,J,False,,,,,,,,,,,,,,,
,,,,,,,,,,,teams.csv,,,,,,,,,40.0,Jordan,,,,,,JOR,,,,,,,,,,,,,,,,,J,False,,,,,,,,,,,,,,,
,,,,,,,,,,,teams.csv,,,,,,,,,41.0,Portugal,,,,,,POR,,,,,,,,,,,,,,,,,K,False,,,,,,,,,,,,,,,
,,,,,,,,,,,teams.csv,,,,,,,,,42.0,Winner FIFA Playoff 1,,,,,,FP01,,,,,,,,,,,,,,,,,K,True,,,,,,,,,,,,,,,
,,,,,,,,,,,teams.csv,,,,,,,,,43.0,Uzbekistan,,,,,,UZB,,,,,,,,,,,,,,,,,K,False,,,,,,,,,,,,,,,
,,,,,,,,,,,teams.csv,,,,,,,,,44.0,Colombia,,,,,,COL,,,,,,,,,,,,,,,,,K,False,,,,,,,,,,,,,,,
,,,,,,,,,,,teams.csv,,,,,,,,,45.0,England,,,,,,ENG,,,,,,,,,,,,,,,,,L,False,,,,,,,,,,,,,,,
,,,,,,,,,,,teams.csv,,,,,,,,,46.0,Croatia,,,,,,CRO,,,,,,,,,,,,,,,,,L,False,,,,,,,,,,,,,,,
,,,,,,,,,,,teams.csv,,,,,,,,,47.0,Ghana,,,,,,GHA,,,,,,,,,,,,,,,,,L,False,,,,,,,,,,,,,,,
,,,,,,,,,,,teams.csv,,,,,,,,,48.0,Panama,,,,,,PAN,,,,,,,,,,,,,,,,,L,False,,,,,,,,,,,,,,,
,,,,,,,,,,,team_mapping.csv,,,,,,,,,,,,,,,,,,,,,,,,,,,,,,,,,,,Argentina,1369.0,,,,,,,,,,,,,
,,,,,,,,,,,team_mapping.csv,,,,,,,,,,,,,,,,,,,,,,,,,,,,,,,,,,,Poland,1353.0,,,,,,,,,,,,,
,,,,,,,,,,,team_mapping.csv,,,,,,,,,,,,,,,,,,,,,,,,,,,,,,,,,,,Portugal,1354.0,,,,,,,,,,,,,
,,,,,,,,,,,team_mapping.csv,,,,,,,,,,,,,,,,,,,,,,,,,,,,,,,,,,,Belgium,1325.0,,,,,,,,,,,,,
,,,,,,,,,,,team_mapping.csv,,,,,,,,,,,,,,,,,,,,,,,,,,,,,,,,,,,France,1335.0,,,,,,,,,,,,,
,,,,,,,,,,,team_mapping.csv,,,,,,,,,,,,,,,,,,,,,,,,,,,,,,,,,,,Germany,1337.0,,,,,,,,,,,,,
,,,,,,,,,,,team_mapping.csv,,,,,,,,,,,,,,,,,,,,,,,,,,,,,,,,,,,England,1318.0,,,,,,,,,,,,,
,,,,,,,,,,,team_mapping.csv,,,,,,,,,,,,,,,,,,,,,,,,,,,,,,,,,,,Netherlands,105035.0,,,,,,,,,,,,,
,,,,,,,,,,,team_mapping.csv,,,,,,,,,,,,,,,,,,,,,,,,,,,,,,,,,,,Italy,1343.0,,,,,,,,,,,,,
,,,,,,,,,,,team_mapping.csv,,,,,,,,,,,,,,,,,,,,,,,,,,,,,,,,,,,Spain,1362.0,,,,,,,,,,,,,
,,,,,,,,,,,team_mapping.csv,,,,,,,,,,,,,,,,,,,,,,,,,,,,,,,,,,,Norway,1352.0,,,,,,,,,,,,,
,,,,,,,,,,,team_mapping.csv,,,,,,,,,,,,,,,,,,,,,,,,,,,,,,,,,,,Scotland,1359.0,,,,,,,,,,,,,
,,,,,,,,,,,team_mapping.csv,,,,,,,,,,,,,,,,,,,,,,,,,,,,,,,,,,,Denmark,1331.0,,,,,,,,,,,,,
,,,,,,,,,,,team_mapping.csv,,,,,,,,,,,,,,,,,,,,,,,,,,,,,,,,,,,Hungary,1886.0,,,,,,,,,,,,,
,,,,,,,,,,,team_mapping.csv,,,,,,,,,,,,,,,,,,,,,,,,,,,,,,,,,,,Sweden,1363.0,,,,,,,,,,,,,
,,,,,,,,,,,team_mapping.csv,,,,,,,,,,,,,,,,,,,,,,,,,,,,,,,,,,,Austria,1322.0,,,,,,,,,,,,,
,,,,,,,,,,,team_mapping.csv,,,,,,,,,,,,,,,,,,,,,,,,,,,,,,,,,,,Finland,1334.0,,,,,,,,,,,,,
,,,,,,,,,,,team_mapping.csv,,,,,,,,,,,,,,,,,,,,,,,,,,,,,,,,,,,Mexico,1386.0,,,,,,,,,,,,,
,,,,,,,,,,,team_mapping.csv,,,,,,,,,,,,,,,,,,,,,,,,,,,,,,,,,,,Brazil,1370.0,,,,,,,,,,,,,
,,,,,,,,,,,team_mapping.csv,,,,,,,,,,,,,,,,,,,,,,,,,,,,,,,,,,,Wales,1367.0,,,,,,,,,,,,,
,,,,,,,,,,,team_mapping.csv,,,,,,,,,,,,,,,,,,,,,,,,,,,,,,,,,,,United States,1387.0,,,,,,,,,,,,,
,,,,,,,,,,,team_mapping.csv,,,,,,,,,,,,,,,,,,,,,,,,,,,,,,,,,,,Canada,111455.0,,,,,,,,,,,,,
,,,,,,,,,,,team_mapping.csv,,,,,,,,,,,,,,,,,,,,,,,,,,,,,,,,,,,Czech Republic,1330.0,,,,,,,,,,,,,
,,,,,,,,,,,team_mapping.csv,,,,,,,,,,,,,,,,,,,,,,,,,,,,,,,,,,,Ukraine,1366.0,,,,,,,,,,,,,
,,,,,,,,,,,team_mapping.csv,,,,,,,,,,,,,,,,,,,,,,,,,,,,,,,,,,,Greece,1338.0,,,,,,,,,,,,,
,,,,,,,,,,,team_mapping.csv,,,,,,,,,,,,,,,,,,,,,,,,,,,,,,,,,,,Northern Ireland,110081.0,,,,,,,,,,,,,
,,,,,,,,,,,team_mapping.csv,,,,,,,,,,,,,,,,,,,,,,,,,,,,,,,,,,,Iceland,1341.0,,,,,,,,,,,,,
,,,,,,,,,,,team_mapping.csv,,,,,,,,,,,,,,,,,,,,,,,,,,,,,,,,,,,New Zealand,111473.0,,,,,,,,,,,,,
,,,,,,,,,,,team_mapping.csv,,,,,,,,,,,,,,,,,,,,,,,,,,,,,,,,,,,China PR,1413.0,,,,,,,,,,,,,
,,,,,,,,,,,team_mapping.csv,,,,,,,,,,,,,,,,,,,,,,,,,,,,,,,,,,,Russia,1357.0,,,,,,,,,,,,,
,,,,,,,,,,,team_mapping.csv,,,,,,,,,,,,,,,,,,,,,,,,,,,,,,,,,,,Republic of Ireland,1355.0,,,,,,,,,,,,,
,,,,,,,,,,,team_mapping.csv,,,,,,,,,,,,,,,,,,,,,,,,,,,,,,,,,,,Romania,1356.0,,,,,,,,,,,,,
,,,,,,,,,,,team_mapping.csv,,,,,,,,,,,,,,,,,,,,,,,,,,,,,,,,,,,Australia,1415.0,,,,,,,,,,,,,
,,,,,,,,,,,tournament_stages.csv,,,,,,,,,1.0,,,,,,,,,,,,,,,,,,,,,,,,,,,,Group Stage,1.0,,,,,,,,,,,
,,,,,,,,,,,tournament_stages.csv,,,,,,,,,2.0,,,,,,,,,,,,,,,,,,,,,,,,,,,,Round of 32,2.0,,,,,,,,,,,
,,,,,,,,,,,tournament_stages.csv,,,,,,,,,3.0,,,,,,,,,,,,,,,,,,,,,,,,,,,,Round of 16,3.0,,,,,,,,,,,
,,,,,,,,,,,tournament_stages.csv,,,,,,,,,4.0,,,,,,,,,,,,,,,,,,,,,,,,,,,,Quarterfinals,4.0,,,,,,,,,,,
,,,,,,,,,,,tournament_stages.csv,,,,,,,,,5.0,,,,,,,,,,,,,,,,,,,,,,,,,,,,Semifinals,5.0,,,,,,,,,,,
,,,,,,,,,,,tournament_stages.csv,,,,,,,,,6.0,,,,,,,,,,,,,,,,,,,,,,,,,,,,Third Place Playoff,6.0,,,,,,,,,,,
,,,,,,,,,,,tournament_stages.csv,,,,,,,,,7.0,,,,,,,,,,,,,,,,,,,,,,,,,,,,Final,7.0,,,,,,,,,,,
,,,0.0,,,,,,,mx Mexico,world_cup_2026.csv,,,,,,,,,,,,,,,,,,,,,,,,,,,,,,,,,,,,,,,Group A,1.0,0.0,0.0,0.0,0.0,0.0,0.0,0.0,"D,D,W,W,W",
,,,0.0,,,,,,,za South Africa,world_cup_2026.csv,,,,,,,,,,,,,,,,,,,,,,,,,,,,,,,,,,,,,,,Group A,2.0,0.0,0.0,0.0,0.0,0.0,0.0,0.0,"W,L,D,L,D",
,,,0.0,,,,,,,kr Korea Republic,world_cup_2026.csv,,,,,,,,,,,,,,,,,,,,,,,,,,,,,,,,,,,,,,,Group A,3.0,0.0,0.0,0.0,0.0,0.0,0.0,0.0,"W,L,L,W,W",
,,,0.0,,,,,,,cz Czechia,world_cup_2026.csv,,,,,,,,,,,,,,,,,,,,,,,,,,,,,,,,,,,,,,,Group A,4.0,0.0,0.0,0.0,0.0,0.0,0.0,0.0,"W,D,D,W,W",
,,,0.0,,,,,,,ca Canada,world_cup_2026.csv,,,,,,,,,,,,,,,,,,,,,,,,,,,,,,,,,,,,,,,Group B,1.0,0.0,0.0,0.0,0.0,0.0,0.0,0.0,"W,D,D,W,D",
,,,0.0,,,,,,,ba Bosnia-Herzegovina,world_cup_2026.csv,,,,,,,,,,,,,,,,,,,,,,,,,,,,,,,,,,,,,,,Group B,2.0,0.0,0.0,0.0,0.0,0.0,0.0,0.0,"D,D,D,D,D",
,,,0.0,,,,,,,qa Qatar,world_cup_2026.csv,,,,,,,,,,,,,,,,,,,,,,,,,,,,,,,,,,,,,,,Group B,3.0,0.0,0.0,0.0,0.0,0.0,0.0,0.0,"L,D,W,L,D",
,,,0.0,,,,,,,ch Switzerland,world_cup_2026.csv,,,,,,,,,,,,,,,,,,,,,,,,,,,,,,,,,,,,,,,Group B,4.0,0.0,0.0,0.0,0.0,0.0,0.0,0.0,"D,L,D,W,D",
,,,0.0,,,,,,,br Brazil,world_cup_2026.csv,,,,,,,,,,,,,,,,,,,,,,,,,,,,,,,,,,,,,,,Group C,1.0,0.0,0.0,0.0,0.0,0.0,0.0,0.0,"D,L,W,W,W",
,,,0.0,,,,,,,ma Morocco,world_cup_2026.csv,,,,,,,,,,,,,,,,,,,,,,,,,,,,,,,,,,,,,,,Group C,2.0,0.0,0.0,0.0,0.0,0.0,0.0,0.0,"L,D,W,W,D",
,,,0.0,,,,,,,ht Haiti,world_cup_2026.csv,,,,,,,,,,,,,,,,,,,,,,,,,,,,,,,,,,,,,,,Group C,3.0,0.0,0.0,0.0,0.0,0.0,0.0,0.0,"W,L,D,W,L",
,,,0.0,,,,,,,sct Scotland,world_cup_2026.csv,,,,,,,,,,,,,,,,,,,,,,,,,,,,,,,,,,,,,,,Group C,4.0,0.0,0.0,0.0,0.0,0.0,0.0,0.0,"W,L,L,W,W",
,,,0.0,,,,,,,us United States,world_cup_2026.csv,,,,,,,,,,,,,,,,,,,,,,,,,,,,,,,,,,,,,,,Group D,1.0,0.0,0.0,0.0,0.0,0.0,0.0,0.0,"W,L,L,W,L",
,,,0.0,,,,,,,py Paraguay,world_cup_2026.csv,,,,,,,,,,,,,,,,,,,,,,,,,,,,,,,,,,,,,,,Group D,2.0,0.0,0.0,0.0,0.0,0.0,0.0,0.0,"L,W,W,L,W",
,,,0.0,,,,,,,au Australia,world_cup_2026.csv,,,,,,,,,,,,,,,,,,,,,,,,,,,,,,,,,,,,,,,Group D,3.0,0.0,0.0,0.0,0.0,0.0,0.0,0.0,"L,L,L,L,D",
,,,0.0,,,,,,,tr Türkiye,world_cup_2026.csv,,,,,,,,,,,,,,,,,,,,,,,,,,,,,,,,,,,,,,,Group D,4.0,0.0,0.0,0.0,0.0,0.0,0.0,0.0,"D,W,W,W,W",
,,,0.0,,,,,,,de Germany,world_cup_2026.csv,,,,,,,,,,,,,,,,,,,,,,,,,,,,,,,,,,,,,,,Group E,1.0,0.0,0.0,0.0,0.0,0.0,0.0,0.0,"W,W,W,W,W",
,,,0.0,,,,,,,cw Curaçao,world_cup_2026.csv,,,,,,,,,,,,,,,,,,,,,,,,,,,,,,,,,,,,,,,Group E,2.0,0.0,0.0,0.0,0.0,0.0,0.0,0.0,"D,W,D,L,W",
,,,0.0,,,,,,,ci Côte d'Ivoire,world_cup_2026.csv,,,,,,,,,,,,,,,,,,,,,,,,,,,,,,,,,,,,,,,Group E,3.0,0.0,0.0,0.0,0.0,0.0,0.0,0.0,"W,L,W,W,W",
,,,0.0,,,,,,,ec Ecuador,world_cup_2026.csv,,,,,,,,,,,,,,,,,,,,,,,,,,,,,,,,,,,,,,,Group E,4.0,0.0,0.0,0.0,0.0,0.0,0.0,0.0,"W,D,D,W,W",
,,,0.0,,,,,,,nl Netherlands,world_cup_2026.csv,,,,,,,,,,,,,,,,,,,,,,,,,,,,,,,,,,,,,,,Group F,1.0,0.0,0.0,0.0,0.0,0.0,0.0,0.0,"W,W,D,L,W",
,,,0.0,,,,,,,jp Japan,world_cup_2026.csv,,,,,,,,,,,,,,,,,,,,,,,,,,,,,,,,,,,,,,,Group F,2.0,0.0,0.0,0.0,0.0,0.0,0.0,0.0,"W,W,W,W,W",
,,,0.0,,,,,,,se Sweden,world_cup_2026.csv,,,,,,,,,,,,,,,,,,,,,,,,,,,,,,,,,,,,,,,Group F,3.0,0.0,0.0,0.0,0.0,0.0,0.0,0.0,"D,W,W,L,D",
,,,0.0,,,,,,,tn Tunisia,world_cup_2026.csv,,,,,,,,,,,,,,,,,,,,,,,,,,,,,,,,,,,,,,,Group F,4.0,0.0,0.0,0.0,0.0,0.0,0.0,0.0,"D,W,D,L,L",
,,,0.0,,,,,,,be Belgium,world_cup_2026.csv,,,,,,,,,,,,,,,,,,,,,,,,,,,,,,,,,,,,,,,Group G,1.0,0.0,0.0,0.0,0.0,0.0,0.0,0.0,"W,W,D,W,W",
,,,0.0,,,,,,,eg Egypt,world_cup_2026.csv,,,,,,,,,,,,,,,,,,,,,,,,,,,,,,,,,,,,,,,Group G,2.0,0.0,0.0,0.0,0.0,0.0,0.0,0.0,"D,W,D,W,L",
,,,0.0,,,,,,,ir IR Iran,world_cup_2026.csv,,,,,,,,,,,,,,,,,,,,,,,,,,,,,,,,,,,,,,,Group G,3.0,0.0,0.0,0.0,0.0,0.0,0.0,0.0,"W,L,W,W,W",
,,,0.0,,,,,,,nz New Zealand,world_cup_2026.csv,,,,,,,,,,,,,,,,,,,,,,,,,,,,,,,,,,,,,,,Group G,4.0,0.0,0.0,0.0,0.0,0.0,0.0,0.0,"D,L,L,L,L",
,,,0.0,,,,,,,es Spain,world_cup_2026.csv,,,,,,,,,,,,,,,,,,,,,,,,,,,,,,,,,,,,,,,Group H,1.0,0.0,0.0,0.0,0.0,0.0,0.0,0.0,"D,W,D,D,W",
,,,0.0,,,,,,,cv Cape Verde,world_cup_2026.csv,,,,,,,,,,,,,,,,,,,,,,,,,,,,,,,,,,,,,,,Group H,2.0,0.0,0.0,0.0,0.0,0.0,0.0,0.0,"W,D,W,W,W",
,,,0.0,,,,,,,sa Saudi Arabia,world_cup_2026.csv,,,,,,,,,,,,,,,,,,,,,,,,,,,,,,,,,,,,,,,Group H,3.0,0.0,0.0,0.0,0.0,0.0,0.0,0.0,"L,L,L,W,D",
,,,0.0,,,,,,,uy Uruguay,world_cup_2026.csv,,,,,,,,,,,,,,,,,,,,,,,,,,,,,,,,,,,,,,,Group H,4.0,0.0,0.0,0.0,0.0,0.0,0.0,0.0,"W,D,L,D,D",
,,,0.0,,,,,,,fr France,world_cup_2026.csv,,,,,,,,,,,,,,,,,,,,,,,,,,,,,,,,,,,,,,,Group I,1.0,0.0,0.0,0.0,0.0,0.0,0.0,0.0,"W,W,W,L,W",
,,,0.0,,,,,,,sn Senegal,world_cup_2026.csv,,,,,,,,,,,,,,,,,,,,,,,,,,,,,,,,,,,,,,,Group I,2.0,0.0,0.0,0.0,0.0,0.0,0.0,0.0,"W,W,W,L,D",
,,,0.0,,,,,,,iq Iraq,world_cup_2026.csv,,,,,,,,,,,,,,,,,,,,,,,,,,,,,,,,,,,,,,,Group I,3.0,0.0,0.0,0.0,0.0,0.0,0.0,0.0,"W,W,W,D,L",
,,,0.0,,,,,,,no Norway,world_cup_2026.csv,,,,,,,,,,,,,,,,,,,,,,,,,,,,,,,,,,,,,,,Group I,4.0,0.0,0.0,0.0,0.0,0.0,0.0,0.0,"W,L,D,W,D",
,,,0.0,,,,,,,ar Argentina,world_cup_2026.csv,,,,,,,,,,,,,,,,,,,,,,,,,,,,,,,,,,,,,,,Group J,1.0,0.0,0.0,0.0,0.0,0.0,0.0,0.0,"W,W,W,W,W",
,,,0.0,,,,,,,dz Algeria,world_cup_2026.csv,,,,,,,,,,,,,,,,,,,,,,,,,,,,,,,,,,,,,,,Group J,2.0,0.0,0.0,0.0,0.0,0.0,0.0,0.0,"W,L,W,D,W",
,,,0.0,,,,,,,at Austria,world_cup_2026.csv,,,,,,,,,,,,,,,,,,,,,,,,,,,,,,,,,,,,,,,Group J,3.0,0.0,0.0,0.0,0.0,0.0,0.0,0.0,"W,D,W,W,W",
,,,0.0,,,,,,,jo Jordan,world_cup_2026.csv,,,,,,,,,,,,,,,,,,,,,,,,,,,,,,,,,,,,,,,Group J,4.0,0.0,0.0,0.0,0.0,0.0,0.0,0.0,"L,L,D,L,L",
,,,0.0,,,,,,,pt Portugal,world_cup_2026.csv,,,,,,,,,,,,,,,,,,,,,,,,,,,,,,,,,,,,,,,Group K,1.0,0.0,0.0,0.0,0.0,0.0,0.0,0.0,"L,W,D,W,W",
,,,0.0,,,,,,,cd Congo DR,world_cup_2026.csv,,,,,,,,,,,,,,,,,,,,,,,,,,,,,,,,,,,,,,,Group K,2.0,0.0,0.0,0.0,0.0,0.0,0.0,0.0,"L,W,W,D,L",
,,,0.0,,,,,,,uz Uzbekistan,world_cup_2026.csv,,,,,,,,,,,,,,,,,,,,,,,,,,,,,,,,,,,,,,,Group K,3.0,0.0,0.0,0.0,0.0,0.0,0.0,0.0,"W,W,L,L,L",
,,,0.0,,,,,,,co Colombia,world_cup_2026.csv,,,,,,,,,,,,,,,,,,,,,,,,,,,,,,,,,,,,,,,Group K,4.0,0.0,0.0,0.0,0.0,0.0,0.0,0.0,"W,L,L,W,W",
,,,0.0,,,,,,,eng England,world_cup_2026.csv,,,,,,,,,,,,,,,,,,,,,,,,,,,,,,,,,,,,,,,Group L,1.0,0.0,0.0,0.0,0.0,0.0,0.0,0.0,"W,W,D,L,W",
,,,0.0,,,,,,,hr Croatia,world_cup_2026.csv,,,,,,,,,,,,,,,,,,,,,,,,,,,,,,,,,,,,,,,Group L,2.0,0.0,0.0,0.0,0.0,0.0,0.0,0.0,"W,W,L,L,W",
,,,0.0,,,,,,,gh Ghana,world_cup_2026.csv,,,,,,,,,,,,,,,,,,,,,,,,,,,,,,,,,,,,,,,Group L,3.0,0.0,0.0,0.0,0.0,0.0,0.0,0.0,"L,L,L,L,D",
,,,0.0,,,,,,,pa Panama,world_cup_2026.csv,,,,,,,,,,,,,,,,,,,,,,,,,,,,,,,,,,,,,,,Group L,4.0,0.0,0.0,0.0,0.0,0.0,0.0,0.0,"D,W,L,W,D",
,,,0.0,,,,,,,mx Mexico,world_cup_2026_groups.csv,,,,,,,,,,,,,,,,,,,,,,,,,,,,,,,,,,,,,,,Group A,1.0,0.0,0.0,0.0,0.0,0.0,0.0,0.0,"D,D,W,W,W",
,,,0.0,,,,,,,za South Africa,world_cup_2026_groups.csv,,,,,,,,,,,,,,,,,,,,,,,,,,,,,,,,,,,,,,,Group A,2.0,0.0,0.0,0.0,0.0,0.0,0.0,0.0,"W,L,D,L,D",
,,,0.0,,,,,,,kr Korea Republic,world_cup_2026_groups.csv,,,,,,,,,,,,,,,,,,,,,,,,,,,,,,,,,,,,,,,Group A,3.0,0.0,0.0,0.0,0.0,0.0,0.0,0.0,"W,L,L,W,W",
,,,0.0,,,,,,,cz Czechia,world_cup_2026_groups.csv,,,,,,,,,,,,,,,,,,,,,,,,,,,,,,,,,,,,,,,Group A,4.0,0.0,0.0,0.0,0.0,0.0,0.0,0.0,"W,D,D,W,W",
,,,0.0,,,,,,,ca Canada,world_cup_2026_groups.csv,,,,,,,,,,,,,,,,,,,,,,,,,,,,,,,,,,,,,,,Group B,1.0,0.0,0.0,0.0,0.0,0.0,0.0,0.0,"W,D,D,W,D",
,,,0.0,,,,,,,ba Bosnia-Herzegovina,world_cup_2026_groups.csv,,,,,,,,,,,,,,,,,,,,,,,,,,,,,,,,,,,,,,,Group B,2.0,0.0,0.0,0.0,0.0,0.0,0.0,0.0,"D,D,D,D,D",
,,,0.0,,,,,,,qa Qatar,world_cup_2026_groups.csv,,,,,,,,,,,,,,,,,,,,,,,,,,,,,,,,,,,,,,,Group B,3.0,0.0,0.0,0.0,0.0,0.0,0.0,0.0,"L,D,W,L,D",
,,,0.0,,,,,,,ch Switzerland,world_cup_2026_groups.csv,,,,,,,,,,,,,,,,,,,,,,,,,,,,,,,,,,,,,,,Group B,4.0,0.0,0.0,0.0,0.0,0.0,0.0,0.0,"D,L,D,W,D",
,,,0.0,,,,,,,br Brazil,world_cup_2026_groups.csv,,,,,,,,,,,,,,,,,,,,,,,,,,,,,,,,,,,,,,,Group C,1.0,0.0,0.0,0.0,0.0,0.0,0.0,0.0,"D,L,W,W,W",
,,,0.0,,,,,,,ma Morocco,world_cup_2026_groups.csv,,,,,,,,,,,,,,,,,,,,,,,,,,,,,,,,,,,,,,,Group C,2.0,0.0,0.0,0.0,0.0,0.0,0.0,0.0,"L,D,W,W,D",
,,,0.0,,,,,,,ht Haiti,world_cup_2026_groups.csv,,,,,,,,,,,,,,,,,,,,,,,,,,,,,,,,,,,,,,,Group C,3.0,0.0,0.0,0.0,0.0,0.0,0.0,0.0,"W,L,D,W,L",
,,,0.0,,,,,,,sct Scotland,world_cup_2026_groups.csv,,,,,,,,,,,,,,,,,,,,,,,,,,,,,,,,,,,,,,,Group C,4.0,0.0,0.0,0.0,0.0,0.0,0.0,0.0,"W,L,L,W,W",
,,,0.0,,,,,,,us United States,world_cup_2026_groups.csv,,,,,,,,,,,,,,,,,,,,,,,,,,,,,,,,,,,,,,,Group D,1.0,0.0,0.0,0.0,0.0,0.0,0.0,0.0,"W,L,L,W,L",
,,,0.0,,,,,,,py Paraguay,world_cup_2026_groups.csv,,,,,,,,,,,,,,,,,,,,,,,,,,,,,,,,,,,,,,,Group D,2.0,0.0,0.0,0.0,0.0,0.0,0.0,0.0,"L,W,W,L,W",
,,,0.0,,,,,,,au Australia,world_cup_2026_groups.csv,,,,,,,,,,,,,,,,,,,,,,,,,,,,,,,,,,,,,,,Group D,3.0,0.0,0.0,0.0,0.0,0.0,0.0,0.0,"L,L,L,L,D",
,,,0.0,,,,,,,tr Türkiye,world_cup_2026_groups.csv,,,,,,,,,,,,,,,,,,,,,,,,,,,,,,,,,,,,,,,Group D,4.0,0.0,0.0,0.0,0.0,0.0,0.0,0.0,"D,W,W,W,W",
,,,0.0,,,,,,,de Germany,world_cup_2026_groups.csv,,,,,,,,,,,,,,,,,,,,,,,,,,,,,,,,,,,,,,,Group E,1.0,0.0,0.0,0.0,0.0,0.0,0.0,0.0,"W,W,W,W,W",
,,,0.0,,,,,,,cw Curaçao,world_cup_2026_groups.csv,,,,,,,,,,,,,,,,,,,,,,,,,,,,,,,,,,,,,,,Group E,2.0,0.0,0.0,0.0,0.0,0.0,0.0,0.0,"D,W,D,L,W",
,,,0.0,,,,,,,ci Côte d'Ivoire,world_cup_2026_groups.csv,,,,,,,,,,,,,,,,,,,,,,,,,,,,,,,,,,,,,,,Group E,3.0,0.0,0.0,0.0,0.0,0.0,0.0,0.0,"W,L,W,W,W",
,,,0.0,,,,,,,ec Ecuador,world_cup_2026_groups.csv,,,,,,,,,,,,,,,,,,,,,,,,,,,,,,,,,,,,,,,Group E,4.0,0.0,0.0,0.0,0.0,0.0,0.0,0.0,"W,D,D,W,W",
,,,0.0,,,,,,,nl Netherlands,world_cup_2026_groups.csv,,,,,,,,,,,,,,,,,,,,,,,,,,,,,,,,,,,,,,,Group F,1.0,0.0,0.0,0.0,0.0,0.0,0.0,0.0,"W,W,D,L,W",
,,,0.0,,,,,,,jp Japan,world_cup_2026_groups.csv,,,,,,,,,,,,,,,,,,,,,,,,,,,,,,,,,,,,,,,Group F,2.0,0.0,0.0,0.0,0.0,0.0,0.0,0.0,"W,W,W,W,W",
,,,0.0,,,,,,,se Sweden,world_cup_2026_groups.csv,,,,,,,,,,,,,,,,,,,,,,,,,,,,,,,,,,,,,,,Group F,3.0,0.0,0.0,0.0,0.0,0.0,0.0,0.0,"D,W,W,L,D",
,,,0.0,,,,,,,tn Tunisia,world_cup_2026_groups.csv,,,,,,,,,,,,,,,,,,,,,,,,,,,,,,,,,,,,,,,Group F,4.0,0.0,0.0,0.0,0.0,0.0,0.0,0.0,"D,W,D,L,L",
,,,0.0,,,,,,,be Belgium,world_cup_2026_groups.csv,,,,,,,,,,,,,,,,,,,,,,,,,,,,,,,,,,,,,,,Group G,1.0,0.0,0.0,0.0,0.0,0.0,0.0,0.0,"W,W,D,W,W",
,,,0.0,,,,,,,eg Egypt,world_cup_2026_groups.csv,,,,,,,,,,,,,,,,,,,,,,,,,,,,,,,,,,,,,,,Group G,2.0,0.0,0.0,0.0,0.0,0.0,0.0,0.0,"D,W,D,W,L",
,,,0.0,,,,,,,ir IR Iran,world_cup_2026_groups.csv,,,,,,,,,,,,,,,,,,,,,,,,,,,,,,,,,,,,,,,Group G,3.0,0.0,0.0,0.0,0.0,0.0,0.0,0.0,"W,L,W,W,W",
,,,0.0,,,,,,,nz New Zealand,world_cup_2026_groups.csv,,,,,,,,,,,,,,,,,,,,,,,,,,,,,,,,,,,,,,,Group G,4.0,0.0,0.0,0.0,0.0,0.0,0.0,0.0,"D,L,L,L,L",
,,,0.0,,,,,,,es Spain,world_cup_2026_groups.csv,,,,,,,,,,,,,,,,,,,,,,,,,,,,,,,,,,,,,,,Group H,1.0,0.0,0.0,0.0,0.0,0.0,0.0,0.0,"D,W,D,D,W",
,,,0.0,,,,,,,cv Cape Verde,world_cup_2026_groups.csv,,,,,,,,,,,,,,,,,,,,,,,,,,,,,,,,,,,,,,,Group H,2.0,0.0,0.0,0.0,0.0,0.0,0.0,0.0,"W,D,W,W,W",
,,,0.0,,,,,,,sa Saudi Arabia,world_cup_2026_groups.csv,,,,,,,,,,,,,,,,,,,,,,,,,,,,,,,,,,,,,,,Group H,3.0,0.0,0.0,0.0,0.0,0.0,0.0,0.0,"L,L,L,W,D",
,,,0.0,,,,,,,uy Uruguay,world_cup_2026_groups.csv,,,,,,,,,,,,,,,,,,,,,,,,,,,,,,,,,,,,,,,Group H,4.0,0.0,0.0,0.0,0.0,0.0,0.0,0.0,"W,D,L,D,D",
,,,0.0,,,,,,,fr France,world_cup_2026_groups.csv,,,,,,,,,,,,,,,,,,,,,,,,,,,,,,,,,,,,,,,Group I,1.0,0.0,0.0,0.0,0.0,0.0,0.0,0.0,"W,W,W,L,W",
,,,0.0,,,,,,,sn Senegal,world_cup_2026_groups.csv,,,,,,,,,,,,,,,,,,,,,,,,,,,,,,,,,,,,,,,Group I,2.0,0.0,0.0,0.0,0.0,0.0,0.0,0.0,"W,W,W,L,D",
,,,0.0,,,,,,,iq Iraq,world_cup_2026_groups.csv,,,,,,,,,,,,,,,,,,,,,,,,,,,,,,,,,,,,,,,Group I,3.0,0.0,0.0,0.0,0.0,0.0,0.0,0.0,"W,W,W,D,L",
,,,0.0,,,,,,,no Norway,world_cup_2026_groups.csv,,,,,,,,,,,,,,,,,,,,,,,,,,,,,,,,,,,,,,,Group I,4.0,0.0,0.0,0.0,0.0,0.0,0.0,0.0,"W,L,D,W,D",
,,,0.0,,,,,,,ar Argentina,world_cup_2026_groups.csv,,,,,,,,,,,,,,,,,,,,,,,,,,,,,,,,,,,,,,,Group J,1.0,0.0,0.0,0.0,0.0,0.0,0.0,0.0,"W,W,W,W,W",
,,,0.0,,,,,,,dz Algeria,world_cup_2026_groups.csv,,,,,,,,,,,,,,,,,,,,,,,,,,,,,,,,,,,,,,,Group J,2.0,0.0,0.0,0.0,0.0,0.0,0.0,0.0,"W,L,W,D,W",
,,,0.0,,,,,,,at Austria,world_cup_2026_groups.csv,,,,,,,,,,,,,,,,,,,,,,,,,,,,,,,,,,,,,,,Group J,3.0,0.0,0.0,0.0,0.0,0.0,0.0,0.0,"W,D,W,W,W",
,,,0.0,,,,,,,jo Jordan,world_cup_2026_groups.csv,,,,,,,,,,,,,,,,,,,,,,,,,,,,,,,,,,,,,,,Group J,4.0,0.0,0.0,0.0,0.0,0.0,0.0,0.0,"L,L,D,L,L",
,,,0.0,,,,,,,pt Portugal,world_cup_2026_groups.csv,,,,,,,,,,,,,,,,,,,,,,,,,,,,,,,,,,,,,,,Group K,1.0,0.0,0.0,0.0,0.0,0.0,0.0,0.0,"L,W,D,W,W",
,,,0.0,,,,,,,cd Congo DR,world_cup_2026_groups.csv,,,,,,,,,,,,,,,,,,,,,,,,,,,,,,,,,,,,,,,Group K,2.0,0.0,0.0,0.0,0.0,0.0,0.0,0.0,"L,W,W,D,L",
,,,0.0,,,,,,,uz Uzbekistan,world_cup_2026_groups.csv,,,,,,,,,,,,,,,,,,,,,,,,,,,,,,,,,,,,,,,Group K,3.0,0.0,0.0,0.0,0.0,0.0,0.0,0.0,"W,W,L,L,L",
,,,0.0,,,,,,,co Colombia,world_cup_2026_groups.csv,,,,,,,,,,,,,,,,,,,,,,,,,,,,,,,,,,,,,,,Group K,4.0,0.0,0.0,0.0,0.0,0.0,0.0,0.0,"W,L,L,W,W",
,,,0.0,,,,,,,eng England,world_cup_2026_groups.csv,,,,,,,,,,,,,,,,,,,,,,,,,,,,,,,,,,,,,,,Group L,1.0,0.0,0.0,0.0,0.0,0.0,0.0,0.0,"W,W,D,L,W",
,,,0.0,,,,,,,hr Croatia,world_cup_2026_groups.csv,,,,,,,,,,,,,,,,,,,,,,,,,,,,,,,,,,,,,,,Group L,2.0,0.0,0.0,0.0,0.0,0.0,0.0,0.0,"W,W,L,L,W",
,,,0.0,,,,,,,gh Ghana,world_cup_2026_groups.csv,,,,,,,,,,,,,,,,,,,,,,,,,,,,,,,,,,,,,,,Group L,3.0,0.0,0.0,0.0,0.0,0.0,0.0,0.0,"L,L,L,L,D",
,,,0.0,,,,,,,pa Panama,world_cup_2026_groups.csv,,,,,,,,,,,,,,,,,,,,,,,,,,,,,,,,,,,,,,,Group L,4.0,0.0,0.0,0.0,0.0,0.0,0.0,0.0,"D,W,L,W,D",
,,,,,,,,,,,world_cup_2026_teams.csv,,,,,,,,,,Mexico,,,,,,,,,,,,,,,,,,,,,,,,,,,,,A,,,,,,,,,,mx
,,,,,,,,,,,world_cup_2026_teams.csv,,,,,,,,,,South Africa,,,,,,,,,,,,,,,,,,,,,,,,,,,,,A,,,,,,,,,,za
,,,,,,,,,,,world_cup_2026_teams.csv,,,,,,,,,,Korea Republic,,,,,,,,,,,,,,,,,,,,,,,,,,,,,A,,,,,,,,,,kr
,,,,,,,,,,,world_cup_2026_teams.csv,,,,,,,,,,Czechia,,,,,,,,,,,,,,,,,,,,,,,,,,,,,A,,,,,,,,,,cz
,,,,,,,,,,,world_cup_2026_teams.csv,,,,,,,,,,Canada,,,,,,,,,,,,,,,,,,,,,,,,,,,,,B,,,,,,,,,,ca
,,,,,,,,,,,world_cup_2026_teams.csv,,,,,,,,,,Bosnia-Herzegovina,,,,,,,,,,,,,,,,,,,,,,,,,,,,,B,,,,,,,,,,ba
,,,,,,,,,,,world_cup_2026_teams.csv,,,,,,,,,,Qatar,,,,,,,,,,,,,,,,,,,,,,,,,,,,,B,,,,,,,,,,qa
,,,,,,,,,,,world_cup_2026_teams.csv,,,,,,,,,,Switzerland,,,,,,,,,,,,,,,,,,,,,,,,,,,,,B,,,,,,,,,,ch
,,,,,,,,,,,world_cup_2026_teams.csv,,,,,,,,,,Brazil,,,,,,,,,,,,,,,,,,,,,,,,,,,,,C,,,,,,,,,,br
,,,,,,,,,,,world_cup_2026_teams.csv,,,,,,,,,,Morocco,,,,,,,,,,,,,,,,,,,,,,,,,,,,,C,,,,,,,,,,ma
,,,,,,,,,,,world_cup_2026_teams.csv,,,,,,,,,,Haiti,,,,,,,,,,,,,,,,,,,,,,,,,,,,,C,,,,,,,,,,ht
,,,,,,,,,,,world_cup_2026_teams.csv,,,,,,,,,,Scotland,,,,,,,,,,,,,,,,,,,,,,,,,,,,,C,,,,,,,,,,sct
,,,,,,,,,,,world_cup_2026_teams.csv,,,,,,,,,,United States,,,,,,,,,,,,,,,,,,,,,,,,,,,,,D,,,,,,,,,,us
,,,,,,,,,,,world_cup_2026_teams.csv,,,,,,,,,,Paraguay,,,,,,,,,,,,,,,,,,,,,,,,,,,,,D,,,,,,,,,,py
,,,,,,,,,,,world_cup_2026_teams.csv,,,,,,,,,,Australia,,,,,,,,,,,,,,,,,,,,,,,,,,,,,D,,,,,,,,,,au
,,,,,,,,,,,world_cup_2026_teams.csv,,,,,,,,,,Türkiye,,,,,,,,,,,,,,,,,,,,,,,,,,,,,D,,,,,,,,,,tr
,,,,,,,,,,,world_cup_2026_teams.csv,,,,,,,,,,Germany,,,,,,,,,,,,,,,,,,,,,,,,,,,,,E,,,,,,,,,,de
,,,,,,,,,,,world_cup_2026_teams.csv,,,,,,,,,,Curaçao,,,,,,,,,,,,,,,,,,,,,,,,,,,,,E,,,,,,,,,,cw
,,,,,,,,,,,world_cup_2026_teams.csv,,,,,,,,,,Côte d'Ivoire,,,,,,,,,,,,,,,,,,,,,,,,,,,,,E,,,,,,,,,,ci
,,,,,,,,,,,world_cup_2026_teams.csv,,,,,,,,,,Ecuador,,,,,,,,,,,,,,,,,,,,,,,,,,,,,E,,,,,,,,,,ec
,,,,,,,,,,,world_cup_2026_teams.csv,,,,,,,,,,Netherlands,,,,,,,,,,,,,,,,,,,,,,,,,,,,,F,,,,,,,,,,nl
,,,,,,,,,,,world_cup_2026_teams.csv,,,,,,,,,,Japan,,,,,,,,,,,,,,,,,,,,,,,,,,,,,F,,,,,,,,,,jp
,,,,,,,,,,,world_cup_2026_teams.csv,,,,,,,,,,Sweden,,,,,,,,,,,,,,,,,,,,,,,,,,,,,F,,,,,,,,,,se
,,,,,,,,,,,world_cup_2026_teams.csv,,,,,,,,,,Tunisia,,,,,,,,,,,,,,,,,,,,,,,,,,,,,F,,,,,,,,,,tn
,,,,,,,,,,,world_cup_2026_teams.csv,,,,,,,,,,Belgium,,,,,,,,,,,,,,,,,,,,,,,,,,,,,G,,,,,,,,,,be
,,,,,,,,,,,world_cup_2026_teams.csv,,,,,,,,,,Egypt,,,,,,,,,,,,,,,,,,,,,,,,,,,,,G,,,,,,,,,,eg
,,,,,,,,,,,world_cup_2026_teams.csv,,,,,,,,,,IR Iran,,,,,,,,,,,,,,,,,,,,,,,,,,,,,G,,,,,,,,,,ir
,,,,,,,,,,,world_cup_2026_teams.csv,,,,,,,,,,New Zealand,,,,,,,,,,,,,,,,,,,,,,,,,,,,,G,,,,,,,,,,nz
,,,,,,,,,,,world_cup_2026_teams.csv,,,,,,,,,,Spain,,,,,,,,,,,,,,,,,,,,,,,,,,,,,H,,,,,,,,,,es
,,,,,,,,,,,world_cup_2026_teams.csv,,,,,,,,,,Cape Verde,,,,,,,,,,,,,,,,,,,,,,,,,,,,,H,,,,,,,,,,cv
,,,,,,,,,,,world_cup_2026_teams.csv,,,,,,,,,,Saudi Arabia,,,,,,,,,,,,,,,,,,,,,,,,,,,,,H,,,,,,,,,,sa
,,,,,,,,,,,world_cup_2026_teams.csv,,,,,,,,,,Uruguay,,,,,,,,,,,,,,,,,,,,,,,,,,,,,H,,,,,,,,,,uy
,,,,,,,,,,,world_cup_2026_teams.csv,,,,,,,,,,France,,,,,,,,,,,,,,,,,,,,,,,,,,,,,I,,,,,,,,,,fr
,,,,,,,,,,,world_cup_2026_teams.csv,,,,,,,,,,Senegal,,,,,,,,,,,,,,,,,,,,,,,,,,,,,I,,,,,,,,,,sn
,,,,,,,,,,,world_cup_2026_teams.csv,,,,,,,,,,Iraq,,,,,,,,,,,,,,,,,,,,,,,,,,,,,I,,,,,,,,,,iq
,,,,,,,,,,,world_cup_2026_teams.csv,,,,,,,,,,Norway,,,,,,,,,,,,,,,,,,,,,,,,,,,,,I,,,,,,,,,,no
,,,,,,,,,,,world_cup_2026_teams.csv,,,,,,,,,,Argentina,,,,,,,,,,,,,,,,,,,,,,,,,,,,,J,,,,,,,,,,ar
,,,,,,,,,,,world_cup_2026_teams.csv,,,,,,,,,,Algeria,,,,,,,,,,,,,,,,,,,,,,,,,,,,,J,,,,,,,,,,dz
,,,,,,,,,,,world_cup_2026_teams.csv,,,,,,,,,,Austria,,,,,,,,,,,,,,,,,,,,,,,,,,,,,J,,,,,,,,,,at
,,,,,,,,,,,world_cup_2026_teams.csv,,,,,,,,,,Jordan,,,,,,,,,,,,,,,,,,,,,,,,,,,,,J,,,,,,,,,,jo
,,,,,,,,,,,world_cup_2026_teams.csv,,,,,,,,,,Portugal,,,,,,,,,,,,,,,,,,,,,,,,,,,,,K,,,,,,,,,,pt
,,,,,,,,,,,world_cup_2026_teams.csv,,,,,,,,,,Congo DR,,,,,,,,,,,,,,,,,,,,,,,,,,,,,K,,,,,,,,,,cd
,,,,,,,,,,,world_cup_2026_teams.csv,,,,,,,,,,Uzbekistan,,,,,,,,,,,,,,,,,,,,,,,,,,,,,K,,,,,,,,,,uz
,,,,,,,,,,,world_cup_2026_teams.csv,,,,,,,,,,Colombia,,,,,,,,,,,,,,,,,,,,,,,,,,,,,K,,,,,,,,,,co
,,,,,,,,,,,world_cup_2026_teams.csv,,,,,,,,,,England,,,,,,,,,,,,,,,,,,,,,,,,,,,,,L,,,,,,,,,,eng
,,,,,,,,,,,world_cup_2026_teams.csv,,,,,,,,,,Croatia,,,,,,,,,,,,,,,,,,,,,,,,,,,,,L,,,,,,,,,,hr
,,,,,,,,,,,world_cup_2026_teams.csv,,,,,,,,,,Ghana,,,,,,,,,,,,,,,,,,,,,,,,,,,,,L,,,,,,,,,,gh
,,,,,,,,,,,world_cup_2026_teams.csv,,,,,,,,,,Panama,,,,,,,,,,,,,,,,,,,,,,,,,,,,,L,,,,,,,,,,pa
