player,position,age,mp,starts,minutes,gls,ast,crdY,crdR,team,archivo_origen,number,club,birth_date,min,city_id,latitude,longitude,altitude_meters,id,team_name,league,matches_played,shots,goals,xg_for,fifa_code,iso2_code,city_name,country,venue_name,region_cluster,airport_code,match_number,home_team_id,away_team_id,stage_id,kickoff_at,match_label,athlete_id,heart_rate,body_temperature,hydration_level,sleep_quality,recovery_score,stress_level,muscle_activity,joint_angles,gait_speed,cadence,step_count,jump_height,ground_reaction_force,range_of_motion,ambient_temperature,humidity,altitude,playing_surface,training_intensity,training_duration,training_load,fatigue_index,injury_occurred,session_id,sport_type,gender,bmi,sofifa_id,player_url,short_name,long_name,player_positions,overall,potential,value_eur,wage_eur,dob,height_cm,weight_kg,club_team_id,club_name,league_name,league_level,club_position,club_jersey_number,club_loaned_from,club_joined,club_contract_valid_until,nationality_id,nationality_name,nation_team_id,nation_position,nation_jersey_number,preferred_foot,weak_foot,skill_moves,international_reputation,work_rate,body_type,real_face,release_clause_eur,player_tags,player_traits,pace,shooting,passing,dribbling,defending,physic,attacking_crossing,attacking_finishing,attacking_heading_accuracy,attacking_short_passing,attacking_volleys,skill_dribbling,skill_curve,skill_fk_accuracy,skill_long_passing,skill_ball_control,movement_acceleration,movement_sprint_speed,movement_agility,movement_reactions,movement_balance,power_shot_power,power_jumping,power_stamina,power_strength,power_long_shots,mentality_aggression,mentality_interceptions,mentality_positioning,mentality_vision,mentality_penalties,mentality_composure,defending_marking_awareness,defending_standing_tackle,defending_sliding_tackle,goalkeeping_diving,goalkeeping_handling,goalkeeping_kicking,goalkeeping_positioning,goalkeeping_reflexes,goalkeeping_speed,ls,st,rs,lw,lf,cf,rf,rw,lam,cam,ram,lm,lcm,cm,rcm,rm,lwb,ldm,cdm,rdm,rwb,lb,lcb,cb,rcb,rb,gk,player_face_url,club_logo_url,club_flag_url,nation_logo_url,nation_flag_url,birth_place,stadium_id,stadium_name,filename,group_letter,is_placeholder,stage_name,stage_order,group,rank,w,d,l,gf,ga,gd,pts,last_5,team_code
Nicolás Otamendi,DF,38,20.0,20.0,1662.0,4.0,0.0,2.0,1.0,Argentina,argentina_all_competitions_2026.csv,,,,,,,,,,,,,,,,,,,,,,,,,,,,,,,,,,,,,,,,,,,,,,,,,,,,,,,,,,,,,,,,,,,,,,,,,,,,,,,,,,,,,,,,,,,,,,,,,,,,,,,,,,,,,,,,,,,,,,,,,,,,,,,,,,,,,,,,,,,,,,,,,,,,,,,,,,,,,,,,,,,,,,,,,,,,,,,,,,,,,,,,
Emiliano Martínez,GK,33,18.0,18.0,1603.0,0.0,0.0,0.0,0.0,Argentina,argentina_all_competitions_2026.csv,,,,,,,,,,,,,,,,,,,,,,,,,,,,,,,,,,,,,,,,,,,,,,,,,,,,,,,,,,,,,,,,,,,,,,,,,,,,,,,,,,,,,,,,,,,,,,,,,,,,,,,,,,,,,,,,,,,,,,,,,,,,,,,,,,,,,,,,,,,,,,,,,,,,,,,,,,,,,,,,,,,,,,,,,,,,,,,,,,,,,,,,
Rodrigo De Paul,MF,32,21.0,17.0,1526.0,0.0,2.0,2.0,0.0,Argentina,argentina_all_competitions_2026.csv,,,,,,,,,,,,,,,,,,,,,,,,,,,,,,,,,,,,,,,,,,,,,,,,,,,,,,,,,,,,,,,,,,,,,,,,,,,,,,,,,,,,,,,,,,,,,,,,,,,,,,,,,,,,,,,,,,,,,,,,,,,,,,,,,,,,,,,,,,,,,,,,,,,,,,,,,,,,,,,,,,,,,,,,,,,,,,,,,,,,,,,,
Cristian Romero,DF,28,19.0,17.0,1513.0,0.0,0.0,4.0,0.0,Argentina,argentina_all_competitions_2026.csv,,,,,,,,,,,,,,,,,,,,,,,,,,,,,,,,,,,,,,,,,,,,,,,,,,,,,,,,,,,,,,,,,,,,,,,,,,,,,,,,,,,,,,,,,,,,,,,,,,,,,,,,,,,,,,,,,,,,,,,,,,,,,,,,,,,,,,,,,,,,,,,,,,,,,,,,,,,,,,,,,,,,,,,,,,,,,,,,,,,,,,,,
Thiago Almada,FW,25,,,,,,,,,argentina_world_cup_roster_2026.csv,16.0,Atlético Madrid,2001-04-26,,,,,,,,,,,,,,,,,,,,,,,,,,,,,,,,,,,,,,,,,,,,,,,,,,,,,,,,,,,,,,,,,,,,,,,,,,,,,,,,,,,,,,,,,,,,,,,,,,,,,,,,,,,,,,,,,,,,,,,,,,,,,,,,,,,,,,,,,,,,,,,,,,,,,,,,,,,,,,,,,,,,,,,,,,,,,,,,,,,,,
Julián Álvarez,FW,26,,,,,,,,,argentina_world_cup_roster_2026.csv,9.0,Atlético Madrid,2000-01-31,,,,,,,,,,,,,,,,,,,,,,,,,,,,,,,,,,,,,,,,,,,,,,,,,,,,,,,,,,,,,,,,,,,,,,,,,,,,,,,,,,,,,,,,,,,,,,,,,,,,,,,,,,,,,,,,,,,,,,,,,,,,,,,,,,,,,,,,,,,,,,,,,,,,,,,,,,,,,,,,,,,,,,,,,,,,,,,,,,,,,
Leonardo Balerdi,DF,27,,,,,,,,,argentina_world_cup_roster_2026.csv,,Marseille,1999-01-26,,,,,,,,,,,,,,,,,,,,,,,,,,,,,,,,,,,,,,,,,,,,,,,,,,,,,,,,,,,,,,,,,,,,,,,,,,,,,,,,,,,,,,,,,,,,,,,,,,,,,,,,,,,,,,,,,,,,,,,,,,,,,,,,,,,,,,,,,,,,,,,,,,,,,,,,,,,,,,,,,,,,,,,,,,,,,,,,,,,,,
Valentín Barco,DF,21,,,,,,,,,argentina_world_cup_roster_2026.csv,8.0,Strasbourg,2004-07-23,,,,,,,,,,,,,,,,,,,,,,,,,,,,,,,,,,,,,,,,,,,,,,,,,,,,,,,,,,,,,,,,,,,,,,,,,,,,,,,,,,,,,,,,,,,,,,,,,,,,,,,,,,,,,,,,,,,,,,,,,,,,,,,,,,,,,,,,,,,,,,,,,,,,,,,,,,,,,,,,,,,,,,,,,,,,,,,,,,,,,
,,,,,,,,,,,city_geo_data.csv,,,,,1.0,33.749,-84.388,305.0,,,,,,,,,,,,,,,,,,,,,,,,,,,,,,,,,,,,,,,,,,,,,,,,,,,,,,,,,,,,,,,,,,,,,,,,,,,,,,,,,,,,,,,,,,,,,,,,,,,,,,,,,,,,,,,,,,,,,,,,,,,,,,,,,,,,,,,,,,,,,,,,,,,,,,,,,,,,,,,,,,,,,,,,,,,,,,,,
,,,,,,,,,,,city_geo_data.csv,,,,,2.0,42.0654,-71.2661,84.0,,,,,,,,,,,,,,,,,,,,,,,,,,,,,,,,,,,,,,,,,,,,,,,,,,,,,,,,,,,,,,,,,,,,,,,,,,,,,,,,,,,,,,,,,,,,,,,,,,,,,,,,,,,,,,,,,,,,,,,,,,,,,,,,,,,,,,,,,,,,,,,,,,,,,,,,,,,,,,,,,,,,,,,,,,,,,,,,
,,,,,,,,,,,city_geo_data.csv,,,,,3.0,32.7473,-97.0945,184.0,,,,,,,,,,,,,,,,,,,,,,,,,,,,,,,,,,,,,,,,,,,,,,,,,,,,,,,,,,,,,,,,,,,,,,,,,,,,,,,,,,,,,,,,,,,,,,,,,,,,,,,,,,,,,,,,,,,,,,,,,,,,,,,,,,,,,,,,,,,,,,,,,,,,,,,,,,,,,,,,,,,,,,,,,,,,,,,,
,,,,,,,,,,,city_geo_data.csv,,,,,4.0,29.6847,-95.4082,14.0,,,,,,,,,,,,,,,,,,,,,,,,,,,,,,,,,,,,,,,,,,,,,,,,,,,,,,,,,,,,,,,,,,,,,,,,,,,,,,,,,,,,,,,,,,,,,,,,,,,,,,,,,,,,,,,,,,,,,,,,,,,,,,,,,,,,,,,,,,,,,,,,,,,,,,,,,,,,,,,,,,,,,,,,,,,,,,,,
,,,,,,,,,,,fbref_squad_stats.csv,,,,,,,,,1.0,Alavés,La Liga,38.0,146.0,28.0,33.3,,,,,,,,,,,,,,,,,,,,,,,,,,,,,,,,,,,,,,,,,,,,,,,,,,,,,,,,,,,,,,,,,,,,,,,,,,,,,,,,,,,,,,,,,,,,,,,,,,,,,,,,,,,,,,,,,,,,,,,,,,,,,,,,,,,,,,,,,,,,,,,,,,,,,,,,,,,,,,,,,,,,,,,,,
,,,,,,,,,,,fbref_squad_stats.csv,,,,,,,,,2.0,Angers,Ligue 1,34.0,111.0,30.0,35.1,,,,,,,,,,,,,,,,,,,,,,,,,,,,,,,,,,,,,,,,,,,,,,,,,,,,,,,,,,,,,,,,,,,,,,,,,,,,,,,,,,,,,,,,,,,,,,,,,,,,,,,,,,,,,,,,,,,,,,,,,,,,,,,,,,,,,,,,,,,,,,,,,,,,,,,,,,,,,,,,,,,,,,,,,
,,,,,,,,,,,fbref_squad_stats.csv,,,,,,,,,3.0,Arsenal,Premier League,38.0,186.0,67.0,33.7,,,,,,,,,,,,,,,,,,,,,,,,,,,,,,,,,,,,,,,,,,,,,,,,,,,,,,,,,,,,,,,,,,,,,,,,,,,,,,,,,,,,,,,,,,,,,,,,,,,,,,,,,,,,,,,,,,,,,,,,,,,,,,,,,,,,,,,,,,,,,,,,,,,,,,,,,,,,,,,,,,,,,,,,,
,,,,,,,,,,,fbref_squad_stats.csv,,,,,,,,,4.0,Aston Villa,Premier League,38.0,170.0,53.0,35.2,,,,,,,,,,,,,,,,,,,,,,,,,,,,,,,,,,,,,,,,,,,,,,,,,,,,,,,,,,,,,,,,,,,,,,,,,,,,,,,,,,,,,,,,,,,,,,,,,,,,,,,,,,,,,,,,,,,,,,,,,,,,,,,,,,,,,,,,,,,,,,,,,,,,,,,,,,,,,,,,,,,,,,,,,
,,,,,,,,,,,fifa_to_iso2_mapping.csv,,,,,,,,,,,,,,,,MEX,mx,,,,,,,,,,,,,,,,,,,,,,,,,,,,,,,,,,,,,,,,,,,,,,,,,,,,,,,,,,,,,,,,,,,,,,,,,,,,,,,,,,,,,,,,,,,,,,,,,,,,,,,,,,,,,,,,,,,,,,,,,,,,,,,,,,,,,,,,,,,,,,,,,,,,,,,,,,,,,,,,,,,,,,,
,,,,,,,,,,,fifa_to_iso2_mapping.csv,,,,,,,,,,,,,,,,RSA,za,,,,,,,,,,,,,,,,,,,,,,,,,,,,,,,,,,,,,,,,,,,,,,,,,,,,,,,,,,,,,,,,,,,,,,,,,,,,,,,,,,,,,,,,,,,,,,,,,,,,,,,,,,,,,,,,,,,,,,,,,,,,,,,,,,,,,,,,,,,,,,,,,,,,,,,,,,,,,,,,,,,,,,,
,,,,,,,,,,,fifa_to_iso2_mapping.csv,,,,,,,,,,,,,,,,KOR,kr,,,,,,,,,,,,,,,,,,,,,,,,,,,,,,,,,,,,,,,,,,,,,,,,,,,,,,,,,,,,,,,,,,,,,,,,,,,,,,,,,,,,,,,,,,,,,,,,,,,,,,,,,,,,,,,,,,,,,,,,,,,,,,,,,,,,,,,,,,,,,,,,,,,,,,,,,,,,,,,,,,,,,,,
,,,,,,,,,,,fifa_to_iso2_mapping.csv,,,,,,,,,,,,,,,,UEPD,eu,,,,,,,,,,,,,,,,,,,,,,,,,,,,,,,,,,,,,,,,,,,,,,,,,,,,,,,,,,,,,,,,,,,,,,,,,,,,,,,,,,,,,,,,,,,,,,,,,,,,,,,,,,,,,,,,,,,,,,,,,,,,,,,,,,,,,,,,,,,,,,,,,,,,,,,,,,,,,,,,,,,,,,,
,,,,,,,,,,,host_cities.csv,,,,,,,,,1.0,,,,,,,,,Atlanta,USA,Mercedes-Benz Stadium,East,ATL,,,,,,,,,,,,,,,,,,,,,,,,,,,,,,,,,,,,,,,,,,,,,,,,,,,,,,,,,,,,,,,,,,,,,,,,,,,,,,,,,,,,,,,,,,,,,,,,,,,,,,,,,,,,,,,,,,,,,,,,,,,,,,,,,,,,,,,,,,,,,,,,,,,,,,,,,,,,,,,,,,
,,,,,,,,,,,host_cities.csv,,,,,,,,,2.0,,,,,,,,,Boston,USA,Gillette Stadium,East,BOS,,,,,,,,,,,,,,,,,,,,,,,,,,,,,,,,,,,,,,,,,,,,,,,,,,,,,,,,,,,,,,,,,,,,,,,,,,,,,,,,,,,,,,,,,,,,,,,,,,,,,,,,,,,,,,,,,,,,,,,,,,,,,,,,,,,,,,,,,,,,,,,,,,,,,,,,,,,,,,,,,,
,,,,,,,,,,,host_cities.csv,,,,,,,,,3.0,,,,,,,,,Dallas,USA,AT&T Stadium,Central,DAL,,,,,,,,,,,,,,,,,,,,,,,,,,,,,,,,,,,,,,,,,,,,,,,,,,,,,,,,,,,,,,,,,,,,,,,,,,,,,,,,,,,,,,,,,,,,,,,,,,,,,,,,,,,,,,,,,,,,,,,,,,,,,,,,,,,,,,,,,,,,,,,,,,,,,,,,,,,,,,,,,,
,,,,,,,,,,,host_cities.csv,,,,,,,,,4.0,,,,,,,,,Houston,USA,NRG Stadium,Central,IAH,,,,,,,,,,,,,,,,,,,,,,,,,,,,,,,,,,,,,,,,,,,,,,,,,,,,,,,,,,,,,,,,,,,,,,,,,,,,,,,,,,,,,,,,,,,,,,,,,,,,,,,,,,,,,,,,,,,,,,,,,,,,,,,,,,,,,,,,,,,,,,,,,,,,,,,,,,,,,,,,,,
,,,,,,,,,,,matches.csv,,,,,15.0,,,,1.0,,,,,,,,,,,,,,1.0,1.0,2.0,1.0,2026-06-11 15:00:00-06,Group A,,,,,,,,,,,,,,,,,,,,,,,,,,,,,,,,,,,,,,,,,,,,,,,,,,,,,,,,,,,,,,,,,,,,,,,,,,,,,,,,,,,,,,,,,,,,,,,,,,,,,,,,,,,,,,,,,,,,,,,,,,,,,,,,,,,,,,,,,,,,,,,,,,,,,,,,,,,,
,,,,,,,,,,,matches.csv,,,,,14.0,,,,2.0,,,,,,,,,,,,,,2.0,3.0,4.0,1.0,2026-06-11 22:00:00-06,Group A,,,,,,,,,,,,,,,,,,,,,,,,,,,,,,,,,,,,,,,,,,,,,,,,,,,,,,,,,,,,,,,,,,,,,,,,,,,,,,,,,,,,,,,,,,,,,,,,,,,,,,,,,,,,,,,,,,,,,,,,,,,,,,,,,,,,,,,,,,,,,,,,,,,,,,,,,,,,
,,,,,,,,,,,matches.csv,,,,,12.0,,,,3.0,,,,,,,,,,,,,,3.0,5.0,6.0,1.0,2026-06-12 15:00:00-04,Group B,,,,,,,,,,,,,,,,,,,,,,,,,,,,,,,,,,,,,,,,,,,,,,,,,,,,,,,,,,,,,,,,,,,,,,,,,,,,,,,,,,,,,,,,,,,,,,,,,,,,,,,,,,,,,,,,,,,,,,,,,,,,,,,,,,,,,,,,,,,,,,,,,,,,,,,,,,,,
,,,,,,,,,,,matches.csv,,,,,6.0,,,,4.0,,,,,,,,,,,,,,4.0,13.0,14.0,1.0,2026-06-12 21:00:00-07,Group D,,,,,,,,,,,,,,,,,,,,,,,,,,,,,,,,,,,,,,,,,,,,,,,,,,,,,,,,,,,,,,,,,,,,,,,,,,,,,,,,,,,,,,,,,,,,,,,,,,,,,,,,,,,,,,,,,,,,,,,,,,,,,,,,,,,,,,,,,,,,,,,,,,,,,,,,,,,,
,,18,,,,,,,,,multimodal_sports_injury_dataset.csv,,,,,,,,,,,,,,,,,,,,,,,,,,,,,1.0,,37.04866805231366,76.48147656421168,5.466370366862868,77.89969131177158,0.3758251393720364,10.0,126.48011811332992,2.6543268867385734,50.0,4961.0,0.453082553964911,1859.7054554168303,113.4480717114962,17.60324103981984,47.31510599269539,34.85358805128541,0.0,5.678474864297882,79.10656374672882,548.4179622689803,45.02868713044895,0.0,1.0,Basketball,Female,25.105747949474125,,,,,,,,,,,,,,,,,,,,,,,,,,,,,,,,,,,,,,,,,,,,,,,,,,,,,,,,,,,,,,,,,,,,,,,,,,,,,,,,,,,,,,,,,,,,,,,,,,,,,,,,,,,,,,,,,,,,,,,,,,,,,,,,
,,18,,,,,,,,,multimodal_sports_injury_dataset.csv,,,,,,,,,,,,,,,,,,,,,,,,,,,,,1.0,40.0,36.929536399269146,72.3639375713374,6.899090463032461,74.8453234531193,0.2791647691037232,310.2931557114503,157.63162954090257,3.431106735278006,89.03262597180964,9006.0,0.2657634297583874,1852.051882963792,146.1749136164851,25.10714413585865,72.39762587673468,241.11433247996607,1.0,,116.95465434734244,538.0438147227701,42.25471653922124,2.0,2.0,Basketball,Female,25.105747949474125,,,,,,,,,,,,,,,,,,,,,,,,,,,,,,,,,,,,,,,,,,,,,,,,,,,,,,,,,,,,,,,,,,,,,,,,,,,,,,,,,,,,,,,,,,,,,,,,,,,,,,,,,,,,,,,,,,,,,,,,,,,,,,,,
,,18,,,,,,,,,multimodal_sports_injury_dataset.csv,,,,,,,,,,,,,,,,,,,,,,,,,,,,,1.0,76.17460938755163,36.3348414072893,100.0,9.574151616665931,83.53831649913676,0.3340610055404177,158.65909444503163,81.76628678928012,0.8,73.08844145987747,6775.0,0.85,1654.1158355469377,120.71051795325376,27.894979095639723,64.38592158524025,236.48838247461163,1.0,6.643242015457717,96.3547416599244,647.7843385692793,61.87005580419894,0.0,3.0,Basketball,Female,25.105747949474125,,,,,,,,,,,,,,,,,,,,,,,,,,,,,,,,,,,,,,,,,,,,,,,,,,,,,,,,,,,,,,,,,,,,,,,,,,,,,,,,,,,,,,,,,,,,,,,,,,,,,,,,,,,,,,,,,,,,,,,,,,,,,,,,
,,18,,,,,,,,,multimodal_sports_injury_dataset.csv,,,,,,,,,,,,,,,,,,,,,,,,,,,,,1.0,100.5437236456592,37.24447393166192,86.1724730337609,7.614296961434549,79.96661846140083,0.2187655855039986,107.07929834215298,113.02370138256444,1.7138686283469695,50.0,6579.0,0.4895725075575843,1727.371018469108,142.68885518130125,27.886378176298432,46.83257085497541,290.514086640993,0.0,6.194426864624978,97.61913035697924,336.55343088974564,50.268844646080375,0.0,4.0,Basketball,Female,25.105747949474125,,,,,,,,,,,,,,,,,,,,,,,,,,,,,,,,,,,,,,,,,,,,,,,,,,,,,,,,,,,,,,,,,,,,,,,,,,,,,,,,,,,,,,,,,,,,,,,,,,,,,,,,,,,,,,,,,,,,,,,,,,,,,,,,
,,34,,,,,,,,,players_22.csv,,,,,,,,,,,,,,,,,,,,,,,,,,,,,,,,,,,,,,,,,,,,,,,,,,,,,,,,,158023.0,https://sofifa.com/player/158023/lionel-messi/220002,L. Messi,Lionel Andrés Messi Cuccittini,"RW, ST, CF",93.0,93.0,78000000.0,320000.0,1987-06-24,170.0,72.0,73.0,Paris Saint-Germain,French Ligue 1,1.0,RW,30.0,,2021-08-10,2023.0,52.0,Argentina,1369.0,RW,10.0,Left,4.0,4.0,5.0,Medium/Low,Unique,Yes,144300000.0,"#Dribbler, #Distance Shooter, #FK Specialist, #Acrobat, #Clinical Finisher, #Complete Forward","Finesse Shot, Long Shot Taker (AI), Playmaker (AI), Outside Foot Shot, One Club Player, Chip Shot (AI), Technical Dribbler (AI)",85.0,92.0,91.0,95.0,34.0,65.0,85.0,95.0,70.0,91.0,88.0,96.0,93.0,94.0,91.0,96.0,91.0,80.0,91.0,94.0,95.0,86.0,68.0,72.0,69.0,94.0,44.0,40.0,93.0,95.0,75.0,96.0,20.0,35.0,24.0,6.0,11.0,15.0,14.0,8.0,,89+3,89+3,89+3,92.0,93.0,93.0,93.0,92.0,93,93,93,91+2,87+3,87+3,87+3,91+2,66+3,64+3,64+3,64+3,66+3,61+3,50+3,50+3,50+3,61+3,19+3,https://cdn.sofifa.net/players/158/023/22_120.png,https://cdn.sofifa.net/teams/73/60.png,https://cdn.sofifa.net/flags/fr.png,https://cdn.sofifa.net/teams/1369/60.png,https://cdn.sofifa.net/flags/ar.png,,,,,,,,,,,,,,,,,,,
,,32,,,,,,,,,players_22.csv,,,,,,,,,,,,,,,,,,,,,,,,,,,,,,,,,,,,,,,,,,,,,,,,,,,,,,,,,188545.0,https://sofifa.com/player/188545/robert-lewandowski/220002,R. Lewandowski,Robert Lewandowski,ST,92.0,92.0,119500000.0,270000.0,1988-08-21,185.0,81.0,21.0,FC Bayern München,German 1. Bundesliga,1.0,ST,9.0,,2014-07-01,2023.0,37.0,Poland,1353.0,RS,9.0,Right,4.0,4.0,5.0,High/Medium,Unique,Yes,197200000.0,"#Aerial Threat, #Distance Shooter, #Clinical Finisher, #Complete Forward","Solid Player, Finesse Shot, Outside Foot Shot, Chip Shot (AI)",78.0,92.0,79.0,86.0,44.0,82.0,71.0,95.0,90.0,85.0,89.0,85.0,79.0,85.0,70.0,88.0,77.0,79.0,77.0,93.0,82.0,90.0,85.0,76.0,86.0,87.0,81.0,49.0,95.0,81.0,90.0,88.0,35.0,42.0,19.0,15.0,6.0,12.0,8.0,10.0,,90+2,90+2,90+2,85.0,88.0,88.0,88.0,85.0,86+3,86+3,86+3,84+3,80+3,80+3,80+3,84+3,64+3,66+3,66+3,66+3,64+3,61+3,60+3,60+3,60+3,61+3,19+3,https://cdn.sofifa.net/players/188/545/22_120.png,https://cdn.sofifa.net/teams/21/60.png,https://cdn.sofifa.net/flags/de.png,https://cdn.sofifa.net/teams/1353/60.png,https://cdn.sofifa.net/flags/pl.png,,,,,,,,,,,,,,,,,,,
,,36,,,,,,,,,players_22.csv,,,,,,,,,,,,,,,,,,,,,,,,,,,,,,,,,,,,,,,,,,,,,,,,,,,,,,,,,20801.0,https://sofifa.com/player/20801/c-ronaldo-dos-santos-aveiro/220002,Cristiano Ronaldo,Cristiano Ronaldo dos Santos Aveiro,"ST, LW",91.0,91.0,45000000.0,270000.0,1985-02-05,187.0,83.0,11.0,Manchester United,English Premier League,1.0,ST,7.0,,2021-08-27,2023.0,38.0,Portugal,1354.0,ST,7.0,Right,4.0,5.0,5.0,High/Low,Unique,Yes,83300000.0,"#Aerial Threat, #Dribbler, #Distance Shooter, #Crosser, #Acrobat, #Clinical Finisher, #Complete Forward","Power Free-Kick, Flair, Long Shot Taker (AI), Speed Dribbler (AI), Outside Foot Shot",87.0,94.0,80.0,88.0,34.0,75.0,87.0,95.0,90.0,80.0,86.0,88.0,81.0,84.0,77.0,88.0,85.0,88.0,86.0,94.0,74.0,94.0,95.0,77.0,77.0,93.0,63.0,29.0,95.0,76.0,88.0,95.0,24.0,32.0,24.0,7.0,11.0,15.0,14.0,11.0,,90+1,90+1,90+1,88.0,89.0,89.0,89.0,88.0,86+3,86+3,86+3,86+3,78+3,78+3,78+3,86+3,63+3,59+3,59+3,59+3,63+3,60+3,53+3,53+3,53+3,60+3,20+3,https://cdn.sofifa.net/players/020/801/22_120.png,https://cdn.sofifa.net/teams/11/60.png,https://cdn.sofifa.net/flags/gb-eng.png,https://cdn.sofifa.net/teams/1354/60.png,https://cdn.sofifa.net/flags/pt.png,,,,,,,,,,,,,,,,,,,
,,29,,,,,,,,,players_22.csv,,,,,,,,,,,,,,,,,,,,,,,,,,,,,,,,,,,,,,,,,,,,,,,,,,,,,,,,,190871.0,https://sofifa.com/player/190871/neymar-da-silva-santos-jr/220002,Neymar Jr,Neymar da Silva Santos Júnior,"LW, CAM",91.0,91.0,129000000.0,270000.0,1992-02-05,175.0,68.0,73.0,Paris Saint-Germain,French Ligue 1,1.0,LW,10.0,,2017-08-03,2025.0,54.0,Brazil,,,,Right,5.0,5.0,5.0,High/Medium,Unique,Yes,238700000.0,"#Speedster, #Dribbler, #Playmaker, #FK Specialist, #Acrobat, #Complete Midfielder","Injury Prone, Flair, Speed Dribbler (AI), Playmaker (AI), Outside Foot Shot, Technical Dribbler (AI)",91.0,83.0,86.0,94.0,37.0,63.0,85.0,83.0,63.0,86.0,86.0,95.0,88.0,87.0,81.0,95.0,93.0,89.0,96.0,89.0,84.0,80.0,64.0,81.0,53.0,81.0,63.0,37.0,86.0,90.0,93.0,93.0,35.0,32.0,29.0,9.0,9.0,15.0,15.0,11.0,,83+3,83+3,83+3,90.0,88.0,88.0,88.0,90.0,89+2,89+2,89+2,89+2,82+3,82+3,82+3,89+2,67+3,63+3,63+3,63+3,67+3,62+3,50+3,50+3,50+3,62+3,20+3,https://cdn.sofifa.net/players/190/871/22_120.png,https://cdn.sofifa.net/teams/73/60.png,https://cdn.sofifa.net/flags/fr.png,,https://cdn.sofifa.net/flags/br.png,,,,,,,,,,,,,,,,,,,
Jayden Adams,MF,25-037,,,,,,,,,south_africa_world_cup_roster_2026.csv,23.0,Mamelodi Sundowns,2001-05-05,,,,,,,,,,,,,,,,,,,,,,,,,,,,,,,,,,,,,,,,,,,,,,,,,,,,,,,,,,,,,,,,,,,,,,,,,,,,,,,,,,,,,,,,,,,,,,,,,,,,,,,,,,,,,,,,,,,,,,,,,,,,,,,,,,,,,,,,,,,,,,,,,,,,,,,,,,,,,,,,,,,,,,,,,,,,,,,,,,,,,
Oswin Appollis,MF,24-290,,,,,,,,,south_africa_world_cup_roster_2026.csv,7.0,Orlando Pirates,2001-08-25,,,,,,,,,,,,,,,,,,,,,,,,,,,,,,,,,,,,,,,,,,,,,,,,,,,,,,,,,,,,,,,,,,,,,,,,,,,,,,,,,,,,,,,,,,,,,,,,,,,,,,,,,,,,,,,,,,,,,,,,,,,,,,,,,,,,,,,,,,,,,,,,,,,,,,,,,,,,,,,,,,,,,,,,,,,,,,,,,,,,,
Sipho Chaine,GK,29-179,,,,,,,,,south_africa_world_cup_roster_2026.csv,16.0,Orlando Pirates,1996-12-14,,,,,,,,,,,,,,,,,,,,,,,,,,,,,,,,,,,,,,,,,,,,,,,,,,,,,,,,,,,,,,,,,,,,,,,,,,,,,,,,,,,,,,,,,,,,,,,,,,,,,,,,,,,,,,,,,,,,,,,,,,,,,,,,,,,,,,,,,,,,,,,,,,,,,,,,,,,,,,,,,,,South Africa,,,,,,,,,,,,,,,,,,
Bradley Cross,DF,25-132,,,,,,,,,south_africa_world_cup_roster_2026.csv,26.0,Kaizer Chiefs,2001-01-30,,,,,,,,,,,,,,,,,,,,,,,,,,,,,,,,,,,,,,,,,,,,,,,,,,,,,,,,,,,,,,,,,,,,,,,,,,,,,,,,,,,,,,,,,,,,,,,,,,,,,,,,,,,,,,,,,,,,,,,,,,,,,,,,,,,,,,,,,,,,,,,,,,,,,,,,,,,,,,,,,,,Kempton Park South Africa,,,,,,,,,,,,,,,,,,
,,,,,,,,,,,stadium_mapping.csv,,,,,,,,,,,,,,,,,,,,,,,,,,,,,,,,,,,,,,,,,,,,,,,,,,,,,,,,,,,,,,,,,,,,,,,,,,,,,,,,,,,,,,,,,,,,,,,,,,,,,,,,,,,,,,,,,,,,,,,,,,,,,,,,,,,,,,,,,,,,,,,,,,,,,,,,,,,,,,,,,,,,,,,1.0,Mercedes-Benz Stadium,1.jpg,,,,,,,,,,,,,,,
,,,,,,,,,,,stadium_mapping.csv,,,,,,,,,,,,,,,,,,,,,,,,,,,,,,,,,,,,,,,,,,,,,,,,,,,,,,,,,,,,,,,,,,,,,,,,,,,,,,,,,,,,,,,,,,,,,,,,,,,,,,,,,,,,,,,,,,,,,,,,,,,,,,,,,,,,,,,,,,,,,,,,,,,,,,,,,,,,,,,,,,,,,,,2.0,Gillette Stadium,2.jpg,,,,,,,,,,,,,,,
,,,,,,,,,,,stadium_mapping.csv,,,,,,,,,,,,,,,,,,,,,,,,,,,,,,,,,,,,,,,,,,,,,,,,,,,,,,,,,,,,,,,,,,,,,,,,,,,,,,,,,,,,,,,,,,,,,,,,,,,,,,,,,,,,,,,,,,,,,,,,,,,,,,,,,,,,,,,,,,,,,,,,,,,,,,,,,,,,,,,,,,,,,,,3.0,AT&T Stadium,3.jpg,,,,,,,,,,,,,,,
,,,,,,,,,,,stadium_mapping.csv,,,,,,,,,,,,,,,,,,,,,,,,,,,,,,,,,,,,,,,,,,,,,,,,,,,,,,,,,,,,,,,,,,,,,,,,,,,,,,,,,,,,,,,,,,,,,,,,,,,,,,,,,,,,,,,,,,,,,,,,,,,,,,,,,,,,,,,,,,,,,,,,,,,,,,,,,,,,,,,,,,,,,,,4.0,NRG Stadium,4.jpg,,,,,,,,,,,,,,,
,,,,,,,,,,,teams.csv,,,,,,,,,1.0,Mexico,,,,,,MEX,,,,,,,,,,,,,,,,,,,,,,,,,,,,,,,,,,,,,,,,,,,,,,,,,,,,,,,,,,,,,,,,,,,,,,,,,,,,,,,,,,,,,,,,,,,,,,,,,,,,,,,,,,,,,,,,,,,,,,,,,,,,,,,,,,,,,,,,,,,,,,,,,,,,,,,,,,A,False,,,,,,,,,,,,,
,,,,,,,,,,,teams.csv,,,,,,,,,2.0,South Africa,,,,,,RSA,,,,,,,,,,,,,,,,,,,,,,,,,,,,,,,,,,,,,,,,,,,,,,,,,,,,,,,,,,,,,,,,,,,,,,,,,,,,,,,,,,,,,,,,,,,,,,,,,,,,,,,,,,,,,,,,,,,,,,,,,,,,,,,,,,,,,,,,,,,,,,,,,,,,,,,,,,A,False,,,,,,,,,,,,,
,,,,,,,,,,,teams.csv,,,,,,,,,3.0,South Korea,,,,,,KOR,,,,,,,,,,,,,,,,,,,,,,,,,,,,,,,,,,,,,,,,,,,,,,,,,,,,,,,,,,,,,,,,,,,,,,,,,,,,,,,,,,,,,,,,,,,,,,,,,,,,,,,,,,,,,,,,,,,,,,,,,,,,,,,,,,,,,,,,,,,,,,,,,,,,,,,,,,A,False,,,,,,,,,,,,,
,,,,,,,,,,,teams.csv,,,,,,,,,4.0,Winner UEFA Playoff D,,,,,,UEPD,,,,,,,,,,,,,,,,,,,,,,,,,,,,,,,,,,,,,,,,,,,,,,,,,,,,,,,,,,,,,,,,,,,,,,,,,,,,,,,,,,,,,,,,,,,,,,,,,,,,,,,,,,,,,,,,,,,,,,,,,,,,,,,,,,,,,,,,,,,,,,,,,,,,,,,,,,A,True,,,,,,,,,,,,,
,,,,,,,,,,,team_mapping.csv,,,,,,,,,,,,,,,,,,,,,,,,,,,,,,,,,,,,,,,,,,,,,,,,,,,,,,,,,,,,,,,,,,,,,,,,,,,,,,,Argentina,1369.0,,,,,,,,,,,,,,,,,,,,,,,,,,,,,,,,,,,,,,,,,,,,,,,,,,,,,,,,,,,,,,,,,,,,,,,,,,,,,,,,,,,,,,,,,,,,,,,,,,,,,,,,
,,,,,,,,,,,team_mapping.csv,,,,,,,,,,,,,,,,,,,,,,,,,,,,,,,,,,,,,,,,,,,,,,,,,,,,,,,,,,,,,,,,,,,,,,,,,,,,,,,Poland,1353.0,,,,,,,,,,,,,,,,,,,,,,,,,,,,,,,,,,,,,,,,,,,,,,,,,,,,,,,,,,,,,,,,,,,,,,,,,,,,,,,,,,,,,,,,,,,,,,,,,,,,,,,,
,,,,,,,,,,,team_mapping.csv,,,,,,,,,,,,,,,,,,,,,,,,,,,,,,,,,,,,,,,,,,,,,,,,,,,,,,,,,,,,,,,,,,,,,,,,,,,,,,,Portugal,1354.0,,,,,,,,,,,,,,,,,,,,,,,,,,,,,,,,,,,,,,,,,,,,,,,,,,,,,,,,,,,,,,,,,,,,,,,,,,,,,,,,,,,,,,,,,,,,,,,,,,,,,,,,
,,,,,,,,,,,team_mapping.csv,,,,,,,,,,,,,,,,,,,,,,,,,,,,,,,,,,,,,,,,,,,,,,,,,,,,,,,,,,,,,,,,,,,,,,,,,,,,,,,Belgium,1325.0,,,,,,,,,,,,,,,,,,,,,,,,,,,,,,,,,,,,,,,,,,,,,,,,,,,,,,,,,,,,,,,,,,,,,,,,,,,,,,,,,,,,,,,,,,,,,,,,,,,,,,,,
Nicolás Otamendi,DF,38,20.0,20.0,1662.0,4.0,0.0,2.0,1.0,Argentina,todos_los_csv_combinados.csv,,,,,,,,,,,,,,,,,,,,,,,,,,,,,,,,,,,,,,,,,,,,,,,,,,,,,,,,,,,,,,,,,,,,,,,,,,,,,,,,,,,,,,,,,,,,,,,,,,,,,,,,,,,,,,,,,,,,,,,,,,,,,,,,,,,,,,,,,,,,,,,,,,,,,,,,,,,,,,,,,,,,,,,,,,,,,,,,,,,,,,,,
Emiliano Martínez,GK,33,18.0,18.0,1603.0,0.0,0.0,0.0,0.0,Argentina,todos_los_csv_combinados.csv,,,,,,,,,,,,,,,,,,,,,,,,,,,,,,,,,,,,,,,,,,,,,,,,,,,,,,,,,,,,,,,,,,,,,,,,,,,,,,,,,,,,,,,,,,,,,,,,,,,,,,,,,,,,,,,,,,,,,,,,,,,,,,,,,,,,,,,,,,,,,,,,,,,,,,,,,,,,,,,,,,,,,,,,,,,,,,,,,,,,,,,,
Rodrigo De Paul,MF,32,21.0,17.0,1526.0,0.0,2.0,2.0,0.0,Argentina,todos_los_csv_combinados.csv,,,,,,,,,,,,,,,,,,,,,,,,,,,,,,,,,,,,,,,,,,,,,,,,,,,,,,,,,,,,,,,,,,,,,,,,,,,,,,,,,,,,,,,,,,,,,,,,,,,,,,,,,,,,,,,,,,,,,,,,,,,,,,,,,,,,,,,,,,,,,,,,,,,,,,,,,,,,,,,,,,,,,,,,,,,,,,,,,,,,,,,,
Cristian Romero,DF,28,19.0,17.0,1513.0,0.0,0.0,4.0,0.0,Argentina,todos_los_csv_combinados.csv,,,,,,,,,,,,,,,,,,,,,,,,,,,,,,,,,,,,,,,,,,,,,,,,,,,,,,,,,,,,,,,,,,,,,,,,,,,,,,,,,,,,,,,,,,,,,,,,,,,,,,,,,,,,,,,,,,,,,,,,,,,,,,,,,,,,,,,,,,,,,,,,,,,,,,,,,,,,,,,,,,,,,,,,,,,,,,,,,,,,,,,,
,,,,,,,,,,,tournament_stages.csv,,,,,,,,,1.0,,,,,,,,,,,,,,,,,,,,,,,,,,,,,,,,,,,,,,,,,,,,,,,,,,,,,,,,,,,,,,,,,,,,,,,,,,,,,,,,,,,,,,,,,,,,,,,,,,,,,,,,,,,,,,,,,,,,,,,,,,,,,,,,,,,,,,,,,,,,,,,,,,,,,,,,,,,,,,,,,,,Group Stage,1.0,,,,,,,,,,,
,,,,,,,,,,,tournament_stages.csv,,,,,,,,,2.0,,,,,,,,,,,,,,,,,,,,,,,,,,,,,,,,,,,,,,,,,,,,,,,,,,,,,,,,,,,,,,,,,,,,,,,,,,,,,,,,,,,,,,,,,,,,,,,,,,,,,,,,,,,,,,,,,,,,,,,,,,,,,,,,,,,,,,,,,,,,,,,,,,,,,,,,,,,,,,,,,,,Round of 32,2.0,,,,,,,,,,,
,,,,,,,,,,,tournament_stages.csv,,,,,,,,,3.0,,,,,,,,,,,,,,,,,,,,,,,,,,,,,,,,,,,,,,,,,,,,,,,,,,,,,,,,,,,,,,,,,,,,,,,,,,,,,,,,,,,,,,,,,,,,,,,,,,,,,,,,,,,,,,,,,,,,,,,,,,,,,,,,,,,,,,,,,,,,,,,,,,,,,,,,,,,,,,,,,,,Round of 16,3.0,,,,,,,,,,,
,,,,,,,,,,,tournament_stages.csv,,,,,,,,,4.0,,,,,,,,,,,,,,,,,,,,,,,,,,,,,,,,,,,,,,,,,,,,,,,,,,,,,,,,,,,,,,,,,,,,,,,,,,,,,,,,,,,,,,,,,,,,,,,,,,,,,,,,,,,,,,,,,,,,,,,,,,,,,,,,,,,,,,,,,,,,,,,,,,,,,,,,,,,,,,,,,,,Quarterfinals,4.0,,,,,,,,,,,
,,,0.0,,,,,,,mx Mexico,world_cup_2026.csv,,,,,,,,,,,,,,,,,,,,,,,,,,,,,,,,,,,,,,,,,,,,,,,,,,,,,,,,,,,,,,,,,,,,,,,,,,,,,,,,,,,,,,,,,,,,,,,,,,,,,,,,,,,,,,,,,,,,,,,,,,,,,,,,,,,,,,,,,,,,,,,,,,,,,,,,,,,,,,,,,,,,,,,,,,,,,,Group A,1.0,0.0,0.0,0.0,0.0,0.0,0.0,0.0,"D,D,W,W,W",
,,,0.0,,,,,,,za South Africa,world_cup_2026.csv,,,,,,,,,,,,,,,,,,,,,,,,,,,,,,,,,,,,,,,,,,,,,,,,,,,,,,,,,,,,,,,,,,,,,,,,,,,,,,,,,,,,,,,,,,,,,,,,,,,,,,,,,,,,,,,,,,,,,,,,,,,,,,,,,,,,,,,,,,,,,,,,,,,,,,,,,,,,,,,,,,,,,,,,,,,,,,Group A,2.0,0.0,0.0,0.0,0.0,0.0,0.0,0.0,"W,L,D,L,D",
,,,0.0,,,,,,,kr Korea Republic,world_cup_2026.csv,,,,,,,,,,,,,,,,,,,,,,,,,,,,,,,,,,,,,,,,,,,,,,,,,,,,,,,,,,,,,,,,,,,,,,,,,,,,,,,,,,,,,,,,,,,,,,,,,,,,,,,,,,,,,,,,,,,,,,,,,,,,,,,,,,,,,,,,,,,,,,,,,,,,,,,,,,,,,,,,,,,,,,,,,,,,,,Group A,3.0,0.0,0.0,0.0,0.0,0.0,0.0,0.0,"W,L,L,W,W",
,,,0.0,,,,,,,cz Czechia,world_cup_2026.csv,,,,,,,,,,,,,,,,,,,,,,,,,,,,,,,,,,,,,,,,,,,,,,,,,,,,,,,,,,,,,,,,,,,,,,,,,,,,,,,,,,,,,,,,,,,,,,,,,,,,,,,,,,,,,,,,,,,,,,,,,,,,,,,,,,,,,,,,,,,,,,,,,,,,,,,,,,,,,,,,,,,,,,,,,,,,,,Group A,4.0,0.0,0.0,0.0,0.0,0.0,0.0,0.0,"W,D,D,W,W",
,,,0.0,,,,,,,mx Mexico,world_cup_2026_groups.csv,,,,,,,,,,,,,,,,,,,,,,,,,,,,,,,,,,,,,,,,,,,,,,,,,,,,,,,,,,,,,,,,,,,,,,,,,,,,,,,,,,,,,,,,,,,,,,,,,,,,,,,,,,,,,,,,,,,,,,,,,,,,,,,,,,,,,,,,,,,,,,,,,,,,,,,,,,,,,,,,,,,,,,,,,,,,,,Group A,1.0,0.0,0.0,0.0,0.0,0.0,0.0,0.0,"D,D,W,W,W",
,,,0.0,,,,,,,za South Africa,world_cup_2026_groups.csv,,,,,,,,,,,,,,,,,,,,,,,,,,,,,,,,,,,,,,,,,,,,,,,,,,,,,,,,,,,,,,,,,,,,,,,,,,,,,,,,,,,,,,,,,,,,,,,,,,,,,,,,,,,,,,,,,,,,,,,,,,,,,,,,,,,,,,,,,,,,,,,,,,,,,,,,,,,,,,,,,,,,,,,,,,,,,,Group A,2.0,0.0,0.0,0.0,0.0,0.0,0.0,0.0,"W,L,D,L,D",
,,,0.0,,,,,,,kr Korea Republic,world_cup_2026_groups.csv,,,,,,,,,,,,,,,,,,,,,,,,,,,,,,,,,,,,,,,,,,,,,,,,,,,,,,,,,,,,,,,,,,,,,,,,,,,,,,,,,,,,,,,,,,,,,,,,,,,,,,,,,,,,,,,,,,,,,,,,,,,,,,,,,,,,,,,,,,,,,,,,,,,,,,,,,,,,,,,,,,,,,,,,,,,,,,Group A,3.0,0.0,0.0,0.0,0.0,0.0,0.0,0.0,"W,L,L,W,W",
,,,0.0,,,,,,,cz Czechia,world_cup_2026_groups.csv,,,,,,,,,,,,,,,,,,,,,,,,,,,,,,,,,,,,,,,,,,,,,,,,,,,,,,,,,,,,,,,,,,,,,,,,,,,,,,,,,,,,,,,,,,,,,,,,,,,,,,,,,,,,,,,,,,,,,,,,,,,,,,,,,,,,,,,,,,,,,,,,,,,,,,,,,,,,,,,,,,,,,,,,,,,,,,Group A,4.0,0.0,0.0,0.0,0.0,0.0,0.0,0.0,"W,D,D,W,W",
,,,,,,,,,,,world_cup_2026_teams.csv,,,,,,,,,,Mexico,,,,,,,,,,,,,,,,,,,,,,,,,,,,,,,,,,,,,,,,,,,,,,,,,,,,,,,,,,,,,,,,,,,,,,,,,,,,,,,,,,,,,,,,,,,,,,,,,,,,,,,,,,,,,,,,,,,,,,,,,,,,,,,,,,,,,,,,,,,,,,,,,,,,,,,,,,,,,,,,,,,,A,,,,,,,,,,mx
,,,,,,,,,,,world_cup_2026_teams.csv,,,,,,,,,,South Africa,,,,,,,,,,,,,,,,,,,,,,,,,,,,,,,,,,,,,,,,,,,,,,,,,,,,,,,,,,,,,,,,,,,,,,,,,,,,,,,,,,,,,,,,,,,,,,,,,,,,,,,,,,,,,,,,,,,,,,,,,,,,,,,,,,,,,,,,,,,,,,,,,,,,,,,,,,,,,,,,,,,,A,,,,,,,,,,za
,,,,,,,,,,,world_cup_2026_teams.csv,,,,,,,,,,Korea Republic,,,,,,,,,,,,,,,,,,,,,,,,,,,,,,,,,,,,,,,,,,,,,,,,,,,,,,,,,,,,,,,,,,,,,,,,,,,,,,,,,,,,,,,,,,,,,,,,,,,,,,,,,,,,,,,,,,,,,,,,,,,,,,,,,,,,,,,,,,,,,,,,,,,,,,,,,,,,,,,,,,,,A,,,,,,,,,,kr
,,,,,,,,,,,world_cup_2026_teams.csv,,,,,,,,,,Czechia,,,,,,,,,,,,,,,,,,,,,,,,,,,,,,,,,,,,,,,,,,,,,,,,,,,,,,,,,,,,,,,,,,,,,,,,,,,,,,,,,,,,,,,,,,,,,,,,,,,,,,,,,,,,,,,,,,,,,,,,,,,,,,,,,,,,,,,,,,,,,,,,,,,,,,,,,,,,,,,,,,,,A,,,,,,,,,,cz
