Jugador,Edad,Altura,Peso,Tipo_Lesion,Dias_Baja,Partidos_Perdidos
"Emiliano Martínez","33","1.95 m","","Calf problems","5","1"
"Emiliano Martínez","33","1.95 m","","muscular problems","4","1"
"Emiliano Martínez","33","1.95 m","","muscular problems","3","1"
"Emiliano Martínez","33","1.95 m","","Knock","3","1"
"Emiliano Martínez","33","1.95 m","","Muscle injury","12","2"
"Emiliano Martínez","33","1.95 m","","unknown injury","3","1"
"Emiliano Martínez","33","1.95 m","","unknown injury","6","1"
"Emiliano Martínez","33","1.95 m","","Knee problems","10","1"
"Gerónimo Rulli","34","1.89 m","","Shoulder injury","104","22"
"Gerónimo Rulli","34","1.89 m","","Cruciate ligament strain","56","8"
"Gerónimo Rulli","34","1.89 m","","Metatarsal fracture","71","9"
"Juan Musso","32","1.93 m","","Ankle sprain","15","1"
"Juan Musso","32","1.93 m","","Broken jaw","36","5"
"Juan Musso","32","1.93 m","","Corona virus","7","0"
"Juan Musso","32","1.93 m","","surgery","20","4"
"Juan Musso","32","1.93 m","","Finger injury","37","2"
"Cristian Romero","28","1.85 m","","Knee injury","56","6"
"Cristian Romero","28","1.85 m","","Adductor injury","13","4"
"Cristian Romero","28","1.85 m","","Hamstring injury","86","20"
"Cristian Romero","28","1.85 m","","Toe injury","15","4"
"Cristian Romero","28","1.85 m","","Ankle injury","6","1"
"Cristian Romero","28","1.85 m","","Hamstring strain","20","3"
"Cristian Romero","28","1.85 m","","Hamstring injury","23","6"
"Cristian Romero","28","1.85 m","","Adductor pain","16","3"
"Cristian Romero","28","1.85 m","","Hip problems","15","3"
"Cristian Romero","28","1.85 m","","Hamstring injury","81","17"
"Cristian Romero","28","1.85 m","","Quarantine","9","3"
"Cristian Romero","28","1.85 m","","Knee injury","6","1"
"Cristian Romero","28","1.85 m","","Knee injury","18","3"
"Cristian Romero","28","1.85 m","","muscular problems","6","1"
"Cristian Romero","28","1.85 m","","Corona virus","5","1"
"Lisandro Martínez","28","1.75 m","","Calf injury","45","8"
"Lisandro Martínez","28","1.75 m","","Cruciate ligament injury","292","44"
"Lisandro Martínez","28","1.75 m","","Back problems","3","1"
"Lisandro Martínez","28","1.75 m","","Calf strain","30","6"
"Lisandro Martínez","28","1.75 m","","Knee injury","55","9"
"Lisandro Martínez","28","1.75 m","","Foot injury","106","26"
"Lisandro Martínez","28","1.75 m","","Metatarsal fracture","78","14"
"Lisandro Martínez","28","1.75 m","","Muscle injury","63","9"
"Lisandro Martínez","28","1.75 m","","unknown injury","11","1"
"Lisandro Martínez","28","1.75 m","","Knock","7","1"
"Lisandro Martínez","28","1.75 m","","Hamstring injury","21","1"
"Marcos Senesi","29","1.84 m","","Hamstring injury","123","21"
"Marcos Senesi","29","1.84 m","","Facial injury","10","1"
"Marcos Senesi","29","1.84 m","","Hamstring injury","33","6"
"Marcos Senesi","29","1.84 m","","Ill","4","1"
"Marcos Senesi","29","1.84 m","","Groin injury","13","0"
"Marcos Senesi","29","1.84 m","","Groin injury","22","2"
"Marcos Senesi","29","1.84 m","","Quarantine","5","1"
"Marcos Senesi","29","1.84 m","","Arm injury","11","0"
"Facundo Medina","27","1.84 m","","Ankle sprain","85","17"
"Facundo Medina","27","1.84 m","","Injury to the ankle","14","2"
"Facundo Medina","27","1.84 m","","Dead leg","5","0"
"Facundo Medina","27","1.84 m","","Knee injury","19","3"
"Facundo Medina","27","1.84 m","","Muscle injury","7","2"
"Facundo Medina","27","1.84 m","","Corona virus","11","2"
"Facundo Medina","27","1.84 m","","Knee problems","26","3"
"Facundo Medina","27","1.84 m","","Knee injury","6","0"
"Nicolás Otamendi","38","1.82 m","","muscular problems","7","1"
"Nicolás Otamendi","38","1.82 m","","Corona virus","10","3"
"Nicolás Otamendi","38","1.82 m","","Knock","7","2"
"Nicolás Otamendi","38","1.82 m","","Knock","12","2"
"Nicolás Otamendi","38","1.82 m","","Knee injury","13","2"
"Nicolás Otamendi","38","1.82 m","","Achilles tendon problems","14","3"
"Nicolás Otamendi","38","1.82 m","","Knock","8","2"
"Nicolás Otamendi","38","1.82 m","","Ankle problems","8","1"
"Nicolás Otamendi","38","1.82 m","","Ankle problems","5","1"
"Nicolás Tagliafico","33","1.72 m","","Ankle sprain","26","6"
"Nicolás Tagliafico","33","1.72 m","","Calf injury","23","4"
"Nicolás Tagliafico","33","1.72 m","","Ill","10","1"
"Nicolás Tagliafico","33","1.72 m","","Injury to the ankle","6","1"
"Nicolás Tagliafico","33","1.72 m","","Rest","5","1"
"Nicolás Tagliafico","33","1.72 m","","concussion","9","1"
"Nicolás Tagliafico","33","1.72 m","","Inflammation of pubic bone","11","1"
"Nicolás Tagliafico","33","1.72 m","","Rest","15","2"
"Nicolás Tagliafico","33","1.72 m","","Head injury","14","4"
"Nicolás Tagliafico","33","1.72 m","","Eye injury","13","1"
"Nicolás Tagliafico","33","1.72 m","","Knock","2","0"
"Nicolás Tagliafico","33","1.72 m","","Knock","4","1"
"Nicolás Tagliafico","33","1.72 m","","Knee injury","45","5"
"Nicolás Tagliafico","33","1.72 m","","Hip injury","3","0"
"Nicolás Tagliafico","33","1.72 m","","Hip problems","6","1"
"Nahuel Molina","28","1.79 m","","Muscle injury","19","5"
"Nahuel Molina","28","1.79 m","","Muscle injury","38","5"
"Nahuel Molina","28","1.79 m","","Muscle injury","26","1"
"Nahuel Molina","28","1.79 m","","unknown injury","9","2"
"Nahuel Molina","28","1.79 m","","unknown injury","4","1"
"Nahuel Molina","28","1.79 m","","Hip injury","34","1"
"Nahuel Molina","28","1.79 m","","Fitness","25","1"
"Gonzalo Montiel","29","1.75 m","","Muscle tear","22","3"
"Gonzalo Montiel","29","1.75 m","","Muscle tear","16","4"
"Gonzalo Montiel","29","1.75 m","","Knee problems","9","2"
"Gonzalo Montiel","29","1.75 m","","Knee injury","10","1"
"Gonzalo Montiel","29","1.75 m","","muscular problems","31","5"
"Gonzalo Montiel","29","1.75 m","","muscular problems","9","1"
"Gonzalo Montiel","29","1.75 m","","Calf muscle tear","24","6"
"Gonzalo Montiel","29","1.75 m","","unknown injury","11","1"
"Gonzalo Montiel","29","1.75 m","","Knock","15","3"
"Gonzalo Montiel","29","1.75 m","","Muscle tear","15","3"
"Gonzalo Montiel","29","1.75 m","","Thigh problems","15","1"
"Gonzalo Montiel","29","1.75 m","","Thigh problems","12","3"
"Gonzalo Montiel","29","1.75 m","","Corona virus","18","2"
"Gonzalo Montiel","29","1.75 m","","Thigh problems","4","1"
"Gonzalo Montiel","29","1.75 m","","Mononucleation","36","6"
"Leandro Paredes","31","1.82 m","","Ankle sprain","11","2"
"Leandro Paredes","31","1.82 m","","Rest","3","1"
"Leandro Paredes","31","1.82 m","","flu","6","2"
"Leandro Paredes","31","1.82 m","","unknown injury","7","1"
"Leandro Paredes","31","1.82 m","","Hamstring muscle injury","17","4"
"Leandro Paredes","31","1.82 m","","Adductor injury","87","10"
"Leandro Paredes","31","1.82 m","","Adductor pain","19","3"
"Leandro Paredes","31","1.82 m","","Thigh problems","30","6"
"Leandro Paredes","31","1.82 m","","Fitness","25","4"
"Leandro Paredes","31","1.82 m","","Knock","18","4"
"Leandro Paredes","31","1.82 m","","Corona virus","10","1"
"Leandro Paredes","31","1.82 m","","Ankle problems","5","1"
"Leandro Paredes","31","1.82 m","","Torn lateral ankle ligament","36","5"
"Leandro Paredes","31","1.82 m","","Torn lateral ankle ligament","11","0"
"Leandro Paredes","31","1.82 m","","minor knock","1","0"
"Enzo Fernández","25","1.78 m","","Knee problems","13","1"
"Enzo Fernández","25","1.78 m","","Knee problems","7","2"
"Enzo Fernández","25","1.78 m","","Knock","8","1"
"Enzo Fernández","25","1.78 m","","Ill","3","1"
"Enzo Fernández","25","1.78 m","","Groin surgery","37","6"
"Enzo Fernández","25","1.78 m","","unknown injury","6","1"
"Enzo Fernández","25","1.78 m","","unknown injury","11","2"
"Alexis Mac Allister","27","1.76 m","","muscular problems","12","1"
"Alexis Mac Allister","27","1.76 m","","Muscle injury","79","4"
"Alexis Mac Allister","27","1.76 m","","Knee injury","23","6"
"Alexis Mac Allister","27","1.76 m","","Back injury","4","1"
"Alexis Mac Allister","27","1.76 m","","Virus","36","5"
"Valentín Barco","21","1.70 m","","Ankle injury","18","5"
"Valentín Barco","21","1.70 m","","Ill","5","1"
"Valentín Barco","21","1.70 m","","Hamstring injury","20","3"
"Valentín Barco","21","1.70 m","","Groin injury","10","2"
"Valentín Barco","21","1.70 m","","Adductor pain","6","1"
"Valentín Barco","21","1.70 m","","Corona virus","11","2"
"Exequiel Palacios","27","1.77 m","","Fitness","39","4"
"Exequiel Palacios","27","1.77 m","","Adductor injury","94","22"
"Exequiel Palacios","27","1.77 m","","Muscle injury","22","2"
"Exequiel Palacios","27","1.77 m","","Groin problems","10","1"
"Exequiel Palacios","27","1.77 m","","Fitness","12","3"
"Exequiel Palacios","27","1.77 m","","Knee injury","32","4"
"Exequiel Palacios","27","1.77 m","","muscular problems","4","1"
"Exequiel Palacios","27","1.77 m","","Muscle injury","38","6"
"Exequiel Palacios","27","1.77 m","","Rest","3","1"
"Exequiel Palacios","27","1.77 m","","Knee problems","3","1"
"Exequiel Palacios","27","1.77 m","","Muscle injury","24","4"
"Exequiel Palacios","27","1.77 m","","Hamstring injury","50","11"
"Exequiel Palacios","27","1.77 m","","Back injury","39","6"
"Exequiel Palacios","27","1.77 m","","cold","5","1"
"Exequiel Palacios","27","1.77 m","","Torn lateral ankle ligament","19","4"
"Rodrigo De Paul","32","1.78 m","","Torn muscle fiber","9","1"
"Rodrigo De Paul","32","1.78 m","","Rest","5","1"
"Rodrigo De Paul","32","1.78 m","","Hamstring injury","18","4"
"Nico Paz","21","1.85 m","","Knee problems","15","1"
"Nico Paz","21","1.85 m","","Bruised knee","8","1"
"Giovani Lo Celso","30","1.77 m","","Hamstring injury","79","17"
"Giovani Lo Celso","30","1.77 m","","muscular problems","85","3"
"Giovani Lo Celso","30","1.77 m","","Muscle injury","38","8"
"Giovani Lo Celso","30","1.77 m","","Adductor injury","21","3"
"Giovani Lo Celso","30","1.77 m","","Hamstring injury","33","6"
"Giovani Lo Celso","30","1.77 m","","Knee problems","6","1"
"Giovani Lo Celso","30","1.77 m","","Muscle injury","37","5"
"Giovani Lo Celso","30","1.77 m","","unknown injury","9","1"
"Giovani Lo Celso","30","1.77 m","","Hamstring injury","38","6"
"Giovani Lo Celso","30","1.77 m","","Muscle tear","50","12"
"Giovani Lo Celso","30","1.77 m","","Shin injury","6","2"
"Giovani Lo Celso","30","1.77 m","","Knee injury","28","5"
"Giovani Lo Celso","30","1.77 m","","Quarantine","9","3"
"Giovani Lo Celso","30","1.77 m","","Hamstring injury","85","21"
"Giovani Lo Celso","30","1.77 m","","Knock","7","1"
"Nico González","28","1.80 m","","Muscle injury","39","7"
"Nico González","28","1.80 m","","Muscle injury","15","4"
"Nico González","28","1.80 m","","Muscle injury","30","4"
"Nico González","28","1.80 m","","muscular problems","73","17"
"Nico González","28","1.80 m","","unknown injury","5","1"
"Nico González","28","1.80 m","","Hamstring injury","35","6"
"Nico González","28","1.80 m","","unknown injury","6","1"
"Nico González","28","1.80 m","","Rest","3","1"
"Nico González","28","1.80 m","","Hamstring muscle injury","50","8"
"Nico González","28","1.80 m","","unknown injury","23","6"
"Nico González","28","1.80 m","","unknown injury","15","3"
"Nico González","28","1.80 m","","unknown injury","8","2"
"Nico González","28","1.80 m","","Corona virus","29","5"
"Nico González","28","1.80 m","","Torn muscle fiber","71","9"
"Nico González","28","1.80 m","","Torn muscle fiber","36","5"
"Thiago Almada","25","1.71 m","","Muscle injury","31","8"
"Thiago Almada","25","1.71 m","","Calf injury","8","2"
"Thiago Almada","25","1.71 m","","Calf problems","11","1"
"Giuliano Simeone","23","1.74 m","","Fever","6","1"
"Giuliano Simeone","23","1.74 m","","Broken ankle","147","20"
"Lionel Messi","38","1.70 m","","muscular problems","12","0"
"Lionel Messi","38","1.70 m","","Rest","4","1"
"Lionel Messi","38","1.70 m","","muscular problems","9","2"
"Lionel Messi","38","1.70 m","","muscular problems","11","2"
"Lionel Messi","38","1.70 m","","Adductor pain","10","2"
"Lionel Messi","38","1.70 m","","Ligament injury","59","10"
"Lionel Messi","38","1.70 m","","Leg injury","5","1"
"Lionel Messi","38","1.70 m","","muscular problems","22","6"
"Lionel Messi","38","1.70 m","","Muscle injury","15","4"
"Lionel Messi","38","1.70 m","","Muscle injury","13","3"
"Lionel Messi","38","1.70 m","","Knee problems","6","1"
"Lionel Messi","38","1.70 m","","Achilles heel problems","3","1"
"Lionel Messi","38","1.70 m","","Calf problems","9","2"
"Lionel Messi","38","1.70 m","","flu","8","1"
"Lionel Messi","38","1.70 m","","Quarantine","15","2"
"Julián Alvarez","26","1.70 m","","Ankle sprain","26","4"
"Julián Alvarez","26","1.70 m","","Ankle problems","5","1"
"Julián Alvarez","26","1.70 m","","Inner ligament injury","7","1"
"Julián Alvarez","26","1.70 m","","Ill","3","1"
"Lautaro Martínez","28","1.75 m","","Muscle injury","22","2"
"Lautaro Martínez","28","1.75 m","","Calf problems","16","2"
"Lautaro Martínez","28","1.75 m","","Calf strain","42","9"
"Lautaro Martínez","28","1.75 m","","Muscle fatigue","12","2"
"Lautaro Martínez","28","1.75 m","","Hamstring injury","5","1"
"Lautaro Martínez","28","1.75 m","","Muscle injury","16","4"
"Lautaro Martínez","28","1.75 m","","Fever","4","1"
"Lautaro Martínez","28","1.75 m","","Muscle fatigue","7","1"
"Lautaro Martínez","28","1.75 m","","Adductor injury","16","2"
"Lautaro Martínez","28","1.75 m","","Muscle fatigue","4","0"
"Lautaro Martínez","28","1.75 m","","Corona virus","12","2"
"Lautaro Martínez","28","1.75 m","","muscular problems","4","1"
"Lautaro Martínez","28","1.75 m","","muscular problems","14","1"
"Lautaro Martínez","28","1.75 m","","Hamstring injury","16","3"
"Lautaro Martínez","28","1.75 m","","Calf problems","17","4"
"José Manuel López","25","1.90 m","","Ninguna","0","0"
