Player,MarketValue_EUR
Achref Abada,€1.00m
Rayan Aït-Nouri,€40.00m
Mohamed Amine Tougai,€1.30m
Mohamed Amoura,€20.00m
Houssem Aouar,€8.00m
Zineddine Belaïd,€1.80m
Rafik Belghali,€7.00m
Oussama Benbot,€850k
Nadhir Benbouali,€1.20m
Ramy Bensebaini,€7.00m
Nabil Bentaleb,€4.50m
Hicham Boudaoui,€12.00m
Adil Boulbina,€3.00m
Fares Chaïbi,€15.00m
Samir Chergui,€3.00m
Farés Ghedjemis,€7.50m
Amine Gouiri,€28.00m
Anis Hadj Moussa,€23.00m
Jaouen Hadjam,€7.00m
Riyad Mahrez,€5.00m
Aïssa Mandi,€1.00m
Melvin Mastil,€250k
Ibrahim Maza,€45.00m
Yassine Titraoui,€7.00m
Ramiz Zerrouki,€6.50m
Luca Zidane,€1.00m
Thiago Almada,€15.00m
Julián Álvarez,€100.00m
Leonardo Balerdi,€18.00m
Valentín Barco,€40.00m
Rodrigo De Paul,€14.00m
Enzo Fernández,€90.00m
Nicolás González,€40.00m
Giovani Lo Celso,€8.00m
Flaco López,€25.00m
Alexis Mac Allister,€70.00m
Emiliano Martínez,€12.00m
Lautaro Martínez,€85.00m
Lisandro Martínez,€40.00m
Facundo Medina,€18.00m
Lionel Messi,€15.00m
Nahuel Molina,€15.00m
Gonzalo Montiel,€4.50m
Juan Musso,€3.00m
Nicolás Otamendi,€1.00m
Exequiel Palacios,€25.00m
Leandro Paredes,€5.00m
Nicolás Paz,€80.00m
Cristian Romero,€45.00m
Gerónimo Rulli,€6.00m
Giuliano Simeone,€40.00m
Nicolás Tagliafico,€4.00m
Patrick Beach,€1.00m
Aziz Behich,€250k
Jordy Bos,€12.00m
Cameron Burgess,€1.50m
Alessandro Circati,€12.00m
Miloš Degenek,€450k
Cammy Devlin,€2.00m
Jason Geria,€350k
Lucas Herrington,€4.50m
Ajdin Hrustic,€600k
Nestory Irankunda,€8.00m
Jackson Irvine,€1.00m
Jacob Italiano,€600k
Paul Izzo,€500k
Mathew Leckie,€300k
Awer Mabil,€500k
Connor Metcalfe,€1.50m
Aiden O'Neill,€3.00m
Paul Okon-Engstler,€1.20m
Mathew Ryan,€1.80m
Harry Souttar,€3.50m
Mo Touré,€400k
Kai Trewin,€1.80m
Nishan Velupillay,€650k
Cristian Volpato,€10.00m
Tete Yengi,€450k
David Affengruber,€20.00m
David Alaba,€3.00m
Marko Arnautović,€2.00m
Christoph Baumgartner,€40.00m
Carney Chukwuemeka,€20.00m
Kevin Danso,€20.00m
Marco Friedl,€10.00m
Michael Gregoritsch,€1.50m
Florian Grillitsch,€2.50m
Saša Kalajdžić,€4.00m
Konrad Laimer,€32.00m
Philipp Lienhart,€10.00m
Phillipp Mwene,€1.50m
Patrick Pentz,€2.20m
Stefan Posch,€6.00m
Alexander Prass,€9.00m
Marcel Sabitzer,€6.00m
Alexander Schlager,€2.00m
Xaver Schlager,€10.00m
Romano Schmid,€15.00m
Alessandro Schöpf,€800k
Nicolas Seiwald,€25.00m
Michael Svoboda,€3.50m
Paul Wanner,€22.00m
Florian Wiegele,€2.20m
Patrick Wimmer,€12.00m
Timothy Castagne,€8.00m
Thibaut Courtois,€15.00m
Kevin De Bruyne,€8.00m
Maxim De Cuyper,€22.00m
Charles De Ketelaere,€30.00m
Koni De Winter,€23.00m
Zeno Debast,€28.00m
Jeremy Doku,€75.00m
Matias Fernandez-Pardo,€35.00m
Senne Lammens,€35.00m
Romelu Lukaku,€6.00m
Dodi Lukebakio,€15.00m
Brandon Mechele,€2.80m
Thomas Meunier,€1.50m
Diego Moreira,€25.00m
Nathan Ngoy,€25.00m
Amadou Onana,€45.00m
Mike Penders,€25.00m
Nicolas Raskin,€12.00m
Alexis Saelemaekers,€20.00m
Joaquin Seys,€20.00m
Arthur Theate,€17.00m
Youri Tielemans,€30.00m
Leandro Trossard,€18.00m
Hans Vanaken,€5.00m
Axel Witsel,€1.20m
Kerim Alajbegović,€22.00m
Esmir Bajraktarevic,€8.00m
Ivan Bašić,€1.50m
Samed Baždar,€1.50m
Dženis Burnić,€1.20m
Nidal Čelik,€7.00m
Amar Dedić,€16.00m
Ermedin Demirović,€22.00m
Edin Džeko,€1.00m
Armin Gigovic,€2.50m
Amir Hadžiahmetović,€4.00m
Dennis Hadžikadunić,€1.20m
Osman Hadžikić,€400k
Mladen Jurkas,€700k
Nikola Katić,€1.80m
Sead Kolašinac,€4.00m
Jovo Lukić,€2.20m
Ermin Mahmić,€5.00m
Amar Memić,€4.50m
Tarik Muharemovic,€25.00m
Nihad Mujakić,€1.20m
Stjepan Radeljić,€2.80m
Ivan Šunjić,€2.00m
Haris Tabaković,€3.50m
Benjamin Tahirovic,€4.50m
Nikola Vasilj,€4.50m
Martin Zlomislić,€2.00m
Alisson,€15.00m
Gleison Bremer,€35.00m
Casemiro,€6.00m
Matheus Cunha,€75.00m
Danilo,€2.00m
Ederson,€10.00m
Éderson,€10.00m
Endrick,€40.00m
Fabinho,€12.00m
Bruno Guimarães,€70.00m
Luiz Henrique,€24.00m
Roger Ibanez,€18.00m
Vinicius Júnior,€140.00m
Gabriel Magalhães,€75.00m
Marquinhos,€28.00m
Gabriel Martinelli,€45.00m
Neymar,€8.00m
Lucas Paquetá,€32.00m
Léo Pereira,€12.00m
Raphinha,€70.00m
Rayan,€90.00m
Alex Sandro,€1.00m
Danilo Santos,€32.00m
Douglas Santos,€7.50m
Igor Thiago,€65.00m
Wesley,€28.00m
Wéverton,€700k
Ali Ahmed,€5.00m
Moïse Bombito,€7.00m
Tajon Buchanan,€12.00m
Mathieu Choinière,€800k
Derek Cornelius,€2.50m
Maxime Crépeau,€1.80m
Jonathan David,€30.00m
Promise David,€17.00m
Alphonso Davies,€40.00m
Luc De Fougerolles,€1.00m
Stephen Eustáquio,€6.00m
Marcelo Flores,€4.50m
Owen Goodman,€550k
Alistair Johnston,€8.00m
Alfie Jones,€6.00m
Ismaël Koné,€25.00m
Cyle Larin,€2.50m
Richie Laryea,€1.00m
Liam Millar,€3.00m
Tani Oluwaseyi,€7.00m
Jonathan Osorio,€1.00m
Nathan Saliba,€7.50m
Jacob Shaffelburg,€2.50m
Niko Sigur,€4.00m
Dayne St. Clair,€3.50m
Joel Waterman,€2.00m
Telmo Arcanjo,€3.00m
Gilson Benchimol,€1.20m
Jovane Cabral,€1.00m
Logan Costa,€15.00m
Nuno da Costa,€400k
Diney,€900k
C.J. dos Santos,Ulisses Santos
Deroy Duarte,€1.80m
Laros Duarte,€1.00m
Dailon Livramento,€800k
Sidny Lopes Cabral,€4.00m
Ryan Mendes,€200k
Jamiro Monteiro,€650k
Steven Moreira,€1.50m
João Paulo Fernandes,€900k
Pico,€35.00m
Kevin Pina,€5.00m
Wagner Pina,€11.00m
Kelvin Pires,€400k
Garry Rodrigues,€300k
Márcio Rosa,€350k
Willy Semedo,€1.00m
Stopira,€50k
Hélio Varela,€2.50m
Vozinha,€50k
Yannick,€12.00m
Jhon Arias,€15.00m
Santiago Arias,€1.20m
Juan Camilo Portilla,€5.00m
Jaminton Campaz,€5.50m
Jorge Carrascal,€13.00m
Kevin Castaño,€5.00m
Jhon Córdoba,€10.00m
Cucho,€18.00m
Álvaro David Montero,€2.50m
Luis Díaz,€70.00m
Willer Ditta,€5.50m
Andrés Gómez,€11.00m
Jefferson Lerma,€6.00m
Jhon Lucumí,€22.00m
Deiver Machado,€1.80m
Yerry Mina,€2.50m
Johan Mojica,€1.50m
Daniel Muñoz,€22.00m
David Ospina,€100k
Gustavo Puerta,€10.00m
Juan Quintero,€1.80m
Richard Ríos,€25.00m
James Rodríguez,€1.50m
Davinson Sánchez,€16.00m
Luis Suárez,€1.50m
Camilo Vargas,€450k
Cédric Bakambu,€1.20m
Simon Banza,€10.00m
Dylan Batubinsika,€600k
Theo Bongonda,€3.00m
Rocky Bushiri,€1.00m
Brian Cipenga,€2.00m
Meschak Elia,€1.50m
Matthieu Epolo,€8.00m
Timothy Fayulu,€800k
Gaël Kakuta,€250k
Gédéon Kalulu,€1.00m
Steve Kapuadi,€2.50m
Edo Kayembe,€4.00m
Joris Kayembe,€2.00m
Arthur Masuaku,€2.00m
Fiston Mayele,€1.80m
Chancel Mbemba,€2.00m
Nathanaël Mbuku,€2.00m
Samuel Moutoussamy,€1.20m
Lionel Mpasi,€400k
Ngal'Ayel Mukau,€15.00m
Charles Pickel,€2.50m
Noah Sadiki,€35.00m
Aaron Tshibola,€150k
Axel Tuanzebe,€5.00m
Aaron Wan-Bissaka,€15.00m
Yoane Wissa,€25.00m
Martin Baturina,€30.00m
Ante Budimir,€2.80m
Duje Ćaleta-Car,€2.80m
Martin Erlić,€4.00m
Toni Fruk,€9.00m
Joško Gvardiol,€70.00m
Kristijan Jakić,€6.00m
Dominik Kotarski,€5.00m
Mateo Kovačić,€10.00m
Andrej Kramarić,€2.50m
Dominik Livaković,€4.00m
Igor Matanović,€22.00m
Luka Modrić,€3.50m
Nikola Moro,€7.00m
Petar Musa,€12.00m
Ivor Pandur,€4.50m
Marco Pašalić,€6.50m
Mario Pašalić,€6.00m
Ivan Perišić,€1.20m
Marin Pongračić,€6.50m
Josip Stanišić,€40.00m
Luka Sučić,€10.00m
Petar Sučić,€40.00m
Josip Šutalo,€12.00m
Nikola Vlašić,€10.00m
Luka Vušković,€60.00m
Jeremy Antonisse,€800k
Juninho Bacuna,€1.70m
Leandro Bacuna,€250k
Riechedly Bazoer,€1.50m
Tyrick Bodak,€25k
Joshua Brenet,€1.00m
Tahith Chong,€3.50m
Livano Comenencia,€500k
Trevor Doornbusch,€50k
Roshon van Eijma,€375k
Kevin Felida,€400k
Sherel Floranus,€800k
Deveron Fonville,€1.50m
Juriën Gaari,€350k
Kenji Gorré,€600k
Sontje Hansen,€3.50m
Gervane Kastaneer,€225k
Brandley Kuwas,€250k
Jürgen Locadia,€200k
Jearl Margaritha,€1.00m
Ar'jany Martha,€700k
Tyrese Noslin,€750k
Armando Obispo,€4.00m
Godfried Roemeratoe,€350k
Eloy Room,€150k
Shurandy Sambo,€1.30m
Lukáš Červ,€6.00m
Štěpán Chaloupek,€10.00m
Tomáš Chorý,€2.70m
Mojmír Chytil,€4.00m
Vladimír Coufal,€2.50m
Vladimír Darida,€375k
David Doudera,€3.50m
Adam Hložek,€10.00m
Tomáš Holeš,€1.00m
Lukáš Horníček,€18.00m
Robin Hranáč,€10.00m
David Jurásek,€5.00m
Matej Kovar,€8.00m
Ladislav Krejčí,€22.00m
Jan Kuchta,€2.70m
Lukáš Provod,€8.00m
Michal Sadílek,€8.00m
Patrik Schick,€18.00m
Hugo Sochůrek,€3.50m
Alexandr Sojka,€2.30m
Tomáš Souček,€10.00m
Jindřich Staněk,€2.00m
Pavel Šulc,€20.00m
Denis Višinský,€3.00m
Jaroslav Zelený,€600k
David Zima,€7.00m
Simon Adingra,€22.00m
Emmanuel Agbadou,€16.00m
Clément Akpa,€9.00m
Ange-Yoan Bonny,€35.00m
Oumar Diakité,€5.00m
Amad Diallo,€45.00m
Ousmane Diomande,€42.00m
Yan Diomandé,€90.00m
Guéla Doué,€20.00m
Seko Fofana,€8.00m
Yahia Fofana,€5.00m
Evann Guessand,€25.00m
Parfait Guiagon,€5.00m
Christ Inao Oulaï,€23.00m
Franck Kessié,€12.00m
Ghislain Konan,€3.00m
Mohamed Koné,€2.00m
Odilon Kossounou,€15.00m
Alban Lafont,€3.00m
Obite N'Dicka,Unknown
Christopher Opéri,€4.00m
Nicolas Pépé,€6.00m
Ibrahim Sangaré,€20.00m
Jean Seri,Malte Spieß
Wilfried Singo,€23.00m
Bazoumana Touré,€40.00m
Elye Wahi,€18.00m
Jordy Alcivar,€2.00m
Nilson Angulo,€17.00m
Jeremy Arévalo,€7.00m
Jordy Caicedo,€2.00m
Moisés Caicedo,€100.00m
Denil Castillo,€7.00m
Pervis Estupiñán,€12.00m
Alan Franco,€4.00m
Hernán Galíndez,€300k
Piero Hincapié,€50.00m
Yaimar Medina,€4.00m
Alan Minda,€3.00m
Joel Ordóñez,€33.00m
Willian Pacho,€80.00m
Kendry Páez,€8.00m
Gonzalo Plata,€9.00m
Jackson Porozo,€2.50m
Ángelo Preciado,€3.50m
Moisés Ramírez,€800k
Kevin Rodríguez,€6.00m
Félix Torres Caicedo,Fabio Armando Marin Pilonieta
Anthony Valencia,€1.80m
Enner Valencia,€1.00m
Gonzalo Valle,€1.80m
Pedro Vite,€6.00m
John Yeboah,€5.50m
Hamza Abdelkarim,€1.50m
Hossam Abdelmaguid,€2.00m
Mohamed Abdelmonem,€2.50m
Ibrahim Adel,€2.50m
Mohamed Alaa,€1.20m
Tarek Alaa,-
Emam Ashour,€4.00m
Marwan Attia,Wellington Fabiano Santacroce
Nabil Dunga,€1.00m
Hamdy Fathy,€1.80m
Ahmed Fatouh,€1.00m
Karim Hafez,€700k
Mohamed Hany,€1.50m
Haissem Hassan,€3.50m
Yasser Ibrahim,-
El Mahdy Soliman,Sayed Moustafa Kamel
Omar Marmoush,€50.00m
Mohanad Mostafa,€3.00m
Ramy Rabia,€600k
Mahmoud Saber,€1.50m
Mohamed Salah,€22.00m
Mohamed El-Shenawy,Unknown
Mostafa Shobeir,Unknown
Trézéguet,-
Mostafa Ziko,€1.80m
Zizo,€3.50m
Elliot Anderson,€75.00m
Jude Bellingham,€130.00m
Dan Burn,€4.00m
Eberechi Eze,€65.00m
Anthony Gordon,€65.00m
Marc Guéhi,€70.00m
Dean Henderson,€28.00m
Jordan Henderson,€1.20m
Reece James,€60.00m
Harry Kane,€60.00m
Ezri Konsa,€40.00m
Tino Livramento,€45.00m
Noni Madueke,€50.00m
Kobbie Mainoo,€70.00m
Nico O’Reilly,Unknown
Jordan Pickford,€13.00m
Jarell Quansah,€45.00m
Marcus Rashford,€40.00m
Declan Rice,€120.00m
Morgan Rogers,€90.00m
Bukayo Saka,€110.00m
Djed Spence,€30.00m
John Stones,€12.00m
Ivan Toney,€20.00m
James Trafford,€25.00m
Ollie Watkins,€25.00m
Maghnes Akliouche,€50.00m
Bradley Barcola,€70.00m
Rayan Cherki,€90.00m
Ousmane Dembélé,€100.00m
Lucas Digne,€6.00m
Désiré Doué,€120.00m
Malo Gusto,€35.00m
Lucas Hernández,€18.00m
Theo Hernández,€20.00m
N'Golo Kanté,€4.00m
Ibrahima Konaté,€45.00m
Manu Koné,€50.00m
Jules Koundé,€60.00m
Maxence Lacroix,€50.00m
Mike Maignan,€20.00m
Jean-Philippe Mateta,€30.00m
Kylian Mbappé,€180.00m
Michael Olise,€150.00m
Adrien Rabiot,€18.00m
Robin Risser,€30.00m
William Saliba,€100.00m
Brice Samba,€7.00m
Aurélien Tchouaméni,€70.00m
Marcus Thuram,€50.00m
Dayot Upamecano,€70.00m
Warren Zaïre-Emery,€80.00m
Nadiem Amiri,€17.00m
Waldemar Anton,€18.00m
Oliver Baumann,€2.50m
Maximilian Beier,€40.00m
Nathaniel Brown,€40.00m
Leon Goretzka,€12.00m
Pascal Groß,€2.50m
Kai Havertz,€55.00m
Lennart Karl,€60.00m
Joshua Kimmich,€35.00m
Jamie Leweling,€40.00m
Jamal Musiala,€100.00m
Manuel Neuer,€4.00m
Felix Nmecha,€50.00m
Alexander Nübel,€12.00m
Assan Ouédraogo,€28.00m
Aleksandar Pavlovic,€90.00m
David Raum,€25.00m
Antonio Rüdiger,€6.00m
Leroy Sané,€20.00m
Nico Schlotterbeck,€55.00m
Angelo Stiller,€45.00m
Jonathan Tah,€28.00m
Malick Thiaw,€45.00m
Deniz Undav,€22.00m
Florian Wirtz,€100.00m
Nick Woltemade,€55.00m
Jonas Adjetey,€6.00m
Joseph Anang,€350k
Benjamin Asare,-
Lawrence Ati-Zigi,Unknown
Jordan Ayew,€1.00m
Augustine Boakye,€6.00m
Christopher Bonsu-Baah,Unknown
Abdul Fatawu Issahaku,€20.00m
Prince Kwabena Adu,€3.00m
Derrick Luckassen,€1.00m
Gideon Mensah,€4.00m
Abdul Mumin,€3.00m
Ernest Nuamah,€10.00m
Jerome Opoku,€5.00m
Elisha Owusu,€4.00m
Thomas Partey,€2.00m
Kojo Peprah Oppong,€10.00m
Abdul Rahman Baba,€2.00m
Alidu Seidu,€6.00m
Antoine Semenyo,€80.00m
Marvin Senaya,€3.00m
Kwasi Sibo,€1.40m
Kamaldeen Sulemana,€17.00m
Brandon Thomas-Asante,€16.00m
Iñaki Williams,€8.00m
Caleb Yirenkyi,€10.00m
Ricardo Adé,€300k
Carlens Arcus,€1.80m
Jean-Ricner Bellegarde,€16.00m
Josué Casimir,€3.00m
Louicius Deedson,€1.20m
Hannes Delcroix,€2.00m
Josué Duverger,€50k
Jean-Kevin Duverne,€2.00m
Derrick Etienne,€800k
Martin Expérience,€350k
Yassin Fortuné,€300k
Carl Fred Sainté,€125k
Wilson Isidor,€18.00m
Danley Jean-Jacques,€3.00m
Lenny Joseph,€2.00m
Duke Lacroix,€125k
Duckens Nazon,€800k
Wilguens Paugain,€800k
Alexandre Pierre,€700k
Leverton Pierre,€200k
Woodensky Pierre,€100k
Frantzdy Pierrot,€1.50m
Johny Placide,€150k
Ruben Providence,€300k
Dominique Simon,€200k
Keeto Thermoncy,€100k
Ali Alipour,€1.70m
Alireza Beiranvand,€650k
Rouzbeh Cheshmi,€450k
Dennis Eckert,€2.00m
Danial Eiri,€1.00m
Saeid Ezatolahi,Unknown
Mehdi Ghayedi,€4.50m
Saman Ghoddos,€1.20m
Mohammad Ghorbani,€1.20m
Ehsan Hajsafi,€250k
Saleh Hardani,€800k
Hossein Hosseini,€500k
Amirhossein Hosseinzadeh,€2.20m
Alireza Jahanbakhsh,€500k
Hossein Kanaanizadegan,€1.60m
Shoja' Khalilzadeh,Unknown
Shahriar Moghanlou,€800k
Milad Mohammadi,€900k
Mohammad Mohebi,€2.50m
Ali Nemati,-
Payam Niazmand,€700k
Amirmohammad Razzaghinia,€1.20m
Ramin Rezaeian,€250k
Mehdi Taremi,€2.00m
Mehdi Torabi,€1.20m
Aria Yousefi,€1.50m
Hussein Ali,€400k
Mohanad Ali,€1.20m
Amir Al Ammari,Samir El-Kateb
Youssef Amyn,€550k
Ahmed Basil,€450k
Ibrahim Bayesh,€800k
Frans Dhia Putros,Unknown
Merchas Doski,€1.70m
Marko Farji,€1.70m
Ali Al Hamadi,€1.50m
Akam Hashim,€700k
Jalal Hassan,€250k
Ayman Hussein,-
Zidane Iqbal,€1.00m
Zaid Ismail,€500k
Ali Jasim,€500k
Ahmed Maknzi,€450k
Ahmed Qasem,€3.50m
Mustafa Saadoon,€350k
Aimar Sher,€1.50m
Rebin Sulaka,€100k
Zaid Tahseen,€600k
Fahad Talib,€375k
Ahmed Yahya,€450k
Kevin Yakob,€850k
Manaf Younis,€300k
Ali Yousif,€200k
Ritsu Doan,€17.00m
Wataru Endo,€4.00m
Keisuke Gotō,€10.00m
Tomoki Hayakawa,€2.00m
Ko Itakura,€8.00m
Hiroki Ito,€18.00m
Junya Itō,€3.00m
Daichi Kamada,€10.00m
Takefusa Kubo,€20.00m
Daizen Maeda,€13.00m
Yūto Nagatomo,€100k
Keito Nakamura,€10.00m
Kōki Ogawa,€2.00m
Keisuke Ōsako,€2.00m
Kaishū Sano,€40.00m
Ayumu Seko,€5.00m
Kento Shiogai,€8.00m
Yukinari Sugawara,€5.50m
Junnosuke Suzuki,€3.50m
Yuito Suzuki,€24.00m
Zion Suzuki,€20.00m
Ao Tanaka,€13.00m
Shogo Taniguchi,€750k
Takehiro Tomiyasu,€5.00m
Ayase Ueda,€17.00m
Tsuyoshi Watanabe,€10.00m
Husam Abu Dahab,€350k
Mohammad Abu Hasheesh,€400k
Mohannad Abu Taha,€550k
Mo Abualnadi,€350k
Yazeed Abulaila,€300k
Yazan Al-Arab,€1.00m
Rajaei Ayed,€325k
Ali Azaizeh,€325k
Anas Badawi,€200k
Nour Bani Attiah,Unknown
Mohammad Al-Dawud,€150k
Abdallah Al-Fakhouri,€250k
Odeh Al-Fakhouri,Unknown
Ihsan Haddad,Damon Wilson
Amer Jamous,€500k
Mahmoud Al-Mardi,€350k
Abdallah Nasib,€400k
Salim Obaid,€25k
Ali Olwan,€800k
Nizar Al Rashdan,Zıhsan Orta
Noor Al Rawabdeh,Unknown
Saed Al-Rosan,Unknown
Ibrahim Sabra,€500k
Ibrahim Sadeh,€500k
Sharara,-
Musa Al-Taamari,Unknown
Song Bum-keun,Unknown
Jens Castrop,€10.00m
Lee Dong-gyeong,Unknown
Lee Gi-hyuk,Unknown
Cho Gue-sung,Unknown
Lee Han-beom,Unknown
Hwang Hee-chan,Unknown
Son Heung-min,Unknown
Oh Hyeon-gyu,Unknown
Jo Hyeon-woo,Unknown
Yang Hyun-jun,Unknown
Hwang In-beom,Unknown
Lee Jae-sung,Unknown
Eom Ji-sung,Unknown
Kim Jin-gyu,Unknown
Park Jinseob,Unknown
Bae Jun-ho,Unknown
Lee Kang-in,Unknown
Kim Min-jae,Unknown
Kim Moon-hwan,Unknown
Kim Seung-gyu,Unknown
Paik Seung-ho,Unknown
Kim Tae-hyeon,Unknown
Lee Tae-seok,Unknown
Cho Wi-je,Unknown
Seol Young-woo,Unknown
Cho Yumin,Unknown
Carlos Acevedo,€2.80m
Roberto Alvarado,€7.50m
Edson Álvarez,€15.00m
Luis Chávez,€6.00m
Mateo Chávez,€4.00m
Álvaro Fidalgo,€6.00m
Jesús Gallardo,€2.80m
Santiago Giménez,€18.00m
Armando González,€15.00m
Brian Gutiérrez,€8.00m
César Huerta,€3.50m
Raúl Jiménez,€3.00m
Erik Lira,€12.00m
Guillermo Martínez Ayala,€1.50m
César Montes,€7.50m
Gilberto Mora,€10.00m
Guillermo Ochoa,€250k
Orbelín Pineda,€7.00m
Julián Quiñones,€14.00m
Raúl Rangel,€6.50m
Israel Reyes,€6.50m
Luis Romo,€3.00m
Jorge Sánchez,€2.00m
Obed Vargas,€10.00m
Johan Vásquez,€12.00m
Alexis Vega,€8.00m
Nayef Aguerd,€15.00m
Ayoube Amaimouni,€10.00m
Sofyan Amrabat,€10.00m
Neil El Aynaoui,€23.00m
Youssef Belammari,€1.20m
Ayyoub Bouaddi,€50.00m
Yassine Bounou,€3.00m
Brahim Díaz,€35.00m
Issa Diop,€8.00m
Abde Ezzalzouli,€40.00m
Achraf Hakimi,€80.00m
Redouane Halhal,€5.00m
Ayoub El Kaabi,€4.50m
Bilal El Khannouss,€35.00m
Noussair Mazraoui,€18.00m
Samir El Mourabet,€22.00m
Munir,€1.50m
Zakaria El Ouahdi,€17.00m
Azzedine Ounahi,€10.00m
Soufiane Rahimi,€6.00m
Ahmed Reda Tagnaouti,€1.00m
Chadi Riad,€15.00m
Ismael Saibari,€40.00m
Anass Salah-Eddine,€12.00m
Chemsdine Talbi,€25.00m
Gessime Yassine,€12.00m
Nathan Aké,€12.00m
Brian Brobbey,€30.00m
Denzel Dumfries,€25.00m
Mark Flekken,€6.00m
Cody Gakpo,€60.00m
Ryan Gravenberch,€80.00m
Jorrel Hato,€40.00m
Jan Paul van Hecke,€45.00m
Frenkie de Jong,€35.00m
Justin Kluivert,€25.00m
Teun Koopmeiners,€14.00m
Noa Lang,€22.00m
Donyell Malen,€45.00m
Memphis,€7.00m
Tijjani Reijnders,€50.00m
Robin Roefs,€28.00m
Marten de Roon,€3.20m
Crysencio Summerville,€35.00m
Guus Til,€15.00m
Jurriën Timber,€70.00m
Quinten Timber,€25.00m
Virgil van Dijk,€15.00m
Micky van de Ven,€50.00m
Bart Verbruggen,€40.00m
Wout Weghorst,€2.00m
Mats Wieffer,€25.00m
Kosta Barbarouses,€300k
Lachlan Bayliss,€550k
Joe Bell,€3.50m
Tyler Bindon,€3.50m
Michael Boxall,€150k
Liberato Cacace,€2.50m
Max Crocombe,€1.00m
Callan Elliot,€450k
Matt Garbett,€450k
Eli Just,Tana Schultheis
Callum McCowatt,€2.50m
Ben Old,€1.80m
Alex Paulsen,€500k
Tim Payne,€350k
Nando Pijnaker,€400k
Jesse Randall,€900k
Alex Rufer,€600k
Sarpreet Singh,€500k
Tommy Smith,-
Marko Stamenic,€3.00m
Finn Surman,€1.80m
Ryan Thomas,€650k
Francis de Vries,€600k
Ben Waine,€400k
Chris Wood,€5.00m
Michael Woud,€400k
Thelo Aasgaard,€2.80m
Kristoffer Ajer,€18.00m
Fredrik André Bjørkan,€3.50m
Fredrik Aursnes,€15.00m
Patrick Berg,€8.00m
Sander Berge,€25.00m
Oscar Bobb,€28.00m
Henrik Falchener,€6.00m
Erling Haaland,€200.00m
Torbjørn Heggem,€13.00m
Sondre Langås,€4.00m
David Møller Wolfe,€8.00m
Antonio Nusa,€32.00m
Ørjan Nyland,€800k
Marcus Pedersen,€3.50m
Jens Petter Hauge,€12.00m
Julian Ryerson,€25.00m
Andreas Schjelderup,€30.00m
Egil Selvik,€1.50m
Jørgen Strand Larsen,€40.00m
Alexander Sørloth,€18.00m
Sander Tangvik,€3.00m
Morten Thorsby,€2.80m
Kristian Thorstvedt,€12.00m
Martin Ødegaard,€65.00m
Leo Østigård,€13.00m
Michael Amir Murillo,€7.00m
Andrés Andrade Cedeño,Unknown
Yoel Bárcenas,€650k
César Blackman,€2.50m
Adalberto Carrasquilla,€4.00m
José Córdoba,€5.00m
Erick Davis,-
Ismael Díaz,€1.80m
Fidel Escobar,€350k
José Fajardo,€550k
Edgardo Fariña,€900k
Aníbal Godoy,€100k
Jorge Gutiérrez,-
Carlos Harvey,€600k
Azarías Londoño,€1.00m
José Luis Rodríguez,-
Cristian Martínez,-
Luis Mejía,€150k
Roderick Miller,€175k
Orlando Mosquera,€700k
Alberto Quintero,-
Jiovany Ramos,€450k
Tomás Rodríguez,€1.00m
César Samudio,€250k
Cecilio Waterman,€250k
César Yanis,€400k
Omar Alderete,€13.00m
Miguel Almirón,€7.00m
Júnior Alonso,€1.50m
Álex Arce,€3.50m
Gabriel Ávalos,€750k
Fabián Balbuena,€900k
Damián Bobadilla,€6.00m
Gustavo Caballero,€1.00m
Juan Cáceres,€5.00m
José Canale,€2.20m
Andrés Cubas,€4.50m
Julio Enciso,€25.00m
Gatito Fernández,€100k
Matías Galarza,€5.50m
Orlando Gill,€6.00m
Diego Gómez,€25.00m
Gustavo Gómez,€3.50m
Kaku,€6.00m
Alexandro Maidana,€2.50m
Mauricio,€50k
Braian Ojeda,€3.50m
Gastón Olveira,€500k
Isidro Pitta,€7.50m
Antonio Sanabria,€1.80m
Ramón Sosa,€10.00m
Gustavo Velásquez,-
Tomás Araújo,€30.00m
João Cancelo,€8.00m
Francisco Conceição,€30.00m
Diogo Costa,€40.00m
Samu Costa,€15.00m
Diogo Dalot,€30.00m
Rúben Dias,€55.00m
João Félix,€28.00m
Bruno Fernandes,€35.00m
Gonçalo Guedes,€6.00m
Gonçalo Inácio,€40.00m
Rafael Leão,€50.00m
Nuno Mendes,€80.00m
Pedro Neto,€60.00m
João Neves,€140.00m
Rúben Neves,€25.00m
Matheus Nunes,€50.00m
Gonçalo Ramos,€30.00m
Cristiano Ronaldo,€10.00m
José Sá,-
Nélson Semedo,€6.00m
Bernardo Silva,€22.00m
Rui Silva,€7.00m
Francisco Trincão,€40.00m
Renato Veiga,€25.00m
Vitinha,€140.00m
Yusuf Abdurisag,€275k
Mahmoud Abunada,€400k
Akram Afif,€8.00m
Homam Ahmed,€500k
Ahmed Alaaeldin,€300k
Almoez Ali,€2.50m
Meshaal Barsham,€700k
Karim Boudiaf,€175k
Sultan Al-Brake,€300k
Ahmed Fathy,-
Jassem Gaber,€500k
Ahmed Al-Ganehi,€500k
Abdulaziz Hatem,€250k
Hassan Al-Haydos,Unknown
Al-Hashmi Al-Hussain,€250k
Tahsin Jamshid,Amir Saadati
Edmilson Junior,€1.80m
Boualem Khoukhi,€200k
Issa Laye,€8.00m
Assim Madibo,€350k
Mohamed Manai,-
Lucas Mendes,€350k
Mohammed Muntari,€200k
Ayoub Al-Oui,€375k
Ró-Ró,€150k
Salah Zakaria,€400k
Saud Abdulhamid,€9.00m
Abdulelah Al-Amri,€1.40m
Nawaf Al Aqidi,Unknown
Nawaf Boushal,€1.40m
Firas Al-Buraikan,€3.50m
Nasser Al-Dawsari,€900k
Salem Al-Dawsari,€1.20m
Khalid Al Ghannam,Unknown
Abdullah Al-Hamdan,€350k
Moteb Al-Harbi,€1.40m
Alaa Al Hejji,Unknown
Ziyad Al Johani,Unknown
Musab Al Juwayr,Unknown
Hassan Kadesh,€275k
Mohamed Kanno,€800k
Ahmed Al-Kassar,€175k
Abdullah Al-Khaibari,€750k
Ali Lajami,€750k
Ali Majrashi,€1.40m
Sultan Mendash,Unknown
Mohammed Al-Owais,€275k
Mohammed Abu Al-Shamat,€1.80m
Saleh Al-Shehri,€500k
Hassan Al Tambakti,Unknown
Jehad Thakri,€1.20m
Ayman Yahya,€1.20m
Ché Adams,€5.00m
Ryan Christie,€8.00m
Findlay Curtis,€2.00m
Lyndon Dykes,€800k
Lewis Ferguson,€14.00m
Tyler Fletcher,€1.50m
Ben Gannon-Doak,€15.00m
Billy Gilmour,€20.00m
Craig Gordon,€50k
Angus Gunn,€1.00m
Grant Hanley,€200k
Jack Hendry,€2.50m
Aaron Hickey,€16.00m
George Hirst,€10.00m
Dominic Hyam,€2.00m
Liam Kelly,€300k
John McGinn,€13.00m
Scott McKenna,€4.00m
Kenny McLean,€400k
Scott McTominay,€40.00m
Nathan Patterson,€10.00m
Anthony Ralston,€1.50m
Andy Robertson,€7.00m
Lawrence Shankland,€3.00m
John Souttar,€2.00m
Ross Stewart,€2.50m
Kieran Tierney,€8.00m
Lamine Camara,€40.00m
Pathé Ciss,€1.80m
Assane Diao,€30.00m
Habib Diarra,€35.00m
Krépin Diatta,€6.00m
Mory Diaw,€900k
Bamba Dieng,€15.00m
El Hadji Malick Diouf,€28.00m
Yehvann Diouf,€7.00m
Idrissa Gueye,€500k
Pape Gueye,€40.00m
Nicolas Jackson,€40.00m
Ismail Jakobs,€8.00m
Kalidou Koulibaly,€4.50m
Sadio Mané,€6.00m
Pape Matar Sarr,€30.00m
Ibrahim Mbaye,€30.00m
Antoine Mendy,€10.00m
Édouard Mendy,€4.00m
Cherif Ndiaye,€5.00m
Iliman Ndiaye,€55.00m
Moussa Niakhaté,€15.00m
Bara Sapoko Ndiaye,€4.00m
Ismaila Sarr,€40.00m
Mamadou Sarr,€22.00m
Abdoulaye Seck,€400k
Jayden Adams,€1.80m
Oswin Appollis,€2.50m
Sipho Chaine,€1.60m
Bradley Cross,€1.00m
Lyle Foster,€8.00m
Ricardo Goss,€350k
Samukele Kabini,€2.50m
Evidence Makgopa,€1.40m
Olwethu Makhanya,€2.00m
Thapelo Maseko,€750k
Thabang Matuludi,€1.20m
Thalente Mbatha,€2.00m
Mbekezeli Mbokazi,€3.50m
Aubrey Modiba,€1.80m
Relebohile Mofokeng,€3.00m
Teboho Mokoena,€2.80m
Tshepang Moremi,€1.40m
Khuliso Mudau,€1.20m
Khulumani Ndamane,€1.20m
Ime Okon,€2.00m
Iqraam Rayners,€2.80m
Kamogelo Sebelebele,€1.20m
Nkosinathi Sibisi,€1.60m
Sphephelo Sithole,€600k
Ronwen Williams,€800k
Themba Zwane,€250k
Álex Baena,€40.00m
Pau Cubarsí,€80.00m
Marc Cucurella,€50.00m
Eric García,€40.00m
Joan García,€45.00m
Gavi,€30.00m
Álex Grimaldo,€20.00m
Borja Iglesias,€2.80m
Aymeric Laporte,€8.00m
Marcos Llorente,€20.00m
Mikel Merino,€25.00m
Víctor Muñoz,€30.00m
Dani Olmo,€60.00m
Mikel Oyarzabal,€25.00m
Pedri,€150.00m
Yeremi Pino,Álvaro Torres
Pedro Porro,€35.00m
Marc Pubill,€35.00m
David Raya,€30.00m
Rodri,€50.00m
Fabián Ruiz Peña,€30.00m
Unai Simón,€22.00m
Ferrán Torres,€50.00m
Nico Williams,€40.00m
Lamine Yamal,€200.00m
Martín Zubimendi,€75.00m
Taha Ali,€1.50m
Yasin Ayari,€35.00m
Lucas Bergvall,€35.00m
Alexander Bernhardsson,€3.00m
Hjalmar Ekdal,€5.00m
Anthony Elanga,€32.00m
Gabriel Gudmundsson,€20.00m
Viktor Gyökeres,€65.00m
Isak Hien,€22.00m
Emil Holm,€10.00m
Alexander Isak,€85.00m
Herman Johansson,€1.80m
Viktor Johansson,€12.00m
Jesper Karlström,€4.00m
Gustaf Lagerbielke,€10.00m
Victor Lindelöf,€5.00m
Gustaf Nilsson,€1.80m
Kristoffer Nordfeldt,€175k
Benjamin Nygren,€14.00m
Ken Sema,€800k
Eric Smith,€5.00m
Carl Starfelt,€4.50m
Elliot Stroud,€5.00m
Mattias Svanberg,€8.00m
Daniel Svensson,€22.00m
Jacob Widell Zetterström,€2.50m
Besfort Zeneli,€6.00m
Michel Aebischer,€4.00m
Manuel Akanji,€17.00m
Zeki Amdouni,€7.00m
Aurèle Amenda,€10.00m
Eray Cömert,€2.50m
Nico Elvedi,€8.00m
Breel Embolo,€15.00m
Christian Fassnacht,€2.00m
Remo Freuler,€3.00m
Cedric Itten,€1.80m
Luca Jaquez,€10.00m
Ardon Jashari,€25.00m
Marvin Keller,€6.00m
Gregor Kobel,€40.00m
Johan Manzambi,€50.00m
Miro Muheim,€5.00m
Yvon Mvogo,€2.50m
Dan Ndoye,€32.00m
Noah Okafor,€25.00m
Fabian Rieder,€12.00m
Ricardo Rodríguez,€1.40m
Djibril Sow,€7.50m
Ruben Vargas,€12.00m
Silvan Widmer,€800k
Granit Xhaka,€8.00m
Denis Zakaria,€25.00m
Ali Abdi,€2.00m
Elias Achouri,€3.00m
Adem Arous,€4.00m
Khalil Ayari,€1.00m
Sabri Ben Hassen,Franck Belhassen
Mortadha Ben Ouanes,€1.50m
Anis Ben Slimane,€4.00m
Dylan Bronn,€600k
Mouhib Chamakh,€800k
Firas Chaouat,€1.20m
Raed Chikhaoui,€600k
Aymen Dahmen,€800k
Rayan Elloumi,€800k
Ismaël Gharbi,€5.00m
Mohamed Amine Ben Hamida,€1.00m
Rani Khedira,€2.00m
Hadj Mahmoud,€2.00m
Hazem Mastouri,€900k
Hannibal Mejbri,€15.00m
Moutaz Neffati,€1.20m
Omar Rekik,€500k
Elias Saad,€2.00m
Ellyes Skhiri,€5.00m
Montassar Talbi,€8.00m
Sebastian Tounekti,€5.00m
Yan Valery,€1.50m
Samet Akaydın,€1.20m
Yunus Akgün,€18.00m
Kerem Aktürkoğlu,€20.00m
Barış Alper Yılmaz,€30.00m
Oğuz Aydın,€7.00m
Kaan Ayhan,€1.50m
Abdülkerim Bardakcı,€6.50m
Altay Bayındır,€5.00m
Uğurcan Çakır,€15.00m
Hakan Çalhanoğlu,€16.00m
İrfan Can Kahveci,€3.00m
Zeki Çelik,€14.00m
Merih Demiral,€12.00m
Eren Elmalı,€5.00m
Deniz Gül,€5.00m
Arda Güler,€90.00m
Mert Günok,€500k
Ozan Kabak,€15.00m
Ferdi Kadioglu,€35.00m
Orkun Kökçü,€25.00m
Mert Müldür,€7.00m
Salih Özcan,€3.50m
Çağlar Söyüncü,€3.50m
Can Uzun,€45.00m
Kenan Yıldız,€75.00m
İsmail Yüksek,€15.00m
Brenden Aaronson,€22.00m
Tyler Adams,€25.00m
Max Arfsten,€5.00m
Folarin Balogun,€40.00m
Sebastian Berhalter,€8.00m
Chris Brady,€2.50m
Sergiño Dest,€18.00m
Alex Freeman,€3.50m
Matt Freese,€2.00m
Weston McKennie,€30.00m
Mark McKenzie,€7.00m
Ricardo Pepi,€30.00m
Christian Pulisic,€40.00m
Tim Ream,€150k
Gio Reyna,€4.00m
Chris Richards,€28.00m
Antonee Robinson,€22.00m
Miles Robinson,€3.50m
Cristian Roldan,€3.50m
Joe Scally,€7.00m
Malik Tillman,€30.00m
Auston Trusty,€6.00m
Matt Turner,€2.50m
Timothy Weah,€20.00m
Haji Wright,€16.00m
Alejandro Zendejas,€10.00m
Rodrigo Aguirre,€2.30m
Maxi Araújo,€35.00m
Ronald Araújo,€20.00m
Giorgian de Arrascaeta,€14.00m
Rodrigo Bentancur,€20.00m
Santiago Bueno,€10.00m
Sebastián Cáceres,€4.50m
Agustín Canobbio,€8.00m
Nicolás De La Cruz,€8.00m
Juan Manuel Sanabria,€4.00m
José María Giménez,€9.00m
Emiliano Martínez,€12.00m
Santiago Mele,€2.00m
Fernando Muslera,€700k
Darwin Núñez,€20.00m
Mathías Olivera,€15.00m
Facundo Pellistri,€5.00m
Joaquín Piquerez,€12.00m
Sergio Rochet,€1.80m
Brian Rodríguez,€8.00m
Manuel Ugarte,€25.00m
Federico Valverde,€90.00m
Guillermo Varela,€1.00m
Matías Viña,€3.50m
Federico Viñas,€4.00m
Rodrigo Zalazar,€30.00m
Abdulla Abdullaev,-
Khojiakbar Alijonov,Unknown
Azizbek Amonov,Unknown
Rustam Ashurmatov,€750k
Botirali Ergashev,€500k
Sherzod Esanov,€450k
Umar Eshmurodov,€450k
Abbosbek Fayzullayev,Unknown
Aziz Ganiev,€2.00m
Odiljon Hamrobekov,Unknown
Jamshid Iskanderov,€1.00m
Bekhruz Karimov,€350k
Dostonbek Khamdamov,€900k
Abdukodir Khusanov,€50.00m
Jaloliddin Masharipov,€1.00m
Akmal Mozgovoy,€1.40m
Sherzod Nasrullaev,€1.20m
Abduvohid Nematov,Unknown
Farrukh Sayfiev,€225k
Igor Sergeev,€1.20m
Eldor Shomurodov,€7.00m
Otabek Shukurov,€1.50m
Avazbek Ulmasaliev,€500k
Jakhongir Urozov,€600k
Oston Urunov,€2.00m
Utkir Yusupov,€500k
