Jugador,Seleccion,Edad_FBref,Altura,Peso,Temporada,Tipo_Lesion,Desde,Hasta,Dias_Baja,Partidos_Perdidos
Thiago Almada,Argentina,25-046,"1,71 m",,25/26,Muscle injury,11/09/2025,11/10/2025,31 days,8
Thiago Almada,Argentina,25-046,"1,71 m",,23/24,Calf injury,17/05/2024,24/05/2024,8 days,2
Thiago Almada,Argentina,25-046,"1,71 m",,22/23,Calf problems,10/04/2023,20/04/2023,11 days,1
Julián Álvarez,Argentina,26-131,"1,70 m",,25/26,Ankle sprain,06/05/2026,31/05/2026,26 days,4
Julián Álvarez,Argentina,26-131,"1,70 m",,25/26,Ankle problems,30/04/2026,04/05/2026,5 days,1
Julián Álvarez,Argentina,26-131,"1,70 m",,25/26,Inner ligament injury,14/09/2025,20/09/2025,7 days,1
Julián Álvarez,Argentina,26-131,"1,70 m",,22/23,Ill,04/03/2022,06/03/2022,3 days,1
Leonardo Balerdi,Argentina,27-136,"1,88 m",,25/26,Calf injury,06/06/2026,,10 days,-
Leonardo Balerdi,Argentina,27-136,"1,88 m",,25/26,muscular problems,13/03/2026,20/03/2026,8 days,1
Leonardo Balerdi,Argentina,27-136,"1,88 m",,25/26,Head injury,09/02/2026,23/02/2026,15 days,2
Leonardo Balerdi,Argentina,27-136,"1,88 m",,25/26,Ill,04/01/2026,07/01/2026,4 days,1
Leonardo Balerdi,Argentina,27-136,"1,88 m",,25/26,Calf injury,28/10/2025,09/11/2025,13 days,4
Leonardo Balerdi,Argentina,27-136,"1,88 m",,24/25,Knee injury,30/03/2025,26/04/2025,28 days,3
Leonardo Balerdi,Argentina,27-136,"1,88 m",,24/25,Dead leg,26/08/2024,13/09/2024,19 days,3
Leonardo Balerdi,Argentina,27-136,"1,88 m",,23/24,Adductor pain,15/03/2024,20/03/2024,6 days,1
Leonardo Balerdi,Argentina,27-136,"1,88 m",,21/22,Shoulder injury,24/03/2022,21/07/2022,120 days,17
Leonardo Balerdi,Argentina,27-136,"1,88 m",,18/19,Facial injury,25/01/2019,11/02/2019,18 days,9
Valentín Barco,Argentina,21-323,"1,70 m",,25/26,Ankle injury,17/04/2026,04/05/2026,18 days,5
Valentín Barco,Argentina,21-323,"1,70 m",,25/26,Ill,06/12/2025,10/12/2025,5 days,1
Valentín Barco,Argentina,21-323,"1,70 m",,24/25,Hamstring injury,22/01/2025,10/02/2025,20 days,3
Valentín Barco,Argentina,21-323,"1,70 m",,24/25,Groin injury,10/01/2025,19/01/2025,10 days,2
Valentín Barco,Argentina,21-323,"1,70 m",,23/24,Adductor pain,24/08/2023,29/08/2023,6 days,1
Valentín Barco,Argentina,21-323,"1,70 m",,21/22,Corona virus,16/08/2021,26/08/2021,11 days,2
Rodrigo De Paul,Argentina,32-018,"1,78 m",,25/26,Torn muscle fiber,18/03/2026,26/03/2026,9 days,1
Rodrigo De Paul,Argentina,32-018,"1,78 m",,25/26,Rest,13/03/2026,17/03/2026,5 days,1
Rodrigo De Paul,Argentina,32-018,"1,78 m",,23/24,Hamstring injury,12/09/2023,29/09/2023,18 days,4
Enzo Fernández,Argentina,25-145,"1,78 m",,25/26,Knee problems,09/11/2025,21/11/2025,13 days,1
Enzo Fernández,Argentina,25-145,"1,78 m",,25/26,Knee problems,14/10/2025,20/10/2025,7 days,2
Enzo Fernández,Argentina,25-145,"1,78 m",,24/25,Knock,16/01/2025,23/01/2025,8 days,1
Enzo Fernández,Argentina,25-145,"1,78 m",,24/25,Ill,13/09/2024,15/09/2024,3 days,1
Enzo Fernández,Argentina,25-145,"1,78 m",,23/24,Groin surgery,25/04/2024,31/05/2024,37 days,6
Enzo Fernández,Argentina,25-145,"1,78 m",,23/24,unknown injury,13/04/2024,18/04/2024,6 days,1
Enzo Fernández,Argentina,25-145,"1,78 m",,23/24,unknown injury,19/12/2023,29/12/2023,11 days,2
Nicolás González,Argentina,28-066,"1,88 m",,25/26,Knock,11/01/2026,27/01/2026,17 days,4
Nicolás González,Argentina,28-066,"1,88 m",,25/26,Knock,02/01/2026,05/01/2026,4 days,1
Nicolás González,Argentina,28-066,"1,88 m",,24/25,Knock,08/02/2025,10/02/2025,3 days,-
Nicolás González,Argentina,28-066,"1,88 m",,22/23,Ankle injury,10/04/2023,20/04/2023,11 days,1
Nicolás González,Argentina,28-066,"1,88 m",,22/23,Metatarsal fracture,01/01/2023,01/03/2023,60 days,12
Nicolás González,Argentina,28-066,"1,88 m",,21/22,Broken toe,29/04/2022,29/05/2022,31 days,5
Nicolás González,Argentina,28-066,"1,88 m",,21/22,influenza,24/03/2022,01/04/2022,9 days,1
Nicolás González,Argentina,28-066,"1,88 m",,21/22,Adductor injury,07/11/2021,19/11/2021,13 days,2
Nicolás González,Argentina,28-066,"1,88 m",,21/22,Knock,18/09/2021,22/09/2021,5 days,1
Giovani Lo Celso,Argentina,30-063,"1,77 m",,25/26,Hamstring injury,17/01/2026,05/04/2026,79 days,17
Giovani Lo Celso,Argentina,30-063,"1,77 m",,24/25,muscular problems,19/05/2025,11/08/2025,85 days,3
Giovani Lo Celso,Argentina,30-063,"1,77 m",,24/25,Muscle injury,16/02/2025,25/03/2025,38 days,8
Giovani Lo Celso,Argentina,30-063,"1,77 m",,24/25,Adductor injury,12/01/2025,01/02/2025,21 days,3
Giovani Lo Celso,Argentina,30-063,"1,77 m",,24/25,Hamstring injury,17/10/2024,18/11/2024,33 days,6
Giovani Lo Celso,Argentina,30-063,"1,77 m",,23/24,Knee problems,15/05/2024,20/05/2024,6 days,1
Giovani Lo Celso,Argentina,30-063,"1,77 m",,23/24,Muscle injury,06/01/2024,11/02/2024,37 days,5
Giovani Lo Celso,Argentina,30-063,"1,77 m",,23/24,unknown injury,14/12/2023,22/12/2023,9 days,1
Giovani Lo Celso,Argentina,30-063,"1,77 m",,23/24,Hamstring injury,29/08/2023,05/10/2023,38 days,6
Giovani Lo Celso,Argentina,30-063,"1,77 m",,22/23,Muscle tear,31/10/2022,19/12/2022,50 days,12
Giovani Lo Celso,Argentina,30-063,"1,77 m",,21/22,Shin injury,25/12/2021,30/12/2021,6 days,2
Giovani Lo Celso,Argentina,30-063,"1,77 m",,21/22,Knee injury,18/11/2021,15/12/2021,28 days,5
Giovani Lo Celso,Argentina,30-063,"1,77 m",,21/22,Quarantine,09/09/2021,17/09/2021,9 days,3
Giovani Lo Celso,Argentina,30-063,"1,77 m",,20/21,Hamstring injury,20/12/2020,14/03/2021,85 days,21
Giovani Lo Celso,Argentina,30-063,"1,77 m",,20/21,Knock,22/11/2020,28/11/2020,7 days,1
Flaco López,Argentina,25-187,,,-,Ninguna,-,-,0,0
Alexis Mac Allister,Argentina,27-169,"1,76 m",,25/26,muscular problems,18/08/2025,29/08/2025,12 days,1
Alexis Mac Allister,Argentina,27-169,"1,76 m",,24/25,Muscle injury,12/05/2025,29/07/2025,79 days,4
Alexis Mac Allister,Argentina,27-169,"1,76 m",,23/24,Knee injury,07/12/2023,29/12/2023,23 days,6
Alexis Mac Allister,Argentina,27-169,"1,76 m",,20/21,Back injury,02/02/2021,05/02/2021,4 days,1
Alexis Mac Allister,Argentina,27-169,"1,76 m",,20/21,Virus,07/11/2020,12/12/2020,36 days,5
Emiliano Martínez,Argentina,33-282,"1,95 m",,25/26,Calf problems,11/04/2026,15/04/2026,5 days,1
Emiliano Martínez,Argentina,33-282,"1,95 m",,25/26,muscular problems,12/12/2025,15/12/2025,4 days,1
Emiliano Martínez,Argentina,33-282,"1,95 m",,25/26,muscular problems,02/12/2025,04/12/2025,3 days,1
Emiliano Martínez,Argentina,33-282,"1,95 m",,25/26,Knock,01/10/2025,03/10/2025,3 days,1
Emiliano Martínez,Argentina,33-282,"1,95 m",,25/26,Muscle injury,15/09/2025,26/09/2025,12 days,2
Emiliano Martínez,Argentina,33-282,"1,95 m",,24/25,unknown injury,07/03/2025,09/03/2025,3 days,1
Emiliano Martínez,Argentina,33-282,"1,95 m",,24/25,unknown injury,09/01/2025,14/01/2025,6 days,1
Emiliano Martínez,Argentina,33-282,"1,95 m",,21/22,Knee problems,20/05/2022,29/05/2022,10 days,1
Lautaro Martínez,Argentina,28-293,"1,75 m",,25/26,Muscle injury,10/04/2026,01/05/2026,22 days,2
Lautaro Martínez,Argentina,28-293,"1,75 m",,25/26,Calf problems,10/04/2026,25/04/2026,16 days,2
Lautaro Martínez,Argentina,28-293,"1,75 m",,25/26,Calf strain,19/02/2026,01/04/2026,42 days,9
Lautaro Martínez,Argentina,28-293,"1,75 m",,24/25,Muscle fatigue,09/05/2025,20/05/2025,12 days,2
Lautaro Martínez,Argentina,28-293,"1,75 m",,24/25,Hamstring injury,30/04/2025,04/05/2025,5 days,1
Lautaro Martínez,Argentina,28-293,"1,75 m",,24/25,Muscle injury,19/03/2025,03/04/2025,16 days,4
Lautaro Martínez,Argentina,28-293,"1,75 m",,24/25,Fever,22/11/2024,25/11/2024,4 days,1
Lautaro Martínez,Argentina,28-293,"1,75 m",,24/25,Muscle fatigue,23/08/2024,29/08/2024,7 days,1
Lautaro Martínez,Argentina,28-293,"1,75 m",,23/24,Adductor injury,20/12/2023,04/01/2024,16 days,2
Lautaro Martínez,Argentina,28-293,"1,75 m",,22/23,Muscle fatigue,01/10/2022,04/10/2022,4 days,-
Lautaro Martínez,Argentina,28-293,"1,75 m",,21/22,Corona virus,20/03/2022,31/03/2022,12 days,2
Lautaro Martínez,Argentina,28-293,"1,75 m",,21/22,muscular problems,06/10/2021,09/10/2021,4 days,1
Lautaro Martínez,Argentina,28-293,"1,75 m",,21/22,muscular problems,13/08/2021,26/08/2021,14 days,1
Lautaro Martínez,Argentina,28-293,"1,75 m",,18/19,Hamstring injury,27/03/2019,11/04/2019,16 days,3
Lautaro Martínez,Argentina,28-293,"1,75 m",,18/19,Calf problems,05/09/2018,21/09/2018,17 days,4
Lisandro Martínez,Argentina,28-144,"1,75 m",,25/26,Calf injury,23/02/2026,08/04/2026,45 days,8
Lisandro Martínez,Argentina,28-144,"1,75 m",,24/25,Cruciate ligament injury,03/02/2025,21/11/2025,292 days,44
Lisandro Martínez,Argentina,28-144,"1,75 m",,24/25,Back problems,23/11/2024,25/11/2024,3 days,1
Lisandro Martínez,Argentina,28-144,"1,75 m",,23/24,Calf strain,02/04/2024,01/05/2024,30 days,6
Lisandro Martínez,Argentina,28-144,"1,75 m",,23/24,Knee injury,04/02/2024,29/03/2024,55 days,9
Lisandro Martínez,Argentina,28-144,"1,75 m",,23/24,Foot injury,21/09/2023,04/01/2024,106 days,26
Lisandro Martínez,Argentina,28-144,"1,75 m",,22/23,Metatarsal fracture,14/04/2023,30/06/2023,78 days,14
Lisandro Martínez,Argentina,28-144,"1,75 m",,21/22,Muscle injury,21/03/2022,22/05/2022,63 days,9
Lisandro Martínez,Argentina,28-144,"1,75 m",,21/22,unknown injury,21/12/2021,31/12/2021,11 days,1
Lisandro Martínez,Argentina,28-144,"1,75 m",,20/21,Knock,13/09/2020,19/09/2020,7 days,1
Lisandro Martínez,Argentina,28-144,"1,75 m",,19/20,Hamstring injury,05/07/2019,25/07/2019,21 days,1
Facundo Medina,Argentina,27-014,"1,84 m",,25/26,Ankle sprain,01/10/2025,24/12/2025,85 days,17
Facundo Medina,Argentina,27-014,"1,84 m",,25/26,Injury to the ankle,19/08/2025,01/09/2025,14 days,2
Facundo Medina,Argentina,27-014,"1,84 m",,24/25,Dead leg,09/12/2024,13/12/2024,5 days,-
Facundo Medina,Argentina,27-014,"1,84 m",,22/23,Knee injury,02/03/2023,20/03/2023,19 days,3
Facundo Medina,Argentina,27-014,"1,84 m",,21/22,Muscle injury,19/04/2022,25/04/2022,7 days,2
Facundo Medina,Argentina,27-014,"1,84 m",,20/21,Corona virus,10/04/2021,20/04/2021,11 days,2
Facundo Medina,Argentina,27-014,"1,84 m",,20/21,Knee problems,21/12/2020,15/01/2021,26 days,3
Facundo Medina,Argentina,27-014,"1,84 m",,20/21,Knee injury,01/09/2020,06/09/2020,6 days,-
Lionel Messi,Argentina,38-352,"1,70 m",,25/26,muscular problems,26/05/2026,06/06/2026,12 days,-
Lionel Messi,Argentina,38-352,"1,70 m",,25/26,Rest,13/03/2026,16/03/2026,4 days,1
Lionel Messi,Argentina,38-352,"1,70 m",,25/26,muscular problems,18/08/2025,26/08/2025,9 days,2
Lionel Messi,Argentina,38-352,"1,70 m",,25/26,muscular problems,04/08/2025,14/08/2025,11 days,2
Lionel Messi,Argentina,38-352,"1,70 m",,24/25,Adductor pain,18/03/2025,27/03/2025,10 days,2
Lionel Messi,Argentina,38-352,"1,70 m",,24/25,Ligament injury,16/07/2024,12/09/2024,59 days,10
Lionel Messi,Argentina,38-352,"1,70 m",,23/24,Leg injury,14/05/2024,18/05/2024,5 days,1
Lionel Messi,Argentina,38-352,"1,70 m",,23/24,muscular problems,15/03/2024,05/04/2024,22 days,6
Lionel Messi,Argentina,38-352,"1,70 m",,23/24,Muscle injury,22/09/2023,06/10/2023,15 days,4
Lionel Messi,Argentina,38-352,"1,70 m",,23/24,Muscle injury,06/09/2023,18/09/2023,13 days,3
Lionel Messi,Argentina,38-352,"1,70 m",,22/23,Knee problems,08/02/2023,13/02/2023,6 days,1
Lionel Messi,Argentina,38-352,"1,70 m",,22/23,Achilles heel problems,05/11/2022,07/11/2022,3 days,1
Lionel Messi,Argentina,38-352,"1,70 m",,22/23,Calf problems,05/10/2022,13/10/2022,9 days,2
Lionel Messi,Argentina,38-352,"1,70 m",,21/22,flu,17/03/2022,24/03/2022,8 days,1
Lionel Messi,Argentina,38-352,"1,70 m",,21/22,Quarantine,06/01/2022,20/01/2022,15 days,2
Nahuel Molina,Argentina,28-066,"1,79 m",,24/25,Muscle injury,18/11/2024,06/12/2024,19 days,5
Nahuel Molina,Argentina,28-066,"1,79 m",,23/24,Muscle injury,05/05/2024,11/06/2024,38 days,5
Nahuel Molina,Argentina,28-066,"1,79 m",,23/24,Muscle injury,24/07/2023,18/08/2023,26 days,1
Nahuel Molina,Argentina,28-066,"1,79 m",,21/22,unknown injury,14/01/2022,22/01/2022,9 days,2
Nahuel Molina,Argentina,28-066,"1,79 m",,20/21,unknown injury,18/10/2020,21/10/2020,4 days,1
Nahuel Molina,Argentina,28-066,"1,79 m",,18/19,Hip injury,27/12/2018,29/01/2019,34 days,1
Nahuel Molina,Argentina,28-066,"1,79 m",,18/19,Fitness,24/09/2018,18/10/2018,25 days,1
Gonzalo Montiel,Argentina,29-161,"1,75 m",,25/26,Muscle tear,17/05/2026,07/06/2026,22 days,3
Gonzalo Montiel,Argentina,29-161,"1,75 m",,25/26,Muscle tear,23/03/2026,07/04/2026,16 days,4
Gonzalo Montiel,Argentina,29-161,"1,75 m",,25/26,Knee problems,11/11/2025,19/11/2025,9 days,2
Gonzalo Montiel,Argentina,29-161,"1,75 m",,25/26,Knee injury,29/10/2025,07/11/2025,10 days,1
Gonzalo Montiel,Argentina,29-161,"1,75 m",,24/25,muscular problems,13/05/2025,12/06/2025,31 days,5
Gonzalo Montiel,Argentina,29-161,"1,75 m",,24/25,muscular problems,28/04/2025,06/05/2025,9 days,1
Gonzalo Montiel,Argentina,29-161,"1,75 m",,24/25,Calf muscle tear,15/03/2025,07/04/2025,24 days,6
Gonzalo Montiel,Argentina,29-161,"1,75 m",,23/24,unknown injury,19/10/2023,29/10/2023,11 days,1
Gonzalo Montiel,Argentina,29-161,"1,75 m",,21/22,Knock,28/02/2022,14/03/2022,15 days,3
Gonzalo Montiel,Argentina,29-161,"1,75 m",,21/22,Muscle tear,07/02/2022,21/02/2022,15 days,3
Gonzalo Montiel,Argentina,29-161,"1,75 m",,21/22,Thigh problems,20/12/2021,03/01/2022,15 days,1
Gonzalo Montiel,Argentina,29-161,"1,75 m",,21/22,Thigh problems,05/08/2021,16/08/2021,12 days,3
Gonzalo Montiel,Argentina,29-161,"1,75 m",,20/21,Corona virus,17/05/2021,03/06/2021,18 days,2
Gonzalo Montiel,Argentina,29-161,"1,75 m",,20/21,Thigh problems,10/05/2021,13/05/2021,4 days,1
Gonzalo Montiel,Argentina,29-161,"1,75 m",,20/21,Mononucleation,25/02/2021,01/04/2021,36 days,6
Juan Musso,Argentina,32-036,"1,93 m",,22/23,Ankle sprain,26/12/2022,09/01/2023,15 days,1
Juan Musso,Argentina,32-036,"1,93 m",,22/23,Broken jaw,18/09/2022,23/10/2022,36 days,5
Juan Musso,Argentina,32-036,"1,93 m",,21/22,Corona virus,01/01/2022,07/01/2022,7 days,-
Juan Musso,Argentina,32-036,"1,93 m",,20/21,surgery,12/10/2020,31/10/2020,20 days,4
Juan Musso,Argentina,32-036,"1,93 m",,18/19,Finger injury,19/07/2018,24/08/2018,37 days,2
Nicolás Otamendi,Argentina,38-119,"1,82 m",,25/26,muscular problems,13/03/2026,19/03/2026,7 days,1
Nicolás Otamendi,Argentina,38-119,"1,82 m",,20/21,Corona virus,20/01/2021,29/01/2021,10 days,3
Nicolás Otamendi,Argentina,38-119,"1,82 m",,19/20,Knock,31/12/2019,06/01/2020,7 days,2
Nicolás Otamendi,Argentina,38-119,"1,82 m",,19/20,Knock,10/10/2019,21/10/2019,12 days,2
Nicolás Otamendi,Argentina,38-119,"1,82 m",,18/19,Knee injury,17/03/2019,29/03/2019,13 days,2
Nicolás Otamendi,Argentina,38-119,"1,82 m",,18/19,Achilles tendon problems,10/11/2018,23/11/2018,14 days,3
Nicolás Otamendi,Argentina,38-119,"1,82 m",,18/19,Knock,30/10/2018,06/11/2018,8 days,2
Nicolás Otamendi,Argentina,38-119,"1,82 m",,15/16,Ankle problems,17/03/2016,24/03/2016,8 days,1
Nicolás Otamendi,Argentina,38-119,"1,82 m",,14/15,Ankle problems,15/01/2015,19/01/2015,5 days,1
Exequiel Palacios,Argentina,27-249,"1,77 m",,25/26,Fitness,16/12/2025,23/01/2026,39 days,4
Exequiel Palacios,Argentina,27-249,"1,77 m",,25/26,Adductor injury,13/09/2025,15/12/2025,94 days,22
Exequiel Palacios,Argentina,27-249,"1,77 m",,25/26,Muscle injury,06/08/2025,27/08/2025,22 days,2
Exequiel Palacios,Argentina,27-249,"1,77 m",,24/25,Groin problems,01/04/2025,10/04/2025,10 days,1
Exequiel Palacios,Argentina,27-249,"1,77 m",,24/25,Fitness,05/09/2024,16/09/2024,12 days,3
Exequiel Palacios,Argentina,27-249,"1,77 m",,24/25,Knee injury,05/08/2024,05/09/2024,32 days,4
Exequiel Palacios,Argentina,27-249,"1,77 m",,23/24,muscular problems,29/03/2024,01/04/2024,4 days,1
Exequiel Palacios,Argentina,27-249,"1,77 m",,23/24,Muscle injury,21/01/2024,27/02/2024,38 days,6
Exequiel Palacios,Argentina,27-249,"1,77 m",,23/24,Rest,13/12/2023,15/12/2023,3 days,1
Exequiel Palacios,Argentina,27-249,"1,77 m",,23/24,Knee problems,08/11/2023,10/11/2023,3 days,1
Exequiel Palacios,Argentina,27-249,"1,77 m",,22/23,Muscle injury,10/04/2023,03/05/2023,24 days,4
Exequiel Palacios,Argentina,27-249,"1,77 m",,22/23,Hamstring injury,08/09/2022,27/10/2022,50 days,11
Exequiel Palacios,Argentina,27-249,"1,77 m",,21/22,Back injury,03/01/2022,10/02/2022,39 days,6
Exequiel Palacios,Argentina,27-249,"1,77 m",,21/22,cold,14/10/2021,18/10/2021,5 days,1
Exequiel Palacios,Argentina,27-249,"1,77 m",,21/22,Torn lateral ankle ligament,16/09/2021,04/10/2021,19 days,4
Leandro Paredes,Argentina,31-347,"1,82 m",,25/26,Ankle sprain,16/02/2026,26/02/2026,11 days,2
Leandro Paredes,Argentina,31-347,"1,82 m",,24/25,Rest,08/02/2025,10/02/2025,3 days,1
Leandro Paredes,Argentina,31-347,"1,82 m",,24/25,flu,12/12/2024,17/12/2024,6 days,2
Leandro Paredes,Argentina,31-347,"1,82 m",,22/23,unknown injury,06/02/2023,12/02/2023,7 days,1
Leandro Paredes,Argentina,31-347,"1,82 m",,22/23,Hamstring muscle injury,22/10/2022,07/11/2022,17 days,4
Leandro Paredes,Argentina,31-347,"1,82 m",,21/22,Adductor injury,05/04/2022,30/06/2022,87 days,10
Leandro Paredes,Argentina,31-347,"1,82 m",,21/22,Adductor pain,18/02/2022,08/03/2022,19 days,3
Leandro Paredes,Argentina,31-347,"1,82 m",,21/22,Thigh problems,16/10/2021,14/11/2021,30 days,6
Leandro Paredes,Argentina,31-347,"1,82 m",,21/22,Fitness,01/08/2021,25/08/2021,25 days,4
Leandro Paredes,Argentina,31-347,"1,82 m",,20/21,Knock,17/10/2020,03/11/2020,18 days,4
Leandro Paredes,Argentina,31-347,"1,82 m",,20/21,Corona virus,02/09/2020,11/09/2020,10 days,1
Leandro Paredes,Argentina,31-347,"1,82 m",,19/20,Ankle problems,13/01/2020,17/01/2020,5 days,1
Leandro Paredes,Argentina,31-347,"1,82 m",,16/17,Torn lateral ankle ligament,28/11/2016,02/01/2017,36 days,5
Leandro Paredes,Argentina,31-347,"1,82 m",,16/17,Torn lateral ankle ligament,07/11/2016,17/11/2016,11 days,-
Leandro Paredes,Argentina,31-347,"1,82 m",,16/17,minor knock,25/08/2016,25/08/2016,1 days,-
Nicolás Paz,Argentina,21-276,"1,85 m",,25/26,Knee problems,25/05/2026,08/06/2026,15 days,1
Nicolás Paz,Argentina,21-276,"1,85 m",,25/26,Bruised knee,15/05/2026,22/05/2026,8 days,1
Cristian Romero,Argentina,28-045,"1,85 m",,25/26,Knee injury,12/04/2026,06/06/2026,56 days,6
Cristian Romero,Argentina,28-045,"1,85 m",,25/26,Adductor injury,19/10/2025,31/10/2025,13 days,4
Cristian Romero,Argentina,28-045,"1,85 m",,24/25,Hamstring injury,08/12/2024,03/03/2025,86 days,20
Cristian Romero,Argentina,28-045,"1,85 m",,24/25,Toe injury,22/11/2024,06/12/2024,15 days,4
Cristian Romero,Argentina,28-045,"1,85 m",,24/25,Ankle injury,03/11/2024,08/11/2024,6 days,1
Cristian Romero,Argentina,28-045,"1,85 m",,23/24,Hamstring strain,24/12/2023,12/01/2024,20 days,3
Cristian Romero,Argentina,28-045,"1,85 m",,22/23,Hamstring injury,28/10/2022,19/11/2022,23 days,6
Cristian Romero,Argentina,28-045,"1,85 m",,22/23,Adductor pain,18/08/2022,02/09/2022,16 days,3
Cristian Romero,Argentina,28-045,"1,85 m",,21/22,Hip problems,12/05/2022,26/05/2022,15 days,3
Cristian Romero,Argentina,28-045,"1,85 m",,21/22,Hamstring injury,17/11/2021,05/02/2022,81 days,17
Cristian Romero,Argentina,28-045,"1,85 m",,21/22,Quarantine,09/09/2021,17/09/2021,9 days,3
Cristian Romero,Argentina,28-045,"1,85 m",,21/22,Knee injury,20/08/2021,25/08/2021,6 days,1
Cristian Romero,Argentina,28-045,"1,85 m",,21/22,Knee injury,23/06/2021,10/07/2021,18 days,3
Cristian Romero,Argentina,28-045,"1,85 m",,20/21,muscular problems,10/06/2021,15/06/2021,6 days,1
Cristian Romero,Argentina,28-045,"1,85 m",,20/21,Corona virus,29/01/2021,02/02/2021,5 days,1
Gerónimo Rulli,Argentina,34-022,"1,89 m",,23/24,Shoulder injury,13/08/2023,24/11/2023,104 days,22
Gerónimo Rulli,Argentina,34-022,"1,89 m",,17/18,Cruciate ligament strain,22/02/2018,18/04/2018,56 days,8
Gerónimo Rulli,Argentina,34-022,"1,89 m",,14/15,Metatarsal fracture,28/08/2014,06/11/2014,71 days,9
Giuliano Simeone,Argentina,23-175,"1,74 m",,25/26,Fever,29/01/2026,03/02/2026,6 days,1
Giuliano Simeone,Argentina,23-175,"1,74 m",,23/24,Broken ankle,07/08/2023,31/12/2023,147 days,20
Nicolás Tagliafico,Argentina,33-284,"1,72 m",,25/26,Ankle sprain,22/01/2026,16/02/2026,26 days,6
Nicolás Tagliafico,Argentina,33-284,"1,72 m",,24/25,Calf injury,22/08/2024,13/09/2024,23 days,4
Nicolás Tagliafico,Argentina,33-284,"1,72 m",,23/24,Ill,27/04/2024,06/05/2024,10 days,1
Nicolás Tagliafico,Argentina,33-284,"1,72 m",,23/24,Injury to the ankle,05/12/2023,10/12/2023,6 days,1
Nicolás Tagliafico,Argentina,33-284,"1,72 m",,23/24,Rest,19/10/2023,23/10/2023,5 days,1
Nicolás Tagliafico,Argentina,33-284,"1,72 m",,22/23,concussion,25/04/2023,03/05/2023,9 days,1
Nicolás Tagliafico,Argentina,33-284,"1,72 m",,22/23,Inflammation of pubic bone,11/04/2023,21/04/2023,11 days,1
Nicolás Tagliafico,Argentina,33-284,"1,72 m",,22/23,Rest,19/12/2022,02/01/2023,15 days,2
Nicolás Tagliafico,Argentina,33-284,"1,72 m",,20/21,Head injury,19/02/2021,04/03/2021,14 days,4
Nicolás Tagliafico,Argentina,33-284,"1,72 m",,20/21,Eye injury,28/01/2021,09/02/2021,13 days,1
Nicolás Tagliafico,Argentina,33-284,"1,72 m",,20/21,Knock,10/12/2020,11/12/2020,2 days,-
Nicolás Tagliafico,Argentina,33-284,"1,72 m",,20/21,Knock,30/10/2020,02/11/2020,4 days,1
Nicolás Tagliafico,Argentina,33-284,"1,72 m",,18/19,Knee injury,17/12/2018,30/01/2019,45 days,5
Nicolás Tagliafico,Argentina,33-284,"1,72 m",,18/19,Hip injury,25/10/2018,27/10/2018,3 days,-
Nicolás Tagliafico,Argentina,33-284,"1,72 m",,18/19,Hip problems,17/10/2018,22/10/2018,6 days,1
Alisson,Brazil,33-252,"1,93 m",,25/26,Hamstring injury,20/03/2026,20/05/2026,62 days,12
Alisson,Brazil,33-252,"1,93 m",,25/26,unknown injury,09/03/2026,14/03/2026,6 days,1
Alisson,Brazil,33-252,"1,93 m",,25/26,Ill,24/11/2025,27/11/2025,4 days,1
Alisson,Brazil,33-252,"1,93 m",,25/26,Hamstring injury,01/10/2025,19/11/2025,50 days,12
Alisson,Brazil,33-252,"1,93 m",,24/25,concussion,21/03/2025,07/04/2025,18 days,3
Alisson,Brazil,33-252,"1,93 m",,24/25,Hamstring injury,18/10/2024,19/12/2024,63 days,14
Alisson,Brazil,33-252,"1,93 m",,24/25,Hamstring injury,05/10/2024,10/11/2024,37 days,9
Alisson,Brazil,33-252,"1,93 m",,24/25,Thigh problems,18/09/2024,26/09/2024,9 days,2
Alisson,Brazil,33-252,"1,93 m",,23/24,Hamstring injury,16/02/2024,12/04/2024,57 days,15
Alisson,Brazil,33-252,"1,93 m",,23/24,Virus,08/02/2024,12/02/2024,5 days,1
Alisson,Brazil,33-252,"1,93 m",,23/24,muscular problems,26/11/2023,08/12/2023,13 days,3
Alisson,Brazil,33-252,"1,93 m",,21/22,Corona virus,01/01/2022,08/01/2022,8 days,1
Alisson,Brazil,33-252,"1,93 m",,20/21,Ill,01/02/2021,05/02/2021,5 days,1
Alisson,Brazil,33-252,"1,93 m",,20/21,Hip injury,29/11/2020,12/12/2020,14 days,3
Alisson,Brazil,33-252,"1,93 m",,20/21,Shoulder injury,03/10/2020,23/10/2020,21 days,5
Gleison Bremer,Brazil,29-085,"1,88 m",,25/26,muscular problems,18/02/2026,24/02/2026,7 days,1
Gleison Bremer,Brazil,29-085,"1,88 m",,25/26,Meniscus injury,13/10/2025,09/12/2025,58 days,15
Gleison Bremer,Brazil,29-085,"1,88 m",,25/26,muscular problems,28/09/2025,07/10/2025,10 days,2
Gleison Bremer,Brazil,29-085,"1,88 m",,24/25,Cruciate ligament tear,03/10/2024,25/06/2025,266 days,53
Gleison Bremer,Brazil,29-085,"1,88 m",,22/23,Muscle injury,28/05/2023,01/07/2023,35 days,3
Gleison Bremer,Brazil,29-085,"1,88 m",,22/23,Muscle fatigue,10/05/2023,13/05/2023,4 days,1
Gleison Bremer,Brazil,29-085,"1,88 m",,22/23,Thigh problems,20/04/2023,22/04/2023,3 days,-
Gleison Bremer,Brazil,29-085,"1,88 m",,22/23,unknown injury,13/03/2023,15/03/2023,3 days,-
Gleison Bremer,Brazil,29-085,"1,88 m",,22/23,Muscle fatigue,06/01/2023,11/01/2023,6 days,1
Gleison Bremer,Brazil,29-085,"1,88 m",,22/23,Hamstring muscle injury,17/10/2022,05/11/2022,20 days,4
Gleison Bremer,Brazil,29-085,"1,88 m",,21/22,Ankle problems,16/05/2022,30/05/2022,15 days,1
Gleison Bremer,Brazil,29-085,"1,88 m",,21/22,Ankle injury,26/08/2021,09/09/2021,15 days,1
Gleison Bremer,Brazil,29-085,"1,88 m",,20/21,Corona virus,22/02/2021,15/03/2021,22 days,1
Casemiro,Brazil,34-108,"1,85 m",,25/26,unknown injury,06/05/2026,12/05/2026,7 days,1
Casemiro,Brazil,34-108,"1,85 m",,23/24,Knock,13/10/2023,04/01/2024,84 days,18
Casemiro,Brazil,34-108,"1,85 m",,21/22,muscular problems,19/04/2022,25/04/2022,7 days,1
Casemiro,Brazil,34-108,"1,85 m",,21/22,Stomach flu,05/02/2022,11/02/2022,7 days,1
Casemiro,Brazil,34-108,"1,85 m",,21/22,infection,04/10/2021,16/10/2021,13 days,3
Casemiro,Brazil,34-108,"1,85 m",,20/21,Corona virus,07/11/2020,22/11/2020,16 days,4
Casemiro,Brazil,34-108,"1,85 m",,18/19,Ankle sprain,12/11/2018,17/12/2018,36 days,9
Casemiro,Brazil,34-108,"1,85 m",,17/18,Stomach problems,26/02/2018,28/02/2018,3 days,1
Casemiro,Brazil,34-108,"1,85 m",,16/17,Fracture of fibula shaft,19/09/2016,25/11/2016,68 days,17
Casemiro,Brazil,34-108,"1,85 m",,15/16,muscular problems,02/05/2016,08/05/2016,7 days,1
Casemiro,Brazil,34-108,"1,85 m",,15/16,minor knock,14/04/2016,18/04/2016,5 days,1
Casemiro,Brazil,34-108,"1,85 m",,14/15,Ankle sprain,25/09/2014,16/10/2014,22 days,4
Matheus Cunha,Brazil,27-015,"1,83 m",,25/26,Hip flexor problems,19/04/2026,30/04/2026,12 days,1
Matheus Cunha,Brazil,27-015,"1,83 m",,25/26,Knock,21/11/2025,04/12/2025,14 days,2
Matheus Cunha,Brazil,27-015,"1,83 m",,25/26,Hamstring injury,30/08/2025,18/09/2025,20 days,3
Matheus Cunha,Brazil,27-015,"1,83 m",,23/24,Calf injury,14/04/2024,22/04/2024,9 days,1
Matheus Cunha,Brazil,27-015,"1,83 m",,23/24,Hamstring injury,11/02/2024,30/03/2024,49 days,8
Matheus Cunha,Brazil,27-015,"1,83 m",,22/23,Ankle injury,25/02/2023,03/03/2023,7 days,1
Matheus Cunha,Brazil,27-015,"1,83 m",,22/23,Muscle injury,02/09/2022,09/09/2022,8 days,2
Matheus Cunha,Brazil,27-015,"1,83 m",,21/22,Knee injury,17/02/2022,31/03/2022,43 days,9
Matheus Cunha,Brazil,27-015,"1,83 m",,21/22,Muscle injury,01/10/2021,18/10/2021,18 days,4
Matheus Cunha,Brazil,27-015,"1,83 m",,20/21,Ankle injury,10/05/2021,13/06/2021,35 days,6
Matheus Cunha,Brazil,27-015,"1,83 m",,20/21,Hamstring injury,28/02/2021,15/03/2021,16 days,2
Matheus Cunha,Brazil,27-015,"1,83 m",,20/21,Groin problems,09/01/2021,14/01/2021,6 days,1
Matheus Cunha,Brazil,27-015,"1,83 m",,19/20,concussion,28/05/2020,10/06/2020,14 days,2
Matheus Cunha,Brazil,27-015,"1,83 m",,19/20,Quarantine,17/03/2020,31/03/2020,15 days,-
Matheus Cunha,Brazil,27-015,"1,83 m",,19/20,Ill,19/01/2020,22/01/2020,4 days,1
Danilo,Brazil,34-331,"1,84 m",,25/26,Knee problems,10/01/2026,31/01/2026,22 days,6
Danilo,Brazil,34-331,"1,84 m",,25/26,Hamstring injury,21/07/2025,16/08/2025,27 days,7
Danilo,Brazil,34-331,"1,84 m",,24/25,Hamstring injury,23/02/2025,12/04/2025,49 days,10
Danilo,Brazil,34-331,"1,84 m",,24/25,Ankle sprain,20/12/2024,28/12/2024,9 days,1
Danilo,Brazil,34-331,"1,84 m",,23/24,Hamstring muscle injury,05/05/2024,13/05/2024,9 days,1
Danilo,Brazil,34-331,"1,84 m",,23/24,Ankle injury,18/02/2024,02/03/2024,14 days,1
Danilo,Brazil,34-331,"1,84 m",,23/24,unknown injury,31/10/2023,01/12/2023,32 days,5
Danilo,Brazil,34-331,"1,84 m",,23/24,Torn muscle bundle,13/10/2023,30/10/2023,18 days,3
Danilo,Brazil,34-331,"1,84 m",,22/23,Ankle injury,24/11/2022,04/12/2022,11 days,2
Danilo,Brazil,34-331,"1,84 m",,21/22,muscular problems,11/05/2022,23/05/2022,13 days,2
Danilo,Brazil,34-331,"1,84 m",,21/22,Rest,05/05/2022,09/05/2022,5 days,1
Danilo,Brazil,34-331,"1,84 m",,21/22,Adductor pain,15/01/2022,17/01/2022,3 days,1
Danilo,Brazil,34-331,"1,84 m",,21/22,Adductor injury,20/11/2021,10/01/2022,52 days,10
Danilo,Brazil,34-331,"1,84 m",,19/20,Hamstring strain,23/01/2020,09/02/2020,18 days,3
Danilo,Brazil,34-331,"1,84 m",,19/20,Hamstring muscle injury,25/09/2019,15/10/2019,21 days,5
Ederson,Brazil,32-298,"1,88 m",,25/26,Hamstring strain,01/03/2026,06/03/2026,6 days,1
Ederson,Brazil,32-298,"1,88 m",,25/26,Hamstring strain,23/02/2026,28/02/2026,6 days,1
Ederson,Brazil,32-298,"1,88 m",,25/26,muscular problems,04/10/2025,21/10/2025,18 days,4
Ederson,Brazil,32-298,"1,88 m",,25/26,Ill,15/08/2025,23/08/2025,9 days,1
Ederson,Brazil,32-298,"1,88 m",,24/25,Hip problems,13/04/2025,25/04/2025,13 days,2
Ederson,Brazil,32-298,"1,88 m",,24/25,Abdominal problems,14/03/2025,30/03/2025,17 days,3
Ederson,Brazil,32-298,"1,88 m",,24/25,unknown injury,01/02/2025,10/02/2025,10 days,2
Ederson,Brazil,32-298,"1,88 m",,24/25,unknown injury,20/12/2024,10/01/2025,22 days,4
Ederson,Brazil,32-298,"1,88 m",,23/24,Eyebow fracture,14/05/2024,28/07/2024,76 days,8
Ederson,Brazil,32-298,"1,88 m",,23/24,Muscle injury,10/03/2024,05/04/2024,27 days,5
Ederson,Brazil,32-298,"1,88 m",,23/24,Knee injury,13/01/2024,20/01/2024,8 days,-
Ederson,Brazil,32-298,"1,88 m",,20/21,Virus,27/12/2020,12/01/2021,17 days,2
Ederson,Brazil,32-298,"1,88 m",,19/20,Ill,30/12/2019,07/01/2020,9 days,2
Ederson,Brazil,32-298,"1,88 m",,19/20,Ill,08/12/2019,14/12/2019,7 days,1
Ederson,Brazil,32-298,"1,88 m",,19/20,muscular problems,06/11/2019,22/11/2019,17 days,3
Éderson,Brazil,26-339,"1,88 m",,25/26,Hamstring strain,01/03/2026,06/03/2026,6 days,1
Éderson,Brazil,26-339,"1,88 m",,25/26,Hamstring strain,23/02/2026,28/02/2026,6 days,1
Éderson,Brazil,26-339,"1,88 m",,25/26,muscular problems,04/10/2025,21/10/2025,18 days,4
Éderson,Brazil,26-339,"1,88 m",,25/26,Ill,15/08/2025,23/08/2025,9 days,1
Éderson,Brazil,26-339,"1,88 m",,24/25,Hip problems,13/04/2025,25/04/2025,13 days,2
Éderson,Brazil,26-339,"1,88 m",,24/25,Abdominal problems,14/03/2025,30/03/2025,17 days,3
Éderson,Brazil,26-339,"1,88 m",,24/25,unknown injury,01/02/2025,10/02/2025,10 days,2
Éderson,Brazil,26-339,"1,88 m",,24/25,unknown injury,20/12/2024,10/01/2025,22 days,4
Éderson,Brazil,26-339,"1,88 m",,23/24,Eyebow fracture,14/05/2024,28/07/2024,76 days,8
Éderson,Brazil,26-339,"1,88 m",,23/24,Muscle injury,10/03/2024,05/04/2024,27 days,5
Éderson,Brazil,26-339,"1,88 m",,23/24,Knee injury,13/01/2024,20/01/2024,8 days,-
Éderson,Brazil,26-339,"1,88 m",,20/21,Virus,27/12/2020,12/01/2021,17 days,2
Éderson,Brazil,26-339,"1,88 m",,19/20,Ill,30/12/2019,07/01/2020,9 days,2
Éderson,Brazil,26-339,"1,88 m",,19/20,Ill,08/12/2019,14/12/2019,7 days,1
Éderson,Brazil,26-339,"1,88 m",,19/20,muscular problems,06/11/2019,22/11/2019,17 days,3
Endrick,Brazil,19-325,"1,72 m",,25/26,Thigh problems,18/08/2025,14/09/2025,28 days,6
Endrick,Brazil,19-325,"1,72 m",,24/25,Hamstring injury,21/05/2025,21/07/2025,62 days,9
Fabinho,Brazil,32-231,"1,88 m",,23/24,Fitness,01/05/2024,25/05/2024,25 days,4
Fabinho,Brazil,32-231,"1,88 m",,23/24,unknown injury,03/03/2024,01/05/2024,60 days,12
Fabinho,Brazil,32-231,"1,88 m",,21/22,Thigh problems,12/05/2022,25/05/2022,14 days,3
Fabinho,Brazil,32-231,"1,88 m",,21/22,Corona virus,15/12/2021,22/12/2021,8 days,2
Fabinho,Brazil,32-231,"1,88 m",,21/22,Knee problems,23/10/2021,02/11/2021,11 days,3
Fabinho,Brazil,32-231,"1,88 m",,20/21,Muscle injury,11/02/2021,01/03/2021,19 days,4
Fabinho,Brazil,32-231,"1,88 m",,20/21,muscular problems,26/01/2021,06/02/2021,12 days,3
Fabinho,Brazil,32-231,"1,88 m",,20/21,Hamstring injury,27/10/2020,21/11/2020,26 days,5
Fabinho,Brazil,32-231,"1,88 m",,19/20,Ankle injury,28/11/2019,18/01/2020,52 days,13
Fabinho,Brazil,32-231,"1,88 m",,18/19,Head injury,22/04/2019,03/05/2019,12 days,1
Fabinho,Brazil,32-231,"1,88 m",,18/19,Hamstring injury,20/01/2019,29/01/2019,10 days,-
Fabinho,Brazil,32-231,"1,88 m",,18/19,Ill,09/08/2018,11/08/2018,3 days,-
Bruno Guimarães,Brazil,28-207,"1,82 m",,25/26,Hamstring injury,13/02/2026,16/04/2026,63 days,14
Bruno Guimarães,Brazil,28-207,"1,82 m",,22/23,Ankle injury,01/02/2023,20/02/2023,20 days,3
Bruno Guimarães,Brazil,28-207,"1,82 m",,22/23,Hamstring injury,25/08/2022,16/09/2022,23 days,3
Bruno Guimarães,Brazil,28-207,"1,82 m",,20/21,Corona virus,01/01/2021,11/01/2021,11 days,2
Luiz Henrique,Brazil,25-160,"1,82 m",,25/26,unknown injury,26/07/2025,05/08/2025,11 days,3
Luiz Henrique,Brazil,25-160,"1,82 m",,23/24,Calf injury,16/02/2024,30/03/2024,44 days,10
Luiz Henrique,Brazil,25-160,"1,82 m",,23/24,unknown injury,26/09/2023,16/10/2023,21 days,4
Roger Ibanez,Brazil,27-200,"1,86 m",,22/23,Heel injury,05/03/2023,10/03/2023,6 days,1
Roger Ibanez,Brazil,27-200,"1,86 m",,22/23,unknown injury,27/10/2022,30/10/2022,4 days,1
Roger Ibanez,Brazil,27-200,"1,86 m",,21/22,Collateral ligament injury,08/02/2022,26/02/2022,19 days,2
Roger Ibanez,Brazil,27-200,"1,86 m",,20/21,muscular problems,18/02/2021,10/03/2021,21 days,5
Roger Ibanez,Brazil,27-200,"1,86 m",,20/21,muscular problems,22/11/2020,28/11/2020,7 days,1
Roger Ibanez,Brazil,27-200,"1,86 m",,19/20,Adductor pain,20/07/2020,27/07/2020,8 days,2
Vinicius Júnior,Brazil,25-334,"1,76 m",,24/25,Ankle sprain,12/05/2025,23/05/2025,12 days,2
Vinicius Júnior,Brazil,25-334,"1,76 m",,24/25,Muscle injury,25/11/2024,08/12/2024,14 days,4
Vinicius Júnior,Brazil,25-334,"1,76 m",,24/25,Cervical spine injury,06/10/2024,16/10/2024,11 days,1
Vinicius Júnior,Brazil,25-334,"1,76 m",,23/24,Torn thigh muscle,18/11/2023,01/01/2024,45 days,8
Vinicius Júnior,Brazil,25-334,"1,76 m",,23/24,Hamstring muscle injury,26/08/2023,26/09/2023,32 days,6
Vinicius Júnior,Brazil,25-334,"1,76 m",,22/23,Knee problems,24/05/2023,27/05/2023,4 days,1
Vinicius Júnior,Brazil,25-334,"1,76 m",,22/23,Muscle strain,13/04/2023,16/04/2023,4 days,1
Vinicius Júnior,Brazil,25-334,"1,76 m",,21/22,Corona virus,29/12/2021,07/01/2022,10 days,2
Vinicius Júnior,Brazil,25-334,"1,76 m",,20/21,Intestinal virus,19/12/2020,22/12/2020,4 days,1
Vinicius Júnior,Brazil,25-334,"1,76 m",,18/19,Torn lateral knee ligament,06/03/2019,03/05/2019,59 days,9
Gabriel Magalhães,Brazil,28-174,"1,90 m",,25/26,Knee injury,22/03/2026,01/04/2026,11 days,2
Gabriel Magalhães,Brazil,28-174,"1,90 m",,25/26,Hamstring injury,16/11/2025,27/12/2025,42 days,10
Gabriel Magalhães,Brazil,28-174,"1,90 m",,24/25,Hamstring injury,02/04/2025,14/07/2025,104 days,14
Gabriel Magalhães,Brazil,28-174,"1,90 m",,24/25,Knee injury,01/12/2024,13/12/2024,13 days,3
Gabriel Magalhães,Brazil,28-174,"1,90 m",,24/25,Knee injury,27/10/2024,01/11/2024,6 days,1
Gabriel Magalhães,Brazil,28-174,"1,90 m",,21/22,Knee injury,06/07/2021,25/08/2021,51 days,2
Gabriel Magalhães,Brazil,28-174,"1,90 m",,20/21,Corona virus,26/12/2020,13/01/2021,19 days,4
Gabriel Magalhães,Brazil,28-174,"1,90 m",,20/21,Ill,01/08/2020,31/08/2020,31 days,2
Gabriel Magalhães,Brazil,28-174,"1,90 m",,19/20,Foot injury,01/08/2019,25/08/2019,25 days,2
Marquinhos,Brazil,32-028,"1,83 m",,25/26,Dead leg,26/09/2025,17/10/2025,22 days,5
Marquinhos,Brazil,32-028,"1,83 m",,24/25,Adductor injury,05/01/2025,26/01/2025,22 days,4
Marquinhos,Brazil,32-028,"1,83 m",,23/24,Achilles tendon contusion,18/02/2024,04/04/2024,47 days,8
Marquinhos,Brazil,32-028,"1,83 m",,23/24,Hamstring injury,23/11/2023,03/12/2023,11 days,2
Marquinhos,Brazil,32-028,"1,83 m",,23/24,Adductor pain,28/10/2023,01/11/2023,5 days,1
Marquinhos,Brazil,32-028,"1,83 m",,22/23,Dead leg,15/02/2023,22/02/2023,8 days,1
Marquinhos,Brazil,32-028,"1,83 m",,22/23,Rest,12/11/2022,14/11/2022,3 days,1
Marquinhos,Brazil,32-028,"1,83 m",,21/22,Fitness,12/07/2021,16/08/2021,36 days,3
Marquinhos,Brazil,32-028,"1,83 m",,20/21,Adductor pain,08/04/2021,25/04/2021,18 days,5
Marquinhos,Brazil,32-028,"1,83 m",,20/21,Adductor pain,23/01/2021,05/02/2021,14 days,2
Marquinhos,Brazil,32-028,"1,83 m",,20/21,Hip problems,10/12/2020,17/12/2020,8 days,2
Marquinhos,Brazil,32-028,"1,83 m",,20/21,Adductor pain,25/11/2020,01/12/2020,7 days,1
Marquinhos,Brazil,32-028,"1,83 m",,20/21,Adductor pain,14/10/2020,18/10/2020,5 days,1
Marquinhos,Brazil,32-028,"1,83 m",,20/21,Corona virus,02/09/2020,16/09/2020,15 days,2
Marquinhos,Brazil,32-028,"1,83 m",,19/20,Hamstring strain,23/01/2020,13/02/2020,22 days,6
Gabriel Martinelli,Brazil,24-358,"1,78 m",,25/26,Groin problems,27/10/2025,21/11/2025,26 days,6
Gabriel Martinelli,Brazil,24-358,"1,78 m",,24/25,Hamstring injury,06/02/2025,07/03/2025,30 days,4
Gabriel Martinelli,Brazil,24-358,"1,78 m",,23/24,Foot injury,05/03/2024,29/03/2024,25 days,4
Gabriel Martinelli,Brazil,24-358,"1,78 m",,23/24,Hamstring injury,17/09/2023,07/10/2023,21 days,5
Gabriel Martinelli,Brazil,24-358,"1,78 m",,22/23,Ankle injury,14/05/2023,01/06/2023,19 days,2
Gabriel Martinelli,Brazil,24-358,"1,78 m",,21/22,Ill,18/03/2022,21/03/2022,4 days,1
Gabriel Martinelli,Brazil,24-358,"1,78 m",,20/21,Ankle injury,09/01/2021,17/01/2021,9 days,2
Gabriel Martinelli,Brazil,24-358,"1,78 m",,19/20,Knee injury,21/06/2020,18/12/2020,181 days,35
Gabriel Martinelli,Brazil,24-358,"1,78 m",,19/20,Knock,20/02/2020,25/02/2020,6 days,1
Gabriel Martinelli,Brazil,24-358,"1,78 m",,19/20,Hamstring injury,23/12/2019,06/01/2020,15 days,3
Neymar,Brazil,34-126,"1,75 m",,25/26,Calf injury,18/05/2026,,29 days,7
Neymar,Brazil,34-126,"1,75 m",,25/26,Rest,24/04/2026,03/05/2026,10 days,2
Neymar,Brazil,34-126,"1,75 m",,25/26,Knee surgery,15/12/2025,14/02/2026,62 days,10
Neymar,Brazil,34-126,"1,75 m",,25/26,Meniscus injury,21/11/2025,27/11/2025,7 days,1
Neymar,Brazil,34-126,"1,75 m",,25/26,Hamstring injury,19/09/2025,31/10/2025,43 days,9
Neymar,Brazil,34-126,"1,75 m",,24/25,Hamstring injury,17/04/2025,21/05/2025,35 days,6
Neymar,Brazil,34-126,"1,75 m",,24/25,Hamstring injury,04/03/2025,12/04/2025,40 days,4
Neymar,Brazil,34-126,"1,75 m",,24/25,Fitness,17/12/2024,03/02/2025,49 days,6
Neymar,Brazil,34-126,"1,75 m",,24/25,Hamstring injury,05/11/2024,16/12/2024,42 days,8
Neymar,Brazil,34-126,"1,75 m",,24/25,Fitness,23/09/2024,19/10/2024,27 days,7
Neymar,Brazil,34-126,"1,75 m",,23/24,Cruciate ligament tear,19/10/2023,22/09/2024,340 days,60
Neymar,Brazil,34-126,"1,75 m",,23/24,muscular problems,04/08/2023,03/09/2023,31 days,5
Neymar,Brazil,34-126,"1,75 m",,22/23,Ankle surgery,20/02/2023,30/06/2023,131 days,18
Neymar,Brazil,34-126,"1,75 m",,22/23,Ankle injury,25/11/2022,04/12/2022,10 days,2
Neymar,Brazil,34-126,"1,75 m",,21/22,Ankle injury,29/11/2021,13/02/2022,77 days,15
Lucas Paquetá,Brazil,28-288,"1,83 m",,25/26,Hamstring injury,20/04/2026,16/05/2026,27 days,7
Lucas Paquetá,Brazil,28-288,"1,83 m",,24/25,Ankle injury,21/02/2025,10/03/2025,18 days,2
Lucas Paquetá,Brazil,28-288,"1,83 m",,24/25,Hip injury,30/01/2025,14/02/2025,16 days,1
Lucas Paquetá,Brazil,28-288,"1,83 m",,23/24,Calf injury,07/01/2024,21/02/2024,46 days,6
Lucas Paquetá,Brazil,28-288,"1,83 m",,22/23,Foot injury,07/04/2023,13/04/2023,7 days,1
Lucas Paquetá,Brazil,28-288,"1,83 m",,22/23,Shoulder injury,11/02/2023,21/02/2023,11 days,1
Lucas Paquetá,Brazil,28-288,"1,83 m",,22/23,Shoulder injury,17/10/2022,05/11/2022,20 days,5
Lucas Paquetá,Brazil,28-288,"1,83 m",,19/20,Thigh problems,22/09/2019,28/09/2019,7 days,1
Lucas Paquetá,Brazil,28-288,"1,83 m",,18/19,Ankle sprain,02/04/2019,17/04/2019,16 days,2
Léo Pereira,Brazil,30-131,"1,89 m",,25/26,Cut,27/04/2026,02/05/2026,6 days,1
Léo Pereira,Brazil,30-131,"1,89 m",,24/25,Thigh problems,02/12/2024,07/12/2024,6 days,1
Léo Pereira,Brazil,30-131,"1,89 m",,24/25,Knee problems,29/08/2024,11/09/2024,14 days,1
Léo Pereira,Brazil,30-131,"1,89 m",,22/23,Hamstring injury,19/05/2024,29/05/2024,11 days,2
Léo Pereira,Brazil,30-131,"1,89 m",,23/24,Bruised ribs,26/10/2023,31/10/2023,6 days,-
Léo Pereira,Brazil,30-131,"1,89 m",,23/24,Hamstring injury,12/02/2020,22/02/2020,11 days,2
Raphinha,Brazil,29-179,"1,76 m",,25/26,Hamstring injury,28/03/2026,30/04/2026,34 days,7
Raphinha,Brazil,29-179,"1,76 m",,25/26,Hamstring strain,02/02/2026,14/02/2026,13 days,3
Raphinha,Brazil,29-179,"1,76 m",,25/26,Dead leg,15/01/2026,21/01/2026,7 days,1
Raphinha,Brazil,29-179,"1,76 m",,25/26,Hamstring injury,26/09/2025,22/11/2025,58 days,13
Raphinha,Brazil,29-179,"1,76 m",,23/24,Knock,08/03/2024,10/03/2024,3 days,-
Raphinha,Brazil,29-179,"1,76 m",,23/24,Muscle injury,12/01/2024,10/02/2024,30 days,7
Raphinha,Brazil,29-179,"1,76 m",,23/24,Muscle injury,30/09/2023,27/10/2023,28 days,6
Raphinha,Brazil,29-179,"1,76 m",,21/22,Corona virus,17/03/2022,31/03/2022,15 days,3
Raphinha,Brazil,29-179,"1,76 m",,21/22,Ill,19/11/2021,22/11/2021,4 days,1
Raphinha,Brazil,29-179,"1,76 m",,20/21,Hamstring injury,12/04/2021,03/05/2021,22 days,3
Raphinha,Brazil,29-179,"1,76 m",,20/21,Ankle injury,26/10/2020,06/11/2020,12 days,1
Raphinha,Brazil,29-179,"1,76 m",,19/20,Back injury,05/02/2020,07/02/2020,3 days,-
Raphinha,Brazil,29-179,"1,76 m",,19/20,Ill,14/10/2019,21/10/2019,8 days,1
Raphinha,Brazil,29-179,"1,76 m",,18/19,unknown injury,04/04/2019,10/04/2019,7 days,1
Raphinha,Brazil,29-179,"1,76 m",,18/19,unknown injury,16/10/2018,18/12/2018,64 days,13
Rayan,Brazil,19-312,"1,77 m",,25/26,Thigh problems,30/08/2025,03/10/2025,35 days,9
Rayan,Brazil,19-312,"1,77 m",,23/24,Muscle injury,01/04/2024,02/04/2024,2 days,-
Rayan,Brazil,19-312,"1,77 m",,21/22,Metatarsal fracture,09/02/2022,09/05/2022,90 days,19
Alex Sandro,Brazil,35-136,"1,80 m",,25/26,Thigh problems,23/03/2026,11/04/2026,20 days,5
Alex Sandro,Brazil,35-136,"1,80 m",,25/26,Calf injury,26/08/2025,20/09/2025,26 days,5
Alex Sandro,Brazil,35-136,"1,80 m",,25/26,Hamstring injury,13/07/2025,30/07/2025,18 days,4
Alex Sandro,Brazil,35-136,"1,80 m",,24/25,Hamstring injury,17/04/2025,03/05/2025,17 days,4
Alex Sandro,Brazil,35-136,"1,80 m",,24/25,Hamstring injury,09/02/2025,07/03/2025,27 days,4
Alex Sandro,Brazil,35-136,"1,80 m",,24/25,Calf problems,02/12/2024,07/12/2024,6 days,1
Alex Sandro,Brazil,35-136,"1,80 m",,24/25,muscular problems,21/10/2024,02/11/2024,13 days,2
Alex Sandro,Brazil,35-136,"1,80 m",,24/25,Hamstring injury,03/10/2024,16/10/2024,14 days,2
Alex Sandro,Brazil,35-136,"1,80 m",,24/25,Fitness,24/08/2024,14/09/2024,22 days,6
Alex Sandro,Brazil,35-136,"1,80 m",,23/24,Leg injury,03/05/2024,13/05/2024,11 days,-
Alex Sandro,Brazil,35-136,"1,80 m",,23/24,Muscle fatigue,30/03/2024,02/04/2024,4 days,-
Alex Sandro,Brazil,35-136,"1,80 m",,23/24,unknown injury,28/12/2023,08/01/2024,12 days,-
Alex Sandro,Brazil,35-136,"1,80 m",,23/24,Hamstring muscle injury,18/09/2023,22/11/2023,66 days,3
Alex Sandro,Brazil,35-136,"1,80 m",,22/23,Muscle fatigue,12/04/2023,17/04/2023,6 days,2
Alex Sandro,Brazil,35-136,"1,80 m",,22/23,Hamstring muscle injury,09/03/2023,29/03/2023,21 days,4
Danilo Santos,Brazil,25-043,"1,77 m",,25/26,Hamstring injury,16/02/2026,24/02/2026,9 days,2
Danilo Santos,Brazil,25-043,"1,77 m",,25/26,Hamstring injury,23/11/2025,20/01/2026,59 days,5
Danilo Santos,Brazil,25-043,"1,77 m",,25/26,Hamstring injury,18/09/2025,25/10/2025,38 days,7
Danilo Santos,Brazil,25-043,"1,77 m",,25/26,Fitness,19/07/2025,02/08/2025,15 days,3
Danilo Santos,Brazil,25-043,"1,77 m",,24/25,Fitness,01/01/2025,10/01/2025,10 days,1
Danilo Santos,Brazil,25-043,"1,77 m",,24/25,Broken ankle,17/08/2024,10/01/2025,147 days,20
Danilo Santos,Brazil,25-043,"1,77 m",,23/24,unknown injury,02/09/2023,04/11/2023,64 days,6
Danilo Santos,Brazil,25-043,"1,77 m",,20/21,Corona virus,20/11/2020,28/11/2020,9 days,1
Douglas Santos,Brazil,32-081,"1,73 m",,25/26,Shoulder injury,25/10/2025,31/12/2025,68 days,10
Douglas Santos,Brazil,32-081,"1,73 m",,23/24,Muscle injury,19/05/2024,10/06/2024,23 days,3
Douglas Santos,Brazil,32-081,"1,73 m",,21/22,Hamstring strain,24/10/2021,16/11/2021,24 days,4
Douglas Santos,Brazil,32-081,"1,73 m",,20/21,Muscle injury,24/11/2020,30/11/2020,7 days,1
Douglas Santos,Brazil,32-081,"1,73 m",,18/19,Hamstring strain,11/02/2019,20/02/2019,10 days,1
Douglas Santos,Brazil,32-081,"1,73 m",,17/18,Stomach flu,13/10/2017,20/10/2017,8 days,1
Igor Thiago,Brazil,24-350,"1,90 m",,24/25,Knee injury,07/12/2024,02/05/2025,147 days,21
Igor Thiago,Brazil,24-350,"1,90 m",,24/25,Meniscus injury,21/07/2024,23/11/2024,126 days,14
Igor Thiago,Brazil,24-350,"1,90 m",,23/24,Knee injury,13/05/2024,30/06/2024,49 days,2
Igor Thiago,Brazil,24-350,"1,90 m",,23/24,Overstretching,01/03/2024,13/03/2024,13 days,3
Igor Thiago,Brazil,24-350,"1,90 m",,20/21,Corona virus,16/01/2021,24/01/2021,9 days,2
Wesley,Brazil,22-278,"1,88 m",,25/26,Fever,31/12/2025,06/01/2026,7 days,1
Wesley,Brazil,22-278,"1,88 m",,25/26,Rest,02/12/2025,04/12/2025,3 days,1
Wesley,Brazil,22-278,"1,88 m",,25/26,Rest,21/11/2025,23/11/2025,3 days,1
Wesley,Brazil,22-278,"1,88 m",,25/26,concussion,24/09/2025,20/10/2025,27 days,4
Wesley,Brazil,22-278,"1,88 m",,24/25,surgery,01/04/2025,01/07/2025,92 days,18
Wesley,Brazil,22-278,"1,88 m",,24/25,Hamstring injury,01/12/2024,24/02/2025,86 days,17
Wesley,Brazil,22-278,"1,88 m",,23/24,Cruciate ligament tear,17/07/2023,30/06/2024,350 days,64
Wesley,Brazil,22-278,"1,88 m",,22/23,Knee injury,20/12/2022,13/02/2023,56 days,9
Wesley,Brazil,22-278,"1,88 m",,22/23,Knee injury,06/10/2022,16/12/2022,72 days,11
Wesley,Brazil,22-278,"1,88 m",,21/22,Broken fibula,04/08/2021,15/03/2022,224 days,47
Wesley,Brazil,22-278,"1,88 m",,20/21,Hamstring strain,03/02/2021,01/03/2021,27 days,8
Wesley,Brazil,22-278,"1,88 m",,20/21,Knee injury,27/12/2020,02/01/2021,7 days,1
Wesley,Brazil,22-278,"1,88 m",,20/21,Knee injury,09/11/2020,21/11/2020,13 days,2
Wesley,Brazil,22-278,"1,88 m",,19/20,Knee injury,08/11/2019,27/11/2019,20 days,2
Wesley,Brazil,22-278,"1,88 m",,19/20,Knee injury,10/08/2019,05/10/2019,57 days,10
Wéverton,Brazil,38-180,"1,89 m",,25/26,Finger injury,16/10/2025,09/01/2026,86 days,16
Maghnes Akliouche,France,24-106,"1,83 m",,25/26,Hip injury,20/02/2026,24/02/2026,5 days,1
Maghnes Akliouche,France,24-106,"1,83 m",,24/25,Muscle fatigue,09/01/2025,16/01/2025,8 days,2
Maghnes Akliouche,France,24-106,"1,83 m",,23/24,Ill,24/08/2023,28/08/2023,5 days,1
Maghnes Akliouche,France,24-106,"1,83 m",,22/23,Ill,27/04/2023,01/05/2023,5 days,1
Maghnes Akliouche,France,24-106,"1,83 m",,22/23,Hip problems,22/10/2022,24/10/2022,3 days,1
Bradley Barcola,France,23-282,"1,82 m",,25/26,Ankle sprain,18/03/2026,13/04/2026,27 days,5
Bradley Barcola,France,23-282,"1,82 m",,25/26,Hamstring injury,20/09/2025,23/09/2025,4 days,1
Bradley Barcola,France,23-282,"1,82 m",,24/25,Knee injury,06/06/2025,29/06/2025,24 days,2
Bradley Barcola,France,23-282,"1,82 m",,23/24,Hamstring muscle injury,23/03/2024,07/04/2024,16 days,3
Bradley Barcola,France,23-282,"1,82 m",,22/23,Ill,12/05/2023,18/05/2023,7 days,1
Rayan Cherki,France,22-298,"1,77 m",,25/26,Thigh problems,30/08/2025,03/10/2025,35 days,9
Rayan Cherki,France,22-298,"1,77 m",,23/24,Muscle injury,01/04/2024,02/04/2024,2 days,-
Rayan Cherki,France,22-298,"1,77 m",,21/22,Metatarsal fracture,09/02/2022,09/05/2022,90 days,19
Ousmane Dembélé,France,29-027,"1,78 m",,25/26,Calf injury,18/02/2026,01/03/2026,12 days,3
Ousmane Dembélé,France,29-027,"1,78 m",,25/26,Ill,08/12/2025,15/12/2025,8 days,2
Ousmane Dembélé,France,29-027,"1,78 m",,25/26,Calf injury,05/11/2025,25/11/2025,21 days,4
Ousmane Dembélé,France,29-027,"1,78 m",,25/26,Fitness,16/10/2025,19/10/2025,4 days,1
Ousmane Dembélé,France,29-027,"1,78 m",,25/26,Hamstring injury,06/09/2025,15/10/2025,40 days,9
Ousmane Dembélé,France,29-027,"1,78 m",,24/25,Dead leg,06/06/2025,29/06/2025,24 days,4
Ousmane Dembélé,France,29-027,"1,78 m",,24/25,Hamstring injury,30/04/2025,08/05/2025,9 days,1
Ousmane Dembélé,France,29-027,"1,78 m",,24/25,Ill,14/01/2025,19/01/2025,6 days,2
Ousmane Dembélé,France,29-027,"1,78 m",,24/25,Hamstring injury,11/11/2024,21/11/2024,11 days,2
Ousmane Dembélé,France,29-027,"1,78 m",,23/24,Muscle injury,13/05/2024,21/05/2024,9 days,2
Ousmane Dembélé,France,29-027,"1,78 m",,23/24,Ruptured eardrum,16/03/2024,20/03/2024,5 days,1
Ousmane Dembélé,France,29-027,"1,78 m",,23/24,Dead leg,01/02/2024,08/02/2024,8 days,1
Ousmane Dembélé,France,29-027,"1,78 m",,23/24,Groin injury,18/12/2023,08/01/2024,22 days,2
Ousmane Dembélé,France,29-027,"1,78 m",,22/23,Hamstring injury,29/01/2023,28/04/2023,90 days,19
Ousmane Dembélé,France,29-027,"1,78 m",,21/22,angina,30/04/2022,30/04/2022,1 days,-
Lucas Digne,France,32-326,"1,78 m",,23/24,Hamstring injury,26/12/2023,06/02/2024,43 days,6
Lucas Digne,France,32-326,"1,78 m",,22/23,Shoulder injury,14/01/2023,03/02/2023,21 days,1
Lucas Digne,France,32-326,"1,78 m",,22/23,Ankle injury,17/09/2022,27/10/2022,41 days,7
Lucas Digne,France,32-326,"1,78 m",,21/22,Shoulder injury,09/04/2022,25/04/2022,17 days,1
Lucas Digne,France,32-326,"1,78 m",,21/22,Hamstring injury,14/03/2022,21/03/2022,8 days,1
Lucas Digne,France,32-326,"1,78 m",,20/21,Ankle injury,26/11/2020,11/01/2021,47 days,8
Lucas Digne,France,32-326,"1,78 m",,19/20,Calf injury,09/02/2020,07/03/2020,28 days,2
Lucas Digne,France,32-326,"1,78 m",,19/20,Ankle injury,08/12/2019,14/12/2019,7 days,-
Lucas Digne,France,32-326,"1,78 m",,18/19,Foot injury,22/04/2019,26/04/2019,5 days,-
Lucas Digne,France,32-326,"1,78 m",,18/19,Hamstring injury,24/03/2019,29/03/2019,6 days,1
Lucas Digne,France,32-326,"1,78 m",,18/19,bruise,13/08/2018,24/08/2018,12 days,1
Lucas Digne,France,32-326,"1,78 m",,17/18,Hamstring injury,28/03/2018,16/04/2018,20 days,5
Lucas Digne,France,32-326,"1,78 m",,17/18,Finger injury,05/02/2018,10/02/2018,6 days,1
Lucas Digne,France,32-326,"1,78 m",,16/17,Knee problems,30/01/2017,06/02/2017,8 days,2
Lucas Digne,France,32-326,"1,78 m",,15/16,Hamstring muscle injury,29/01/2016,05/02/2016,8 days,2
Désiré Doué,France,21-008,"1,81 m",,25/26,Hamstring injury,30/10/2025,08/12/2025,40 days,9
Désiré Doué,France,21-008,"1,81 m",,25/26,Calf injury,06/09/2025,14/10/2025,39 days,9
Désiré Doué,France,21-008,"1,81 m",,24/25,Injury to the ankle,08/10/2024,18/10/2024,11 days,2
Désiré Doué,France,21-008,"1,81 m",,24/25,Ankle injury,25/09/2024,29/09/2024,5 days,1
Désiré Doué,France,21-008,"1,81 m",,23/24,Ill,05/02/2024,10/02/2024,6 days,-
Désiré Doué,France,21-008,"1,81 m",,22/23,Back injury,20/04/2023,18/05/2023,29 days,4
Désiré Doué,France,21-008,"1,81 m",,22/23,Ill,10/03/2023,15/03/2023,6 days,1
Désiré Doué,France,21-008,"1,81 m",,22/23,Injury to the ankle,17/11/2022,06/01/2023,51 days,4
Désiré Doué,France,21-008,"1,81 m",,22/23,Ill,28/10/2022,01/11/2022,5 days,1
Malo Gusto,France,23-023,"1,78 m",,25/26,Ill,15/03/2026,19/03/2026,5 days,1
Malo Gusto,France,23-023,"1,78 m",,25/26,Ill,09/01/2026,18/01/2026,10 days,3
Malo Gusto,France,23-023,"1,78 m",,24/25,Muscle injury,20/04/2025,28/04/2025,9 days,1
Malo Gusto,France,23-023,"1,78 m",,24/25,Injury to the ankle,07/03/2025,15/03/2025,9 days,2
Malo Gusto,France,23-023,"1,78 m",,24/25,Ill,22/11/2024,29/11/2024,8 days,2
Malo Gusto,France,23-023,"1,78 m",,24/25,Muscle injury,01/09/2024,22/09/2024,22 days,6
Malo Gusto,France,23-023,"1,78 m",,23/24,unknown injury,22/04/2024,05/05/2024,14 days,3
Malo Gusto,France,23-023,"1,78 m",,23/24,Rest,07/04/2024,08/04/2024,2 days,1
Malo Gusto,France,23-023,"1,78 m",,23/24,Hamstring injury,31/03/2024,02/04/2024,3 days,-
Malo Gusto,France,23-023,"1,78 m",,23/24,Muscle injury,20/01/2024,28/01/2024,9 days,2
Malo Gusto,France,23-023,"1,78 m",,23/24,Knee injury,14/11/2023,14/12/2023,31 days,8
Malo Gusto,France,23-023,"1,78 m",,22/23,Hamstring injury,09/02/2023,17/04/2023,68 days,13
Malo Gusto,France,23-023,"1,78 m",,22/23,Strain in the thigh and gluteal muscles,15/01/2023,30/01/2023,16 days,1
Malo Gusto,France,23-023,"1,78 m",,22/23,Strain in the thigh and gluteal muscles,22/12/2022,08/01/2023,18 days,3
Malo Gusto,France,23-023,"1,78 m",,22/23,Knock,27/09/2022,05/10/2022,9 days,1
Lucas Hernández,France,30-117,"1,84 m",,23/24,Cruciate ligament tear,01/05/2024,01/12/2024,215 days,37
Lucas Hernández,France,30-117,"1,84 m",,23/24,unknown injury,04/04/2024,10/04/2024,7 days,1
Lucas Hernández,France,30-117,"1,84 m",,22/23,Cruciate ligament tear,23/11/2022,30/06/2023,220 days,35
Lucas Hernández,France,30-117,"1,84 m",,22/23,Torn muscle bundle,14/09/2022,31/10/2022,48 days,12
Lucas Hernández,France,30-117,"1,84 m",,21/22,muscular problems,09/06/2022,13/06/2022,5 days,-
Lucas Hernández,France,30-117,"1,84 m",,21/22,muscular problems,14/04/2022,21/04/2022,8 days,1
Lucas Hernández,France,30-117,"1,84 m",,21/22,Thigh problems,07/04/2022,11/04/2022,5 days,1
Lucas Hernández,France,30-117,"1,84 m",,21/22,Corona virus,03/01/2022,17/01/2022,15 days,2
Lucas Hernández,France,30-117,"1,84 m",,21/22,Meniscus tear,28/06/2021,30/08/2021,64 days,5
Lucas Hernández,France,30-117,"1,84 m",,20/21,Bruised ribs,08/04/2021,12/04/2021,5 days,1
Lucas Hernández,France,30-117,"1,84 m",,20/21,Thigh problems,03/12/2020,07/12/2020,5 days,1
Lucas Hernández,France,30-117,"1,84 m",,19/20,Tendon irritation,02/03/2020,05/03/2020,4 days,1
Lucas Hernández,France,30-117,"1,84 m",,19/20,Fitness,20/01/2020,03/02/2020,15 days,2
Lucas Hernández,France,30-117,"1,84 m",,19/20,Inner ankle ligament tear,24/10/2019,20/01/2020,89 days,16
Lucas Hernández,France,30-117,"1,84 m",,19/20,Knee bruise,30/09/2019,10/10/2019,11 days,2
Theo Hernández,France,28-248,"1,84 m",,24/25,Thigh problems,15/05/2025,22/05/2025,8 days,1
Theo Hernández,France,28-248,"1,84 m",,24/25,Rest,02/12/2024,05/12/2024,4 days,1
Theo Hernández,France,28-248,"1,84 m",,23/24,flu,17/05/2024,21/05/2024,5 days,1
Theo Hernández,France,28-248,"1,84 m",,23/24,Bruise on ankle,04/11/2023,07/11/2023,4 days,1
Theo Hernández,France,28-248,"1,84 m",,23/24,Muscle fatigue,22/09/2023,25/09/2023,4 days,1
Theo Hernández,France,28-248,"1,84 m",,22/23,flu,17/03/2023,21/03/2023,5 days,1
Theo Hernández,France,28-248,"1,84 m",,22/23,Muscle fatigue,23/01/2023,27/01/2023,5 days,1
Theo Hernández,France,28-248,"1,84 m",,22/23,Adductor injury,19/09/2022,06/10/2022,18 days,4
Theo Hernández,France,28-248,"1,84 m",,21/22,Fever,15/12/2021,20/12/2021,6 days,1
Theo Hernández,France,28-248,"1,84 m",,21/22,Corona virus,13/10/2021,24/10/2021,12 days,3
Theo Hernández,France,28-248,"1,84 m",,20/21,Muscle fatigue,20/04/2021,26/04/2021,7 days,1
Theo Hernández,France,28-248,"1,84 m",,20/21,Stomach flu,11/03/2021,12/03/2021,2 days,1
Theo Hernández,France,28-248,"1,84 m",,20/21,Shin bruise,03/03/2021,11/03/2021,9 days,2
Theo Hernández,France,28-248,"1,84 m",,20/21,Quarantine,17/01/2021,21/01/2021,5 days,1
Theo Hernández,France,28-248,"1,84 m",,19/20,Capsular tear of ankle joint,24/07/2019,15/09/2019,54 days,2
N'Golo Kanté,France,35-074,"1,68 m",,24/25,Muscle injury,09/01/2025,13/01/2025,5 days,1
N'Golo Kanté,France,35-074,"1,68 m",,22/23,Groin injury,12/05/2023,29/05/2023,18 days,4
N'Golo Kanté,France,35-074,"1,68 m",,22/23,Fitness,20/02/2023,12/03/2023,21 days,4
N'Golo Kanté,France,35-074,"1,68 m",,22/23,Hamstring injury,15/08/2022,20/02/2023,190 days,39
N'Golo Kanté,France,35-074,"1,68 m",,21/22,Knee problems,09/06/2022,30/06/2022,22 days,2
N'Golo Kanté,France,35-074,"1,68 m",,21/22,Knock,28/04/2022,12/05/2022,15 days,3
N'Golo Kanté,France,35-074,"1,68 m",,21/22,Corona virus,06/01/2022,10/01/2022,5 days,1
N'Golo Kanté,France,35-074,"1,68 m",,21/22,Knee problems,25/11/2021,16/12/2021,22 days,5
N'Golo Kanté,France,35-074,"1,68 m",,21/22,Corona virus,27/09/2021,11/10/2021,15 days,4
N'Golo Kanté,France,35-074,"1,68 m",,21/22,Groin injury,26/08/2021,16/09/2021,22 days,4
N'Golo Kanté,France,35-074,"1,68 m",,20/21,Muscle injury,25/03/2021,01/04/2021,8 days,2
N'Golo Kanté,France,35-074,"1,68 m",,20/21,Hamstring injury,07/01/2021,01/02/2021,26 days,5
N'Golo Kanté,France,35-074,"1,68 m",,20/21,Rest,21/09/2020,24/09/2020,4 days,1
N'Golo Kanté,France,35-074,"1,68 m",,19/20,Hamstring injury,02/07/2020,30/07/2020,29 days,6
N'Golo Kanté,France,35-074,"1,68 m",,19/20,Muscle injury,17/02/2020,08/06/2020,113 days,5
Ibrahima Konaté,France,27-017,"1,94 m",,24/25,Knee injury,28/11/2024,31/12/2024,34 days,8
Ibrahima Konaté,France,27-017,"1,94 m",,23/24,Thigh problems,07/03/2024,19/03/2024,13 days,3
Ibrahima Konaté,France,27-017,"1,94 m",,23/24,Hamstring injury,10/11/2023,22/11/2023,13 days,3
Ibrahima Konaté,France,27-017,"1,94 m",,23/24,Muscle injury,25/08/2023,14/09/2023,21 days,4
Ibrahima Konaté,France,27-017,"1,94 m",,22/23,minor knock,23/04/2023,27/04/2023,5 days,1
Ibrahima Konaté,France,27-017,"1,94 m",,22/23,Muscle injury,30/01/2023,27/02/2023,29 days,5
Ibrahima Konaté,France,27-017,"1,94 m",,22/23,Knock,10/11/2022,27/12/2022,48 days,3
Ibrahima Konaté,France,27-017,"1,94 m",,22/23,Muscle injury,12/10/2022,23/10/2022,12 days,3
Ibrahima Konaté,France,27-017,"1,94 m",,22/23,Knee injury,01/08/2022,25/09/2022,56 days,9
Ibrahima Konaté,France,27-017,"1,94 m",,20/21,Ankle injury,17/12/2020,04/02/2021,50 days,9
Ibrahima Konaté,France,27-017,"1,94 m",,20/21,Torn muscle fiber,01/07/2020,15/10/2020,107 days,10
Ibrahima Konaté,France,27-017,"1,94 m",,19/20,Torn muscle fiber,22/05/2020,05/06/2020,15 days,3
Ibrahima Konaté,France,27-017,"1,94 m",,19/20,Torn muscle fiber,03/10/2019,11/03/2020,161 days,31
Ibrahima Konaté,France,27-017,"1,94 m",,17/18,minor knock,18/12/2017,23/12/2017,6 days,-
Ibrahima Konaté,France,27-017,"1,94 m",,17/18,Thigh problems,09/11/2017,16/11/2017,8 days,-
Manu Koné,France,25-025,"1,85 m",,25/26,muscular problems,16/05/2026,20/05/2026,5 days,1
Manu Koné,France,25-025,"1,85 m",,25/26,Hamstring muscle injury,20/03/2026,28/04/2026,40 days,7
Manu Koné,France,25-025,"1,85 m",,25/26,Muscle fatigue,12/03/2026,14/03/2026,3 days,1
Manu Koné,France,25-025,"1,85 m",,25/26,Hamstring injury,25/01/2026,18/02/2026,25 days,4
Manu Koné,France,25-025,"1,85 m",,25/26,Bruise on ankle,24/10/2025,25/10/2025,2 days,-
Manu Koné,France,25-025,"1,85 m",,24/25,Muscle fatigue,16/12/2024,20/12/2024,5 days,1
Manu Koné,France,25-025,"1,85 m",,23/24,Torn muscle fiber,25/03/2024,26/04/2024,33 days,4
Manu Koné,France,25-025,"1,85 m",,23/24,strain,15/01/2024,19/01/2024,5 days,-
Manu Koné,France,25-025,"1,85 m",,23/24,muscular problems,06/12/2023,11/12/2023,6 days,1
Manu Koné,France,25-025,"1,85 m",,22/23,Knee injury,29/06/2023,05/09/2023,69 days,4
Manu Koné,France,25-025,"1,85 m",,22/23,muscular problems,22/05/2023,11/06/2023,21 days,1
Manu Koné,France,25-025,"1,85 m",,22/23,Hamstring strain,26/04/2023,02/05/2023,7 days,1
Manu Koné,France,25-025,"1,85 m",,22/23,Knock,30/06/2022,04/08/2022,36 days,1
Manu Koné,France,25-025,"1,85 m",,21/22,Inner ligament injury,05/07/2021,06/09/2021,64 days,4
Manu Koné,France,25-025,"1,85 m",,19/20,Heel problems,02/12/2019,05/12/2019,4 days,1
Jules Koundé,France,27-211,"1,80 m",,25/26,Muscle injury,03/03/2026,01/04/2026,30 days,7
Jules Koundé,France,27-211,"1,80 m",,25/26,Hamstring injury,21/12/2025,03/01/2026,14 days,-
Jules Koundé,France,27-211,"1,80 m",,24/25,Hamstring injury,30/04/2025,09/06/2025,41 days,8
Jules Koundé,France,27-211,"1,80 m",,23/24,Knee injury,09/10/2023,27/10/2023,19 days,4
Jules Koundé,France,27-211,"1,80 m",,22/23,muscular problems,30/10/2022,14/11/2022,16 days,3
Jules Koundé,France,27-211,"1,80 m",,22/23,Achilles tendon problems,23/09/2022,15/10/2022,23 days,5
Jules Koundé,France,27-211,"1,80 m",,21/22,Muscle injury,15/01/2022,25/01/2022,11 days,2
Jules Koundé,France,27-211,"1,80 m",,20/21,Corona virus,15/10/2020,27/10/2020,13 days,3
Maxence Lacroix,France,26-066,"1,90 m",,22/23,Shoulder injury,01/05/2023,10/07/2023,71 days,4
Maxence Lacroix,France,26-066,"1,90 m",,21/22,muscular problems,17/04/2022,23/04/2022,7 days,1
Maxence Lacroix,France,26-066,"1,90 m",,20/21,Corona virus,22/12/2020,31/12/2020,10 days,1
Mike Maignan,France,30-343,"1,91 m",,25/26,Calf problems,15/09/2025,22/09/2025,8 days,1
Mike Maignan,France,30-343,"1,91 m",,25/26,unknown injury,22/07/2025,25/07/2025,4 days,-
Mike Maignan,France,30-343,"1,91 m",,24/25,Head injury,11/04/2025,18/04/2025,8 days,-
Mike Maignan,France,30-343,"1,91 m",,24/25,unknown injury,02/12/2024,04/12/2024,3 days,1
Mike Maignan,France,30-343,"1,91 m",,23/24,Finger injury,23/05/2024,05/06/2024,14 days,1
Mike Maignan,France,30-343,"1,91 m",,23/24,Adductor injury,27/04/2024,17/05/2024,21 days,2
Mike Maignan,France,30-343,"1,91 m",,23/24,Muscle fatigue,13/04/2024,15/04/2024,3 days,1
Mike Maignan,France,30-343,"1,91 m",,23/24,Knee bruise,14/03/2024,16/03/2024,3 days,-
Mike Maignan,France,30-343,"1,91 m",,23/24,Thigh problems,19/09/2023,29/09/2023,11 days,2
Mike Maignan,France,30-343,"1,91 m",,22/23,Calf muscle tear,19/10/2022,24/02/2023,129 days,25
Mike Maignan,France,30-343,"1,91 m",,22/23,Calf injury,22/09/2022,19/10/2022,28 days,6
Mike Maignan,France,30-343,"1,91 m",,21/22,Wrist injury,12/10/2021,25/11/2021,45 days,11
Mike Maignan,France,30-343,"1,91 m",,15/16,Shoulder injury,07/12/2015,29/03/2016,114 days,28
Jean-Philippe Mateta,France,28-348,"1,92 m",,25/26,Knee problems,31/01/2026,09/03/2026,38 days,8
Jean-Philippe Mateta,France,28-348,"1,92 m",,24/25,Head injury,08/03/2025,29/03/2025,22 days,1
Jean-Philippe Mateta,France,28-348,"1,92 m",,19/20,Meniscus tear,30/07/2019,08/12/2019,132 days,15
Jean-Philippe Mateta,France,28-348,"1,92 m",,18/19,Ill,28/02/2019,01/03/2019,2 days,-
Kylian Mbappé,France,27-173,"1,80 m",,25/26,Torn muscle fiber,25/04/2026,11/05/2026,17 days,2
Kylian Mbappé,France,27-173,"1,80 m",,25/26,Knee problems,25/02/2026,16/03/2026,20 days,5
Kylian Mbappé,France,27-173,"1,80 m",,25/26,Knee problems,31/12/2025,09/01/2026,10 days,2
Kylian Mbappé,France,27-173,"1,80 m",,25/26,muscular problems,08/12/2025,12/12/2025,5 days,-
Kylian Mbappé,France,27-173,"1,80 m",,24/25,Stomach flu,18/06/2025,30/06/2025,13 days,3
Kylian Mbappé,France,27-173,"1,80 m",,24/25,Hamstring injury,12/12/2024,17/12/2024,6 days,1
Kylian Mbappé,France,27-173,"1,80 m",,24/25,Muscle injury,25/09/2024,30/09/2024,6 days,1
Kylian Mbappé,France,27-173,"1,80 m",,22/23,Hamstring injury,02/02/2023,12/02/2023,11 days,3
Kylian Mbappé,France,27-173,"1,80 m",,22/23,Adductor pain,05/08/2022,07/08/2022,3 days,1
Kylian Mbappé,France,27-173,"1,80 m",,21/22,infection,26/10/2021,02/11/2021,8 days,1
Kylian Mbappé,France,27-173,"1,80 m",,21/22,Calf injury,02/09/2021,10/09/2021,9 days,2
Kylian Mbappé,France,27-173,"1,80 m",,20/21,Calf injury,05/05/2021,11/05/2021,7 days,1
Kylian Mbappé,France,27-173,"1,80 m",,20/21,Calf injury,29/04/2021,03/05/2021,5 days,1
Kylian Mbappé,France,27-173,"1,80 m",,20/21,Thigh problems,01/11/2020,15/11/2020,15 days,4
Kylian Mbappé,France,27-173,"1,80 m",,20/21,Corona virus,07/09/2020,18/09/2020,12 days,4
Michael Olise,France,24-181,"1,84 m",,23/24,Hamstring injury,03/02/2024,03/04/2024,61 days,7
Michael Olise,France,24-181,"1,84 m",,22/23,Hamstring injury,26/06/2023,08/11/2023,136 days,13
Michael Olise,France,24-181,"1,84 m",,21/22,Inflammation of the sole of the foot,01/04/2022,13/04/2022,13 days,2
Michael Olise,France,24-181,"1,84 m",,20/21,Rest,14/09/2020,16/09/2020,3 days,1
Adrien Rabiot,France,31-069,"1,91 m",,25/26,Calf injury,16/10/2025,18/11/2025,34 days,7
Adrien Rabiot,France,31-069,"1,91 m",,24/25,Calf injury,21/03/2025,22/03/2025,2 days,-
Adrien Rabiot,France,31-069,"1,91 m",,23/24,Muscle fatigue,25/05/2024,31/05/2024,7 days,1
Adrien Rabiot,France,31-069,"1,91 m",,23/24,Foot injury,25/02/2024,16/03/2024,21 days,2
Adrien Rabiot,France,31-069,"1,91 m",,23/24,Calf problems,20/01/2024,01/02/2024,13 days,2
Adrien Rabiot,France,31-069,"1,91 m",,23/24,Thigh problems,08/01/2024,14/01/2024,7 days,1
Adrien Rabiot,France,31-069,"1,91 m",,23/24,bruise,14/12/2023,22/12/2023,9 days,1
Adrien Rabiot,France,31-069,"1,91 m",,23/24,Calf problems,22/07/2023,07/08/2023,17 days,-
Adrien Rabiot,France,31-069,"1,91 m",,22/23,Thigh problems,18/01/2023,21/01/2023,4 days,1
Adrien Rabiot,France,31-069,"1,91 m",,22/23,cold,12/12/2022,16/12/2022,5 days,1
Adrien Rabiot,France,31-069,"1,91 m",,22/23,Calf problems,11/09/2022,27/09/2022,17 days,5
Adrien Rabiot,France,31-069,"1,91 m",,22/23,Thigh problems,02/09/2022,05/09/2022,4 days,1
Adrien Rabiot,France,31-069,"1,91 m",,21/22,Quarantine,23/10/2021,25/10/2021,3 days,1
Adrien Rabiot,France,31-069,"1,91 m",,21/22,Corona virus,09/10/2021,22/10/2021,14 days,3
Adrien Rabiot,France,31-069,"1,91 m",,21/22,Ankle problems,23/09/2021,29/09/2021,7 days,1
Robin Risser,France,21-191,"1,93 m",,25/26,Head injury,15/11/2025,18/11/2025,4 days,1
William Saliba,France,25-079,"1,92 m",,25/26,Ankle injury,23/03/2026,01/04/2026,10 days,2
William Saliba,France,25-079,"1,92 m",,25/26,Ankle sprain,02/03/2026,09/03/2026,8 days,2
William Saliba,France,25-079,"1,92 m",,25/26,Ill,09/02/2026,14/02/2026,6 days,1
William Saliba,France,25-079,"1,92 m",,25/26,Knock,29/11/2025,13/12/2025,15 days,4
William Saliba,France,25-079,"1,92 m",,25/26,Ankle injury,31/08/2025,15/09/2025,16 days,3
William Saliba,France,25-079,"1,92 m",,24/25,Hamstring injury,17/01/2025,24/01/2025,8 days,2
William Saliba,France,25-079,"1,92 m",,23/24,Toe injury,09/10/2023,19/10/2023,11 days,2
William Saliba,France,25-079,"1,92 m",,22/23,Back injury,16/03/2023,20/06/2023,97 days,15
William Saliba,France,25-079,"1,92 m",,19/20,Metatarsal fracture,04/11/2019,20/01/2020,78 days,15
William Saliba,France,25-079,"1,92 m",,18/19,Hamstring injury,23/05/2019,28/09/2019,129 days,9
Brice Samba,France,32-047,"1,87 m",,24/25,Injury to the ankle,20/12/2024,30/12/2024,11 days,1
Aurélien Tchouaméni,France,26-135,"1,88 m",,25/26,Muscle strain,22/04/2026,01/05/2026,10 days,1
Aurélien Tchouaméni,France,26-135,"1,88 m",,25/26,Hamstring injury,06/11/2025,25/11/2025,20 days,4
Aurélien Tchouaméni,France,26-135,"1,88 m",,24/25,Leg injury,17/01/2025,20/01/2025,4 days,1
Aurélien Tchouaméni,France,26-135,"1,88 m",,24/25,Ankle sprain,06/11/2024,02/12/2024,27 days,6
Aurélien Tchouaméni,France,26-135,"1,88 m",,24/25,Foot injury,02/09/2024,16/09/2024,15 days,3
Aurélien Tchouaméni,France,26-135,"1,88 m",,23/24,Foot injury,08/05/2024,29/05/2024,22 days,4
Aurélien Tchouaméni,France,26-135,"1,88 m",,23/24,fatigue fracture,28/10/2023,14/12/2023,48 days,10
Aurélien Tchouaméni,France,26-135,"1,88 m",,22/23,flu,18/02/2023,20/02/2023,3 days,1
Aurélien Tchouaméni,France,26-135,"1,88 m",,22/23,Muscle injury,09/01/2023,01/02/2023,24 days,6
Aurélien Tchouaméni,France,26-135,"1,88 m",,22/23,Muscle injury,30/10/2022,04/11/2022,6 days,2
Aurélien Tchouaméni,France,26-135,"1,88 m",,21/22,Groin injury,30/12/2021,06/01/2022,8 days,1
Aurélien Tchouaméni,France,26-135,"1,88 m",,20/21,Ankle injury,01/04/2021,05/04/2021,5 days,1
Marcus Thuram,France,28-309,"1,92 m",,25/26,Muscle fatigue,10/05/2026,12/05/2026,3 days,-
Marcus Thuram,France,28-309,"1,92 m",,25/26,flu,06/03/2026,10/03/2026,5 days,1
Marcus Thuram,France,28-309,"1,92 m",,25/26,Hamstring muscle injury,01/10/2025,03/11/2025,34 days,8
Marcus Thuram,France,28-309,"1,92 m",,24/25,Muscle fatigue,18/06/2025,28/06/2025,11 days,2
Marcus Thuram,France,28-309,"1,92 m",,24/25,Adductor pain,18/04/2025,28/04/2025,11 days,3
Marcus Thuram,France,28-309,"1,92 m",,24/25,Ankle problems,17/03/2025,27/03/2025,11 days,2
Marcus Thuram,France,28-309,"1,92 m",,24/25,Ankle problems,17/02/2025,26/02/2025,10 days,2
Marcus Thuram,France,28-309,"1,92 m",,24/25,Muscle fatigue,02/01/2025,09/01/2025,8 days,-
Marcus Thuram,France,28-309,"1,92 m",,23/24,Adductor injury,20/02/2024,03/03/2024,13 days,2
Marcus Thuram,France,28-309,"1,92 m",,22/23,Torn muscle fiber,24/04/2023,12/05/2023,19 days,2
Marcus Thuram,France,28-309,"1,92 m",,22/23,muscular problems,13/02/2023,16/02/2023,4 days,-
Marcus Thuram,France,28-309,"1,92 m",,22/23,Knee problems,15/01/2023,24/01/2023,10 days,1
Marcus Thuram,France,28-309,"1,92 m",,22/23,Stomach flu,13/11/2022,16/11/2022,4 days,-
Marcus Thuram,France,28-309,"1,92 m",,22/23,Calf problems,26/09/2022,29/09/2022,4 days,-
Marcus Thuram,France,28-309,"1,92 m",,21/22,muscular problems,11/04/2022,12/05/2022,32 days,4
Dayot Upamecano,France,27-227,"1,86 m",,25/26,Ill,21/01/2026,26/01/2026,6 days,2
Dayot Upamecano,France,27-227,"1,86 m",,24/25,Cartilage damage,26/03/2025,09/06/2025,76 days,12
Dayot Upamecano,France,27-227,"1,86 m",,24/25,Rest,07/03/2025,09/03/2025,3 days,1
Dayot Upamecano,France,27-227,"1,86 m",,24/25,Hip problems,20/02/2025,26/02/2025,7 days,1
Dayot Upamecano,France,27-227,"1,86 m",,24/25,Pelvic contusion,23/01/2025,28/01/2025,6 days,1
Dayot Upamecano,France,27-227,"1,86 m",,24/25,Thigh problems,29/10/2024,31/10/2024,3 days,1
Dayot Upamecano,France,27-227,"1,86 m",,24/25,Hamstring injury,06/10/2024,16/10/2024,11 days,2
Dayot Upamecano,France,27-227,"1,86 m",,23/24,Torn muscle fiber,25/01/2024,07/02/2024,14 days,2
Dayot Upamecano,France,27-227,"1,86 m",,23/24,Hamstring injury,09/10/2023,02/11/2023,25 days,6
Dayot Upamecano,France,27-227,"1,86 m",,23/24,Adductor pain,25/09/2023,29/09/2023,5 days,1
Dayot Upamecano,France,27-227,"1,86 m",,22/23,Torn muscle fiber,27/04/2023,08/05/2023,12 days,2
Dayot Upamecano,France,27-227,"1,86 m",,22/23,Toe injury,02/02/2023,06/02/2023,5 days,1
Dayot Upamecano,France,27-227,"1,86 m",,21/22,Corona virus,04/01/2022,11/01/2022,8 days,1
Dayot Upamecano,France,27-227,"1,86 m",,21/22,Hamstring injury,29/08/2021,09/09/2021,12 days,3
Dayot Upamecano,France,27-227,"1,86 m",,20/21,Muscle injury,15/03/2021,28/03/2021,14 days,3
Warren Zaïre-Emery,France,20-095,"1,78 m",,25/26,Back injury,09/05/2026,14/05/2026,6 days,2
Warren Zaïre-Emery,France,20-095,"1,78 m",,24/25,Ankle sprain,29/01/2025,24/02/2025,27 days,7
Warren Zaïre-Emery,France,20-095,"1,78 m",,25/26,Calf injury,07/09/2024,16/09/2024,10 days,3
Warren Zaïre-Emery,France,20-095,"1,78 m",,23/24,Ankle sprain,19/11/2023,06/12/2023,18 days,5
Warren Zaïre-Emery,France,20-095,"1,78 m",,23/24,Ankle injury,18/10/2023,24/10/2023,7 days,1
Nadiem Amiri,Germany,29-227,"1,80 m",,25/26,Fitness,09/04/2026,10/04/2026,2 days,1
Nadiem Amiri,Germany,29-227,"1,80 m",,25/26,Heel injury,26/02/2026,08/04/2026,42 days,9
Nadiem Amiri,Germany,29-227,"1,80 m",,25/26,Ill,17/01/2026,20/01/2026,4 days,1
Nadiem Amiri,Germany,29-227,"1,80 m",,25/26,muscular problems,10/12/2025,17/12/2025,8 days,2
Nadiem Amiri,Germany,29-227,"1,80 m",,25/26,Adductor pain,10/11/2025,19/11/2025,10 days,2
Nadiem Amiri,Germany,29-227,"1,80 m",,24/25,Adductor pain,30/05/2025,09/06/2025,11 days,2
Nadiem Amiri,Germany,29-227,"1,80 m",,24/25,Rest,04/01/2025,08/01/2025,5 days,-
Nadiem Amiri,Germany,29-227,"1,80 m",,21/22,unknown injury,12/02/2022,21/02/2022,10 days,2
Nadiem Amiri,Germany,29-227,"1,80 m",,21/22,Ill,18/12/2021,12/01/2022,26 days,2
Nadiem Amiri,Germany,29-227,"1,80 m",,20/21,Corona virus,26/01/2021,08/02/2021,14 days,3
Nadiem Amiri,Germany,29-227,"1,80 m",,20/21,Quarantine,03/08/2020,10/08/2020,8 days,1
Nadiem Amiri,Germany,29-227,"1,80 m",,19/20,Shoulder injury,04/03/2020,07/04/2020,35 days,2
Nadiem Amiri,Germany,29-227,"1,80 m",,18/19,Torn lateral ankle ligament,12/05/2019,16/06/2019,36 days,1
Nadiem Amiri,Germany,29-227,"1,80 m",,18/19,fatigue fracture,15/08/2018,27/11/2018,105 days,24
Nadiem Amiri,Germany,29-227,"1,80 m",,17/18,Foot bruise,23/03/2018,26/03/2018,4 days,-
Waldemar Anton,Germany,29-326,"1,89 m",,25/26,Ill,27/01/2026,29/01/2026,3 days,1
Waldemar Anton,Germany,29-326,"1,89 m",,25/26,Hamstring injury,11/12/2025,03/01/2026,24 days,2
Waldemar Anton,Germany,29-326,"1,89 m",,24/25,Ill,06/01/2025,13/01/2025,8 days,1
Waldemar Anton,Germany,29-326,"1,89 m",,24/25,Torn muscle fiber,01/12/2024,19/12/2024,19 days,3
Waldemar Anton,Germany,29-326,"1,89 m",,24/25,Thigh problems,26/10/2024,20/11/2024,26 days,6
Waldemar Anton,Germany,29-326,"1,89 m",,22/23,Laceration,10/10/2022,13/10/2022,4 days,-
Waldemar Anton,Germany,29-326,"1,89 m",,21/22,Corona virus,07/02/2022,17/02/2022,11 days,1
Waldemar Anton,Germany,29-326,"1,89 m",,21/22,Corona virus,04/10/2021,25/10/2021,22 days,2
Waldemar Anton,Germany,29-326,"1,89 m",,21/22,cold,02/08/2021,09/08/2021,8 days,1
Waldemar Anton,Germany,29-326,"1,89 m",,20/21,Outer ligament problems,12/10/2020,26/10/2020,15 days,2
Waldemar Anton,Germany,29-326,"1,89 m",,19/20,Quarantine,12/03/2020,26/03/2020,15 days,-
Waldemar Anton,Germany,29-326,"1,89 m",,17/18,Hamstring injury,02/04/2018,03/05/2018,32 days,4
Waldemar Anton,Germany,29-326,"1,89 m",,17/18,influenza,15/02/2018,22/02/2018,8 days,1
Waldemar Anton,Germany,29-326,"1,89 m",,17/18,Knee problems,04/12/2017,07/12/2017,4 days,-
Waldemar Anton,Germany,29-326,"1,89 m",,17/18,Rest,30/11/2017,30/11/2017,1 days,-
Oliver Baumann,Germany,36-009,"1,87 m",,24/25,concussion,27/04/2025,08/05/2025,12 days,1
Oliver Baumann,Germany,36-009,"1,87 m",,24/25,Foot injury,24/01/2025,28/02/2025,36 days,6
Oliver Baumann,Germany,36-009,"1,87 m",,21/22,Ill,25/11/2021,02/12/2021,8 days,1
Oliver Baumann,Germany,36-009,"1,87 m",,21/22,unknown injury,03/08/2021,10/08/2021,8 days,1
Oliver Baumann,Germany,36-009,"1,87 m",,20/21,Inflammation of pubic bone,10/05/2021,30/06/2021,52 days,2
Oliver Baumann,Germany,36-009,"1,87 m",,20/21,Rest,10/12/2020,10/12/2020,1 days,-
Oliver Baumann,Germany,36-009,"1,87 m",,20/21,Quarantine,11/11/2020,16/11/2020,6 days,-
Oliver Baumann,Germany,36-009,"1,87 m",,20/21,Stomach problems,24/10/2020,26/10/2020,3 days,1
Oliver Baumann,Germany,36-009,"1,87 m",,19/20,Meniscus injury,08/01/2020,11/02/2020,35 days,5
Oliver Baumann,Germany,36-009,"1,87 m",,17/18,Rest,10/08/2017,14/08/2017,5 days,1
Oliver Baumann,Germany,36-009,"1,87 m",,09/10,influenza,17/12/2009,21/12/2009,5 days,1
Maximilian Beier,Germany,23-237,"1,85 m",,25/26,muscle stiffness,24/11/2025,01/12/2025,8 days,2
Maximilian Beier,Germany,23-237,"1,85 m",,24/25,Ankle injury,21/04/2025,05/06/2025,46 days,5
Maximilian Beier,Germany,23-237,"1,85 m",,24/25,Knee problems,08/12/2024,13/12/2024,6 days,1
Maximilian Beier,Germany,23-237,"1,85 m",,24/25,influenza,14/10/2024,17/10/2024,4 days,2
Maximilian Beier,Germany,23-237,"1,85 m",,23/24,Ill,08/12/2023,11/12/2023,4 days,1
Maximilian Beier,Germany,23-237,"1,85 m",,21/22,Corona virus,08/03/2022,15/03/2022,8 days,1
Maximilian Beier,Germany,23-237,"1,85 m",,20/21,Quarantine,11/11/2020,16/11/2020,6 days,-
Maximilian Beier,Germany,23-237,"1,85 m",,19/20,Meniscus injury,13/08/2020,20/08/2020,8 days,-
Nathaniel Brown,Germany,22-360,"1,76 m",,25/26,Ill,12/01/2026,14/01/2026,3 days,1
Nathaniel Brown,Germany,22-360,"1,76 m",,25/26,Hamstring injury,28/06/2025,17/08/2025,51 days,-
Nathaniel Brown,Germany,22-360,"1,76 m",,24/25,Ill,24/01/2025,01/02/2025,9 days,2
Nathaniel Brown,Germany,22-360,"1,76 m",,23/24,Knee problems,28/10/2023,30/10/2023,3 days,1
Nathaniel Brown,Germany,22-360,"1,76 m",,23/24,infection,20/09/2023,04/10/2023,15 days,2
Leon Goretzka,Germany,31-125,"1,89 m",,24/25,bruise,18/04/2025,23/04/2025,6 days,1
Leon Goretzka,Germany,31-125,"1,89 m",,24/25,Hamstring strain,26/01/2025,04/02/2025,10 days,2
Leon Goretzka,Germany,31-125,"1,89 m",,23/24,Ill,15/12/2023,22/12/2023,8 days,2
Leon Goretzka,Germany,31-125,"1,89 m",,23/24,muscular problems,10/11/2023,13/11/2023,4 days,1
Leon Goretzka,Germany,31-125,"1,89 m",,23/24,Broken hand,22/10/2023,02/11/2023,12 days,3
Leon Goretzka,Germany,31-125,"1,89 m",,22/23,Thigh problems,26/01/2023,31/01/2023,6 days,1
Leon Goretzka,Germany,31-125,"1,89 m",,22/23,Corona virus,19/09/2022,26/09/2022,8 days,1
Leon Goretzka,Germany,31-125,"1,89 m",,22/23,Knee surgery,18/07/2022,25/08/2022,39 days,4
Leon Goretzka,Germany,31-125,"1,89 m",,21/22,Fitness,21/03/2022,28/03/2022,8 days,1
Leon Goretzka,Germany,31-125,"1,89 m",,21/22,Hip problems,29/11/2021,14/03/2022,106 days,15
Leon Goretzka,Germany,31-125,"1,89 m",,21/22,cold,18/10/2021,25/10/2021,8 days,2
Leon Goretzka,Germany,31-125,"1,89 m",,21/22,Rest,23/08/2021,26/08/2021,4 days,1
Leon Goretzka,Germany,31-125,"1,89 m",,20/21,Torn muscle fiber,06/05/2021,17/06/2021,43 days,5
Leon Goretzka,Germany,31-125,"1,89 m",,20/21,strain,08/04/2021,15/04/2021,8 days,2
Leon Goretzka,Germany,31-125,"1,89 m",,20/21,Calf problems,11/02/2021,18/02/2021,8 days,2
Pascal Groß,Germany,34-361,"1,81 m",,24/25,Inner ligament injury,20/04/2025,02/05/2025,13 days,1
Pascal Groß,Germany,34-361,"1,81 m",,21/22,Corona virus,14/12/2021,25/12/2021,12 days,1
Pascal Groß,Germany,34-361,"1,81 m",,18/19,Hamstring injury,26/02/2019,16/04/2019,50 days,7
Pascal Groß,Germany,34-361,"1,81 m",,18/19,Ankle injury,01/09/2018,22/11/2018,83 days,8
Pascal Groß,Germany,34-361,"1,81 m",,15/16,cold,04/01/2016,06/01/2016,3 days,-
Pascal Groß,Germany,34-361,"1,81 m",,14/15,muscle stiffness,21/05/2015,26/05/2015,6 days,-
Kai Havertz,Germany,27-000,"1,93 m",,25/26,Muscle injury,25/04/2026,04/05/2026,10 days,2
Kai Havertz,Germany,27-000,"1,93 m",,25/26,Muscle injury,11/02/2026,27/02/2026,17 days,4
Kai Havertz,Germany,27-000,"1,93 m",,25/26,Rest,24/01/2026,26/01/2026,3 days,1
Kai Havertz,Germany,27-000,"1,93 m",,25/26,Rest,02/01/2026,09/01/2026,8 days,2
Kai Havertz,Germany,27-000,"1,93 m",,25/26,Knee injury,18/08/2025,29/12/2025,134 days,32
Kai Havertz,Germany,27-000,"1,93 m",,24/25,Hamstring injury,11/02/2025,16/05/2025,95 days,20
Kai Havertz,Germany,27-000,"1,93 m",,24/25,Ill,30/12/2024,06/01/2025,8 days,2
Kai Havertz,Germany,27-000,"1,93 m",,24/25,Knee problems,06/10/2024,21/10/2024,16 days,2
Kai Havertz,Germany,27-000,"1,93 m",,22/23,Knee injury,24/04/2023,01/05/2023,8 days,1
Kai Havertz,Germany,27-000,"1,93 m",,22/23,influenza,26/03/2023,29/03/2023,4 days,1
Kai Havertz,Germany,27-000,"1,93 m",,21/22,Corona virus,15/12/2021,28/12/2021,14 days,4
Kai Havertz,Germany,27-000,"1,93 m",,21/22,cold,03/09/2021,06/09/2021,4 days,1
Kai Havertz,Germany,27-000,"1,93 m",,20/21,Knock,01/02/2021,20/02/2021,20 days,4
Kai Havertz,Germany,27-000,"1,93 m",,20/21,Corona virus,03/11/2020,22/11/2020,20 days,6
Kai Havertz,Germany,27-000,"1,93 m",,19/20,muscular problems,06/06/2020,12/06/2020,7 days,2
Lennart Karl,Germany,18-109,"1,68 m",,25/26,Muscle tear,05/06/2026,,11 days,-
Lennart Karl,Germany,18-109,"1,68 m",,25/26,Muscle tear,10/04/2026,03/05/2026,24 days,7
Lennart Karl,Germany,18-109,"1,68 m",,24/25,Knock,09/02/2025,20/02/2025,12 days,5
Joshua Kimmich,Germany,31-123,"1,77 m",,25/26,Ankle problems,15/12/2025,15/01/2026,32 days,3
Joshua Kimmich,Germany,31-123,"1,77 m",,24/25,Tendon irritation,24/02/2025,04/03/2025,9 days,1
Joshua Kimmich,Germany,31-123,"1,77 m",,23/24,Shoulder injury,25/01/2024,07/02/2024,14 days,2
Joshua Kimmich,Germany,31-123,"1,77 m",,23/24,Ill,15/12/2023,22/12/2023,8 days,2
Joshua Kimmich,Germany,31-123,"1,77 m",,23/24,Ill,13/10/2023,19/10/2023,7 days,2
Joshua Kimmich,Germany,31-123,"1,77 m",,23/24,muscular problems,12/09/2023,14/09/2023,3 days,-
Joshua Kimmich,Germany,31-123,"1,77 m",,22/23,Corona virus,01/10/2022,06/10/2022,6 days,1
Joshua Kimmich,Germany,31-123,"1,77 m",,21/22,Fitness,09/12/2021,03/01/2022,26 days,3
Joshua Kimmich,Germany,31-123,"1,77 m",,21/22,Corona virus,22/11/2021,09/12/2021,18 days,4
Joshua Kimmich,Germany,31-123,"1,77 m",,21/22,Quarantine,08/11/2021,22/11/2021,15 days,3
Joshua Kimmich,Germany,31-123,"1,77 m",,20/21,influenza,18/03/2021,22/03/2021,5 days,1
Joshua Kimmich,Germany,31-123,"1,77 m",,20/21,Meniscus damage,05/11/2020,21/12/2020,47 days,11
Joshua Kimmich,Germany,31-123,"1,77 m",,17/18,bruise,22/02/2018,26/02/2018,5 days,1
Joshua Kimmich,Germany,31-123,"1,77 m",,17/18,Back problems,08/01/2018,11/01/2018,4 days,-
Joshua Kimmich,Germany,31-123,"1,77 m",,17/18,Stomach problems,02/11/2017,02/11/2017,1 days,-
Jamie Leweling,Germany,25-105,"1,85 m",,25/26,muscular problems,19/03/2026,31/03/2026,13 days,4
Jamie Leweling,Germany,25-105,"1,85 m",,25/26,Adductor pain,07/10/2025,22/10/2025,16 days,3
Jamie Leweling,Germany,25-105,"1,85 m",,24/25,muscular problems,14/04/2025,23/04/2025,10 days,1
Jamie Leweling,Germany,25-105,"1,85 m",,24/25,Fitness,17/12/2024,23/12/2024,7 days,1
Jamie Leweling,Germany,25-105,"1,85 m",,24/25,Hamstring injury,02/11/2024,17/12/2024,46 days,11
Jamie Leweling,Germany,25-105,"1,85 m",,21/22,Outer ligament tear,04/06/2022,04/07/2022,31 days,1
Jamie Leweling,Germany,25-105,"1,85 m",,21/22,Corona virus,21/04/2022,25/04/2022,5 days,1
Jamie Leweling,Germany,25-105,"1,85 m",,19/20,Syndesmosis ligament tear,17/02/2020,06/04/2020,50 days,3
Jamal Musiala,Germany,23-105,"1,84 m",,25/26,Ankle problems,11/03/2026,01/04/2026,22 days,5
Jamal Musiala,Germany,23-105,"1,84 m",,25/26,Fitness,27/12/2025,15/01/2026,20 days,2
Jamal Musiala,Germany,23-105,"1,84 m",,25/26,Broken fibula,06/07/2025,26/12/2025,174 days,31
Jamal Musiala,Germany,23-105,"1,84 m",,24/25,Torn muscle bundle,05/04/2025,14/06/2025,71 days,10
Jamal Musiala,Germany,23-105,"1,84 m",,24/25,influenza,06/01/2025,12/01/2025,7 days,1
Jamal Musiala,Germany,23-105,"1,84 m",,24/25,Hip problems,04/10/2024,22/10/2024,19 days,4
Jamal Musiala,Germany,23-105,"1,84 m",,23/24,Knee problems,09/05/2024,26/05/2024,18 days,2
Jamal Musiala,Germany,23-105,"1,84 m",,23/24,Rest,03/05/2024,05/05/2024,3 days,1
Jamal Musiala,Germany,23-105,"1,84 m",,23/24,Tendon irritation,26/04/2024,29/04/2024,4 days,1
Jamal Musiala,Germany,23-105,"1,84 m",,23/24,minor knock,18/04/2024,21/04/2024,4 days,1
Jamal Musiala,Germany,23-105,"1,84 m",,23/24,Hamstring injury,09/11/2023,04/12/2023,26 days,5
Jamal Musiala,Germany,23-105,"1,84 m",,23/24,Torn muscle fiber,23/08/2023,08/09/2023,17 days,2
Jamal Musiala,Germany,23-105,"1,84 m",,22/23,Hamstring injury,20/03/2023,31/03/2023,12 days,2
Jamal Musiala,Germany,23-105,"1,84 m",,22/23,Corona virus,10/10/2022,13/10/2022,4 days,1
Jamal Musiala,Germany,23-105,"1,84 m",,22/23,laceration wound,19/09/2022,22/09/2022,4 days,-
Manuel Neuer,Germany,40-076,"1,93 m",,25/26,Calf problems,16/05/2026,08/06/2026,24 days,3
Manuel Neuer,Germany,40-076,"1,93 m",,25/26,Muscle fiber tear,06/03/2026,29/03/2026,24 days,5
Manuel Neuer,Germany,40-076,"1,93 m",,25/26,Torn muscle fiber,14/02/2026,01/03/2026,16 days,2
Manuel Neuer,Germany,40-076,"1,93 m",,25/26,Fitness,05/01/2026,07/01/2026,3 days,-
Manuel Neuer,Germany,40-076,"1,93 m",,25/26,Torn muscle fiber,15/12/2025,04/01/2026,21 days,1
Manuel Neuer,Germany,40-076,"1,93 m",,24/25,Torn muscle fiber,06/03/2025,30/04/2025,56 days,12
Manuel Neuer,Germany,40-076,"1,93 m",,24/25,Rib fracture,06/12/2024,31/12/2024,26 days,4
Manuel Neuer,Germany,40-076,"1,93 m",,24/25,Thigh problems,18/09/2024,26/09/2024,9 days,1
Manuel Neuer,Germany,40-076,"1,93 m",,23/24,infection,27/05/2024,31/05/2024,5 days,-
Manuel Neuer,Germany,40-076,"1,93 m",,23/24,Torn muscle fiber,20/03/2024,08/04/2024,20 days,4
Manuel Neuer,Germany,40-076,"1,93 m",,23/24,Fitness,18/10/2023,25/10/2023,8 days,3
Manuel Neuer,Germany,40-076,"1,93 m",,22/23,Lower leg fracture,10/12/2022,17/10/2023,312 days,44
Manuel Neuer,Germany,40-076,"1,93 m",,22/23,Shoulder joint contusion,10/10/2022,03/11/2022,25 days,7
Manuel Neuer,Germany,40-076,"1,93 m",,22/23,Corona virus,19/09/2022,26/09/2022,8 days,1
Manuel Neuer,Germany,40-076,"1,93 m",,21/22,Knee surgery,03/02/2022,07/03/2022,33 days,5
Felix Nmecha,Germany,25-244,"1,90 m",,25/26,Torn lateral knee ligament,22/03/2026,06/05/2026,46 days,7
Felix Nmecha,Germany,25-244,"1,90 m",,24/25,Ligament injury,25/01/2025,02/04/2025,68 days,15
Felix Nmecha,Germany,25-244,"1,90 m",,23/24,Fitness,28/02/2024,06/03/2024,8 days,1
Felix Nmecha,Germany,25-244,"1,90 m",,23/24,Hip problems,13/11/2023,27/02/2024,107 days,18
Felix Nmecha,Germany,25-244,"1,90 m",,23/24,muscular problems,28/10/2023,30/10/2023,3 days,1
Felix Nmecha,Germany,25-244,"1,90 m",,23/24,Ankle problems,09/08/2023,18/08/2023,10 days,1
Felix Nmecha,Germany,25-244,"1,90 m",,22/23,Thigh problems,23/01/2023,01/02/2023,10 days,2
Felix Nmecha,Germany,25-244,"1,90 m",,21/22,Fitness,09/08/2021,19/08/2021,11 days,1
Felix Nmecha,Germany,25-244,"1,90 m",,19/20,unknown injury,01/07/2019,31/10/2019,123 days,12
Alexander Nübel,Germany,29-254,"1,93 m",,25/26,Elbow injury,08/08/2025,19/08/2025,12 days,1
Alexander Nübel,Germany,29-254,"1,93 m",,24/25,cold,27/01/2025,30/01/2025,4 days,1
Alexander Nübel,Germany,29-254,"1,93 m",,23/24,muscular problems,07/04/2024,19/04/2024,13 days,1
Alexander Nübel,Germany,29-254,"1,93 m",,23/24,Hip problems,07/02/2024,26/02/2024,20 days,3
Alexander Nübel,Germany,29-254,"1,93 m",,21/22,Head injury,27/01/2022,01/02/2022,6 days,1
Alexander Nübel,Germany,29-254,"1,93 m",,21/22,Stomach problems,16/08/2021,20/08/2021,5 days,1
Alexander Nübel,Germany,29-254,"1,93 m",,20/21,Syndesmosis ligament tear,28/01/2021,11/03/2021,43 days,9
Assan Ouédraogo,Germany,20-033,"1,91 m",,25/26,Knee injury,15/01/2026,31/03/2026,76 days,14
Assan Ouédraogo,Germany,20-033,"1,91 m",,25/26,Knee injury,24/11/2025,02/01/2026,40 days,5
Assan Ouédraogo,Germany,20-033,"1,91 m",,24/25,Fitness,15/04/2025,28/04/2025,14 days,2
Assan Ouédraogo,Germany,20-033,"1,91 m",,24/25,Hamstring injury,27/11/2024,15/04/2025,140 days,27
Assan Ouédraogo,Germany,20-033,"1,91 m",,24/25,Knee injury,07/08/2024,01/11/2024,87 days,13
Assan Ouédraogo,Germany,20-033,"1,91 m",,23/24,Ankle injury,14/05/2024,30/06/2024,48 days,1
Assan Ouédraogo,Germany,20-033,"1,91 m",,23/24,Adductor pain,12/04/2024,24/04/2024,13 days,2
Assan Ouédraogo,Germany,20-033,"1,91 m",,23/24,Fitness,20/02/2024,03/03/2024,13 days,2
Assan Ouédraogo,Germany,20-033,"1,91 m",,23/24,Syndesmotic ligament tear,16/11/2023,19/02/2024,96 days,10
Assan Ouédraogo,Germany,20-033,"1,91 m",,23/24,Hamstring injury,31/10/2023,11/11/2023,12 days,3
Assan Ouédraogo,Germany,20-033,"1,91 m",,22/23,unknown injury,20/02/2023,28/04/2023,68 days,7
Aleksandar Pavlovic,Germany,22-039,"1,88 m",,25/26,Hip problems,20/03/2026,02/04/2026,14 days,3
Aleksandar Pavlovic,Germany,22-039,"1,88 m",,25/26,Ill,21/12/2025,23/12/2025,3 days,1
Aleksandar Pavlovic,Germany,22-039,"1,88 m",,25/26,Fracture of the eye socket,01/08/2025,19/08/2025,19 days,1
Aleksandar Pavlovic,Germany,22-039,"1,88 m",,24/25,Mononucleation,25/02/2025,09/04/2025,44 days,10
Aleksandar Pavlovic,Germany,22-039,"1,88 m",,24/25,Broken collarbone,20/10/2024,24/11/2024,36 days,9
Aleksandar Pavlovic,Germany,22-039,"1,88 m",,24/25,Fitness,12/07/2024,24/07/2024,13 days,-
Aleksandar Pavlovic,Germany,22-039,"1,88 m",,23/24,Tonsillitis,10/06/2024,30/06/2024,21 days,4
Aleksandar Pavlovic,Germany,22-039,"1,88 m",,23/24,Ligament stretching,18/05/2024,27/05/2024,10 days,-
Aleksandar Pavlovic,Germany,22-039,"1,88 m",,23/24,Ill,05/04/2024,08/04/2024,4 days,1
Aleksandar Pavlovic,Germany,22-039,"1,88 m",,23/24,Tonsillitis,18/03/2024,02/04/2024,16 days,1
Aleksandar Pavlovic,Germany,22-039,"1,88 m",,23/24,Hip problems,17/02/2024,20/02/2024,4 days,1
Aleksandar Pavlovic,Germany,22-039,"1,88 m",,21/22,Hamstring injury,02/10/2021,29/11/2021,59 days,9
David Raum,Germany,28-050,"1,81 m",,25/26,Groin problems,20/04/2026,29/04/2026,10 days,1
David Raum,Germany,28-050,"1,81 m",,24/25,Hamstring injury,11/04/2025,24/04/2025,14 days,2
David Raum,Germany,28-050,"1,81 m",,24/25,Ankle injury,07/10/2024,11/12/2024,66 days,17
David Raum,Germany,28-050,"1,81 m",,23/24,muscular problems,20/05/2024,26/05/2024,7 days,-
David Raum,Germany,28-050,"1,81 m",,21/22,Ankle injury,29/10/2021,03/11/2021,6 days,1
David Raum,Germany,28-050,"1,81 m",,18/19,Knee problems,12/04/2019,16/04/2019,5 days,1
David Raum,Germany,28-050,"1,81 m",,18/19,cold,19/02/2019,27/02/2019,9 days,1
David Raum,Germany,28-050,"1,81 m",,18/19,flu,07/02/2019,12/02/2019,6 days,1
Antonio Rüdiger,Germany,33-100,"1,90 m",,25/26,Knee injury,09/01/2026,03/02/2026,26 days,6
Antonio Rüdiger,Germany,33-100,"1,90 m",,25/26,Hamstring injury,12/09/2025,28/11/2025,78 days,19
Antonio Rüdiger,Germany,33-100,"1,90 m",,24/25,Tear of the lateral meniscus,27/04/2025,20/06/2025,55 days,8
Antonio Rüdiger,Germany,33-100,"1,90 m",,24/25,flu,08/03/2025,12/03/2025,5 days,1
Antonio Rüdiger,Germany,33-100,"1,90 m",,24/25,Muscle injury,02/02/2025,18/02/2025,17 days,4
Antonio Rüdiger,Germany,33-100,"1,90 m",,23/24,Muscle strain,24/06/2024,28/06/2024,5 days,-
Antonio Rüdiger,Germany,33-100,"1,90 m",,23/24,Hamstring injury,02/02/2024,19/02/2024,18 days,4
Antonio Rüdiger,Germany,33-100,"1,90 m",,22/23,Knee problems,22/03/2023,05/04/2023,15 days,3
Antonio Rüdiger,Germany,33-100,"1,90 m",,22/23,Hip injury,05/11/2022,17/11/2022,13 days,3
Antonio Rüdiger,Germany,33-100,"1,90 m",,21/22,Groin injury,14/04/2022,28/04/2022,15 days,2
Antonio Rüdiger,Germany,33-100,"1,90 m",,21/22,Back problems,09/10/2021,20/10/2021,12 days,2
Antonio Rüdiger,Germany,33-100,"1,90 m",,20/21,Facial injury,28/04/2021,03/05/2021,6 days,1
Antonio Rüdiger,Germany,33-100,"1,90 m",,19/20,Groin injury,12/09/2019,12/12/2019,92 days,22
Antonio Rüdiger,Germany,33-100,"1,90 m",,19/20,Knock,19/08/2019,16/09/2019,29 days,5
Antonio Rüdiger,Germany,33-100,"1,90 m",,18/19,Knee injury,15/07/2019,12/08/2019,29 days,1
Leroy Sané,Germany,30-151,"1,83 m",,25/26,Torn lateral ankle ligament,28/01/2026,14/02/2026,18 days,4
Leroy Sané,Germany,30-151,"1,83 m",,25/26,Rest,12/01/2026,14/01/2026,3 days,1
Leroy Sané,Germany,30-151,"1,83 m",,24/25,Fitness,04/08/2024,04/09/2024,32 days,3
Leroy Sané,Germany,30-151,"1,83 m",,24/25,Groin surgery,08/07/2024,18/08/2024,42 days,1
Leroy Sané,Germany,30-151,"1,83 m",,23/24,Fitness,01/06/2024,06/06/2024,6 days,1
Leroy Sané,Germany,30-151,"1,83 m",,23/24,Inflammation of pubic bone,21/05/2024,31/05/2024,11 days,-
Leroy Sané,Germany,30-151,"1,83 m",,23/24,Rest,09/05/2024,20/05/2024,12 days,2
Leroy Sané,Germany,30-151,"1,83 m",,23/24,Inflammation of pubic bone,18/04/2024,29/04/2024,12 days,2
Leroy Sané,Germany,30-151,"1,83 m",,23/24,Pubic bone irritation,10/04/2024,14/04/2024,5 days,1
Leroy Sané,Germany,30-151,"1,83 m",,23/24,Pubic bone irritation,04/04/2024,08/04/2024,5 days,1
Leroy Sané,Germany,30-151,"1,83 m",,23/24,Knee problems,27/02/2024,04/03/2024,7 days,1
Leroy Sané,Germany,30-151,"1,83 m",,22/23,Knee problems,21/11/2022,22/11/2022,2 days,-
Leroy Sané,Germany,30-151,"1,83 m",,22/23,Torn muscle fiber,17/10/2022,03/11/2022,18 days,5
Leroy Sané,Germany,30-151,"1,83 m",,21/22,Ill,07/05/2022,09/05/2022,3 days,1
Leroy Sané,Germany,30-151,"1,83 m",,21/22,Corona virus,03/01/2022,13/01/2022,11 days,1
Nico Schlotterbeck,Germany,26-192,"1,91 m",,25/26,muscular problems,15/02/2026,24/02/2026,10 days,2
Nico Schlotterbeck,Germany,26-192,"1,91 m",,25/26,Ill,30/10/2025,03/11/2025,5 days,1
Nico Schlotterbeck,Germany,26-192,"1,91 m",,25/26,Fitness,10/09/2025,18/09/2025,9 days,2
Nico Schlotterbeck,Germany,26-192,"1,91 m",,24/25,Meniscus tear,07/04/2025,09/09/2025,156 days,20
Nico Schlotterbeck,Germany,26-192,"1,91 m",,24/25,Ill,09/01/2025,14/01/2025,6 days,1
Nico Schlotterbeck,Germany,26-192,"1,91 m",,22/23,Hamstring injury,23/04/2023,05/05/2023,13 days,1
Nico Schlotterbeck,Germany,26-192,"1,91 m",,22/23,Torn muscle fiber,02/04/2023,20/04/2023,19 days,3
Nico Schlotterbeck,Germany,26-192,"1,91 m",,22/23,muscular problems,26/03/2023,29/03/2023,4 days,1
Nico Schlotterbeck,Germany,26-192,"1,91 m",,21/22,Corona virus,06/01/2022,17/01/2022,12 days,2
Nico Schlotterbeck,Germany,26-192,"1,91 m",,21/22,muscular problems,08/11/2021,22/11/2021,15 days,-
Nico Schlotterbeck,Germany,26-192,"1,91 m",,20/21,Hamstring injury,16/11/2020,11/01/2021,57 days,10
Nico Schlotterbeck,Germany,26-192,"1,91 m",,20/21,Torn muscle fiber,01/10/2020,16/11/2020,47 days,7
Angelo Stiller,Germany,25-068,"1,83 m",,25/26,Groin problems,21/01/2026,23/01/2026,3 days,1
Angelo Stiller,Germany,25-068,"1,83 m",,24/25,Ankle injury,25/05/2025,09/06/2025,16 days,2
Angelo Stiller,Germany,25-068,"1,83 m",,24/25,Ligament injury,12/05/2025,22/05/2025,11 days,1
Angelo Stiller,Germany,25-068,"1,83 m",,24/25,muscular problems,13/11/2024,21/11/2024,9 days,2
Angelo Stiller,Germany,25-068,"1,83 m",,22/23,Knee problems,25/04/2023,04/05/2023,10 days,1
Angelo Stiller,Germany,25-068,"1,83 m",,22/23,Pelvic contusion,02/03/2023,08/03/2023,7 days,1
Angelo Stiller,Germany,25-068,"1,83 m",,22/23,unknown injury,25/01/2023,02/02/2023,9 days,2
Angelo Stiller,Germany,25-068,"1,83 m",,22/23,Ligament tear,28/07/2022,18/08/2022,22 days,3
Angelo Stiller,Germany,25-068,"1,83 m",,21/22,Ill,10/02/2022,21/02/2022,12 days,2
Angelo Stiller,Germany,25-068,"1,83 m",,21/22,Shin bruise,28/10/2021,04/11/2021,8 days,-
Angelo Stiller,Germany,25-068,"1,83 m",,21/22,Ill,23/09/2021,27/09/2021,5 days,1
Angelo Stiller,Germany,25-068,"1,83 m",,18/19,Ankle ligament tear,03/01/2019,11/02/2019,40 days,1
Angelo Stiller,Germany,25-068,"1,83 m",,17/18,Muscle injury,05/03/2018,09/04/2018,36 days,3
Jonathan Tah,Germany,30-120,"1,95 m",,24/25,Ill,14/01/2025,16/01/2025,3 days,1
Jonathan Tah,Germany,30-120,"1,95 m",,21/22,infection,10/02/2022,14/02/2022,5 days,1
Jonathan Tah,Germany,30-120,"1,95 m",,19/20,Back problems,21/05/2020,25/05/2020,5 days,1
Jonathan Tah,Germany,30-120,"1,95 m",,19/20,influenza,07/10/2019,14/10/2019,8 days,2
Jonathan Tah,Germany,30-120,"1,95 m",,18/19,Ill,29/11/2018,06/12/2018,8 days,1
Jonathan Tah,Germany,30-120,"1,95 m",,17/18,Torn muscle fiber,23/04/2018,07/05/2018,15 days,2
Jonathan Tah,Germany,30-120,"1,95 m",,17/18,muscular problems,12/04/2018,16/04/2018,5 days,1
Jonathan Tah,Germany,30-120,"1,95 m",,17/18,influenza,15/02/2018,26/02/2018,12 days,2
Jonathan Tah,Germany,30-120,"1,95 m",,17/18,Bruised back,06/11/2017,16/11/2017,11 days,4
Jonathan Tah,Germany,30-120,"1,95 m",,17/18,Knee injury,04/09/2017,07/09/2017,4 days,2
Jonathan Tah,Germany,30-120,"1,95 m",,17/18,Adductor injury,12/06/2017,27/07/2017,46 days,10
Jonathan Tah,Germany,30-120,"1,95 m",,16/17,Rest,08/06/2017,08/06/2017,1 days,-
Jonathan Tah,Germany,30-120,"1,95 m",,16/17,muscular problems,01/05/2017,11/05/2017,11 days,1
Jonathan Tah,Germany,30-120,"1,95 m",,16/17,Torn muscle fiber,06/02/2017,27/04/2017,81 days,17
Jonathan Tah,Germany,30-120,"1,95 m",,16/17,influenza,01/12/2016,08/12/2016,8 days,1
Malick Thiaw,Germany,24-307,"1,94 m",,24/25,Hamstring muscle injury,14/01/2025,27/01/2025,14 days,3
Malick Thiaw,Germany,24-307,"1,94 m",,24/25,Ankle sprain,30/08/2024,20/09/2024,22 days,5
Malick Thiaw,Germany,24-307,"1,94 m",,23/24,Heel spur,05/04/2024,10/04/2024,6 days,1
Malick Thiaw,Germany,24-307,"1,94 m",,23/24,Hamstring muscle injury,28/11/2023,14/02/2024,79 days,14
Malick Thiaw,Germany,24-307,"1,94 m",,21/22,Knee problems,20/03/2022,29/03/2022,10 days,1
Malick Thiaw,Germany,24-307,"1,94 m",,21/22,Thigh problems,02/08/2021,12/08/2021,11 days,1
Malick Thiaw,Germany,24-307,"1,94 m",,21/22,Hamstring injury,02/08/2021,12/08/2021,11 days,1
Malick Thiaw,Germany,24-307,"1,94 m",,20/21,Quarantine,11/05/2021,23/05/2021,13 days,3
Deniz Undav,Germany,29-327,"1,79 m",,25/26,Inner knee ligament tear,31/08/2025,08/10/2025,39 days,8
Deniz Undav,Germany,29-327,"1,79 m",,24/25,Stomach problems,04/04/2025,08/04/2025,5 days,1
Deniz Undav,Germany,29-327,"1,79 m",,24/25,Fitness,17/12/2024,23/12/2024,7 days,1
Deniz Undav,Germany,29-327,"1,79 m",,24/25,Torn muscle fiber,20/11/2024,17/12/2024,28 days,7
Deniz Undav,Germany,29-327,"1,79 m",,24/25,Hamstring strain,07/11/2024,20/11/2024,14 days,3
Deniz Undav,Germany,29-327,"1,79 m",,23/24,Torn muscle fiber,18/02/2024,01/03/2024,13 days,1
Deniz Undav,Germany,29-327,"1,79 m",,23/24,Torn lateral knee ligament,09/08/2023,11/09/2023,34 days,4
Deniz Undav,Germany,29-327,"1,79 m",,17/18,Shin injury,04/08/2017,08/11/2017,97 days,14
Florian Wirtz,Germany,23-039,"1,77 m",,25/26,Stomach problems,07/05/2026,10/05/2026,4 days,1
Florian Wirtz,Germany,23-039,"1,77 m",,25/26,Back problems,21/02/2026,04/03/2026,12 days,3
Florian Wirtz,Germany,23-039,"1,77 m",,25/26,muscular problems,21/11/2025,28/11/2025,8 days,2
Florian Wirtz,Germany,23-039,"1,77 m",,24/25,Inner ligament injury,09/03/2025,07/04/2025,30 days,7
Florian Wirtz,Germany,23-039,"1,77 m",,24/25,Capsular injury,15/10/2024,17/10/2024,3 days,-
Florian Wirtz,Germany,23-039,"1,77 m",,23/24,bruise,10/05/2024,16/05/2024,7 days,1
Florian Wirtz,Germany,23-039,"1,77 m",,23/24,bruise,04/05/2024,08/05/2024,5 days,1
Florian Wirtz,Germany,23-039,"1,77 m",,23/24,muscular problems,29/11/2023,01/12/2023,3 days,1
Florian Wirtz,Germany,23-039,"1,77 m",,22/23,Stomach flu,22/04/2023,26/04/2023,5 days,1
Florian Wirtz,Germany,23-039,"1,77 m",,22/23,Rest,11/03/2023,13/03/2023,3 days,1
Florian Wirtz,Germany,23-039,"1,77 m",,22/23,muscular problems,10/03/2023,14/03/2023,5 days,1
Florian Wirtz,Germany,23-039,"1,77 m",,21/22,Cruciate ligament tear,14/03/2022,04/12/2022,266 days,43
Florian Wirtz,Germany,23-039,"1,77 m",,21/22,Hip flexor problems,04/11/2021,18/11/2021,15 days,3
Florian Wirtz,Germany,23-039,"1,77 m",,21/22,Adductor pain,05/08/2021,19/08/2021,15 days,2
Florian Wirtz,Germany,23-039,"1,77 m",,20/21,Adductor pain,12/04/2021,19/04/2021,8 days,1
Nick Woltemade,Germany,24-117,"1,98 m",,25/26,Ill,01/03/2026,06/03/2026,6 days,1
Nick Woltemade,Germany,24-117,"1,98 m",,24/25,Ill,03/02/2025,06/02/2025,4 days,1
Nick Woltemade,Germany,24-117,"1,98 m",,23/24,Back problems,17/08/2023,21/08/2023,5 days,1
Nick Woltemade,Germany,24-117,"1,98 m",,21/22,Foot surgery,07/10/2021,31/12/2021,86 days,13
Nick Woltemade,Germany,24-117,"1,98 m",,21/22,Back problems,08/07/2021,20/07/2021,13 days,-
Nick Woltemade,Germany,24-117,"1,98 m",,20/21,Outer ligament tear,01/04/2021,31/05/2021,61 days,10
Nick Woltemade,Germany,24-117,"1,98 m",,20/21,Virus,31/12/2020,01/02/2021,33 days,6
