Country,Category,Player,Pos,Age,90s,Standard_Gls,Standard_Sh,Standard_SoT,Standard_SoT%,Standard_Sh/90,Standard_SoT/90,Standard_G/Sh,Standard_G/SoT,Standard_PK,Standard_PKatt,Matches
Australia,world_cup,Patrick Beach,GK,22-312,1.0,0,0,0,,0.0,0.0,,,0,0,Matches
Australia,world_cup,Cameron Burgess,DF,30-236,1.0,0,0,0,,0.0,0.0,,,0,0,Matches
Australia,world_cup,Alessandro Circati,DF,22-247,1.0,0,1,0,0.0,1.0,0.0,0.0,,0,0,Matches
Australia,world_cup,Connor Metcalfe,MF,26-221,1.0,1,1,1,100.0,1.0,1.0,1.0,1.0,0,0,Matches
Australia,world_cup,Aiden O'Neill,MF,27-345,1.0,0,0,0,,0.0,0.0,,,0,0,Matches
Australia,world_cup,Harry Souttar,DF,27-235,1.0,0,1,1,100.0,1.0,1.0,0.0,0.0,0,0,Matches
Australia,world_cup,Jordy Bos,DF,23-228,0.9,0,2,0,0.0,2.17,0.0,0.0,,0,0,Matches
Australia,world_cup,Paul Okon-Engstler,MF,21-141,0.9,0,0,0,,0.0,0.0,,,0,0,Matches
Australia,world_cup,Jacob Italiano,DF,24-319,0.8,0,1,0,0.0,1.23,0.0,0.0,,0,0,Matches
Australia,world_cup,Mo Touré,FW,22-080,0.8,0,1,0,0.0,1.23,0.0,0.0,,0,0,Matches
Australia,world_cup,Nestory Irankunda,MF,20-125,0.7,1,2,2,100.0,3.0,3.0,0.5,0.5,0,0,Matches
Australia,world_cup,Nishan Velupillay,MF,25-038,0.3,0,0,0,,0.0,0.0,,,0,0,Matches
Australia,world_cup,Jason Geria,DF,33-035,0.2,0,0,0,,0.0,0.0,,,0,0,Matches
Australia,world_cup,Tete Yengi,FW,25-198,0.2,0,0,0,,0.0,0.0,,,0,0,Matches
Australia,world_cup,Aziz Behich,"DF,MF",35-180,0.1,0,0,0,,0.0,0.0,,,0,0,Matches
Australia,world_cup,Jackson Irvine,"DF,MF",33-099,0.1,0,0,0,,0.0,0.0,,,0,0,Matches
Australia,world_cup,Squad Total,,25.1,1.0,2,9,4,44.4,9.0,4.0,0.22,0.5,0,0,
Australia,world_cup,Opponent Total,,27.6,1.0,0,30,8,26.7,30.0,8.0,0.0,0.0,0,0,
Bosnia-Herzegovina,world_cup,Amar Dedić,DF,23-300,1.0,0,0,0,,0.0,0.0,,,0,0,Matches
Bosnia-Herzegovina,world_cup,Ermedin Demirović,FW,28-081,1.0,0,1,1,100.0,1.0,1.0,0.0,0.0,0,0,Matches
Bosnia-Herzegovina,world_cup,Nikola Katić,DF,29-247,1.0,0,0,0,,0.0,0.0,,,0,0,Matches
Bosnia-Herzegovina,world_cup,Tarik Muharemovic,DF,23-106,1.0,0,1,0,0.0,1.0,0.0,0.0,,0,0,Matches
Bosnia-Herzegovina,world_cup,Benjamin Tahirovic,MF,23-103,1.0,0,1,0,0.0,1.0,0.0,0.0,,0,0,Matches
Bosnia-Herzegovina,world_cup,Nikola Vasilj,GK,30-194,1.0,0,0,0,,0.0,0.0,,,0,0,Matches
Bosnia-Herzegovina,world_cup,Sead Kolašinac,DF,32-359,0.9,0,0,0,,0.0,0.0,,,0,0,Matches
Bosnia-Herzegovina,world_cup,Esmir Bajraktarevic,MF,21-096,0.8,0,0,0,,0.0,0.0,,,0,0,Matches
Bosnia-Herzegovina,world_cup,Amar Memić,MF,25-145,0.8,0,1,0,0.0,1.23,0.0,0.0,,0,0,Matches
Bosnia-Herzegovina,world_cup,Ivan Bašić,MF,24-045,0.7,0,0,0,,0.0,0.0,,,0,0,Matches
Bosnia-Herzegovina,world_cup,Jovo Lukić,FW,27-198,0.7,1,3,2,66.7,4.43,2.95,0.33,0.5,0,0,Matches
Bosnia-Herzegovina,world_cup,Samed Baždar,FW,22-134,0.3,0,0,0,,0.0,0.0,,,0,0,Matches
Bosnia-Herzegovina,world_cup,Armin Gigovic,MF,24-069,0.3,0,0,0,,0.0,0.0,,,0,0,Matches
Bosnia-Herzegovina,world_cup,Kerim Alajbegović,MF,18-266,0.2,0,0,0,,0.0,0.0,,,0,0,Matches
Bosnia-Herzegovina,world_cup,Ivan Šunjić,MF,29-248,0.2,0,0,0,,0.0,0.0,,,0,0,Matches
Bosnia-Herzegovina,world_cup,Dženis Burnić,MF,28-023,0.1,0,1,0,0.0,12.86,0.0,0.0,,0,0,Matches
Bosnia-Herzegovina,world_cup,Squad Total,,26.2,1.0,1,8,3,37.5,8.0,3.0,0.13,0.33,0,0,
Bosnia-Herzegovina,world_cup,Opponent Total,,27.3,1.0,1,13,4,30.8,13.0,4.0,0.08,0.25,0,0,
Brazil,world_cup,Alisson,GK,33-255,1.0,0,0,0,,0.0,0.0,,,0,0,Matches
Brazil,world_cup,Vinicius Júnior,FW,25-337,1.0,1,1,1,100.0,1.0,1.0,1.0,1.0,0,0,Matches
Brazil,world_cup,Gabriel Magalhães,DF,28-177,1.0,0,0,0,,0.0,0.0,,,0,0,Matches
Brazil,world_cup,Marquinhos,DF,32-031,1.0,0,2,0,0.0,2.0,0.0,0.0,,0,0,Matches
Brazil,world_cup,Raphinha,MF,29-182,1.0,0,2,1,50.0,2.0,1.0,0.0,0.0,0,0,Matches
Brazil,world_cup,Douglas Santos,DF,32-084,1.0,0,0,0,,0.0,0.0,,,0,0,Matches
Brazil,world_cup,Bruno Guimarães,MF,28-210,0.9,0,1,0,0.0,1.14,0.0,0.0,,0,0,Matches
Brazil,world_cup,Igor Thiago,FW,24-353,0.7,0,2,1,50.0,2.95,1.48,0.0,0.0,0,0,Matches
Brazil,world_cup,Lucas Paquetá,MF,28-291,0.7,0,2,1,50.0,3.0,1.5,0.0,0.0,0,0,Matches
Brazil,world_cup,Casemiro,MF,34-111,0.5,0,0,0,,0.0,0.0,,,0,0,Matches
Brazil,world_cup,Roger Ibanez,DF,27-203,0.5,0,0,0,,0.0,0.0,,,0,0,Matches
Brazil,world_cup,Danilo,"DF,MF",34-334,0.5,0,0,0,,0.0,0.0,,,0,0,Matches
Brazil,world_cup,Fabinho,"DF,MF",32-234,0.5,0,0,0,,0.0,0.0,,,0,0,Matches
Brazil,world_cup,Matheus Cunha,"FW,MF",27-018,0.3,0,0,0,,0.0,0.0,,,0,0,Matches
Brazil,world_cup,Luiz Henrique,"FW,MF",25-163,0.3,0,0,0,,0.0,0.0,,,0,0,Matches
Brazil,world_cup,Danilo Santos,MF,25-046,0.1,0,2,1,50.0,16.36,8.18,0.0,0.0,0,0,Matches
Brazil,world_cup,Squad Total,,29.8,1.0,1,12,5,41.7,12.0,5.0,0.08,0.2,0,0,
Brazil,world_cup,Opponent Total,,25.8,1.0,1,14,3,21.4,14.0,3.0,0.07,0.33,0,0,
Canada,world_cup,Derek Cornelius,DF,28-201,1.0,0,1,0,0.0,1.0,0.0,0.0,,0,0,Matches
Canada,world_cup,Maxime Crépeau,GK,32-034,1.0,0,0,0,,0.0,0.0,,,0,0,Matches
Canada,world_cup,Luc De Fougerolles,DF,20-245,1.0,0,0,0,,0.0,0.0,,,0,0,Matches
Canada,world_cup,Alistair Johnston,DF,27-249,1.0,0,1,0,0.0,1.0,0.0,0.0,,0,0,Matches
Canada,world_cup,Ismaël Koné,MF,23-363,1.0,0,1,0,0.0,1.0,0.0,0.0,,0,0,Matches
Canada,world_cup,Richie Laryea,DF,31-158,1.0,0,1,1,100.0,1.0,1.0,0.0,0.0,0,0,Matches
Canada,world_cup,Stephen Eustáquio,MF,29-175,1.0,0,1,0,0.0,1.01,0.0,0.0,,0,0,Matches
Canada,world_cup,Tani Oluwaseyi,FW,26-030,0.8,0,2,1,50.0,2.4,1.2,0.0,0.0,0,0,Matches
Canada,world_cup,Tajon Buchanan,MF,27-126,0.7,0,0,0,,0.0,0.0,,,0,0,Matches
Canada,world_cup,Jonathan David,FW,26-151,0.7,0,3,1,33.3,4.5,1.5,0.0,0.0,0,0,Matches
Canada,world_cup,Liam Millar,MF,26-260,0.7,0,0,0,,0.0,0.0,,,0,0,Matches
Canada,world_cup,Ali Ahmed,MF,25-247,0.3,0,0,0,,0.0,0.0,,,0,0,Matches
Canada,world_cup,Promise David,FW,24-346,0.3,0,1,0,0.0,3.0,0.0,0.0,,0,0,Matches
Canada,world_cup,Jacob Shaffelburg,MF,26-200,0.3,0,0,0,,0.0,0.0,,,0,0,Matches
Canada,world_cup,Cyle Larin,"FW,MF",31-058,0.2,1,2,1,50.0,12.0,6.0,0.5,1.0,0,0,Matches
Canada,world_cup,Jonathan Osorio,MF,34-002,0.0,0,0,0,,0.0,0.0,,,0,0,Matches
Canada,world_cup,Squad Total,,27.3,1.0,1,13,4,30.8,13.0,4.0,0.08,0.25,0,0,
Canada,world_cup,Opponent Total,,26.2,1.0,1,8,3,37.5,8.0,3.0,0.13,0.33,0,0,
Czechia,world_cup,Štěpán Chaloupek,DF,23-098,1.0,0,0,0,,0.0,0.0,,,0,0,Matches
Czechia,world_cup,Vladimír Coufal,MF,33-296,1.0,0,0,0,,0.0,0.0,,,0,0,Matches
Czechia,world_cup,Robin Hranáč,DF,26-136,1.0,0,0,0,,0.0,0.0,,,0,0,Matches
Czechia,world_cup,Matej Kovar,GK,26-028,1.0,0,0,0,,0.0,0.0,,,0,0,Matches
Czechia,world_cup,Ladislav Krejčí,DF,27-055,1.0,1,1,1,100.0,1.0,1.0,1.0,1.0,0,0,Matches
Czechia,world_cup,Tomáš Souček,MF,31-107,1.0,0,1,0,0.0,1.0,0.0,0.0,,0,0,Matches
Czechia,world_cup,Jaroslav Zelený,MF,33-298,1.0,0,0,0,,0.0,0.0,,,0,0,Matches
Czechia,world_cup,Alexandr Sojka,MF,23-073,0.9,0,0,0,,0.0,0.0,,,0,0,Matches
Czechia,world_cup,Lukáš Provod,FW,29-234,0.7,0,0,0,,0.0,0.0,,,0,0,Matches
Czechia,world_cup,Patrik Schick,FW,30-141,0.7,0,0,0,,0.0,0.0,,,0,0,Matches
Czechia,world_cup,Pavel Šulc,FW,25-167,0.7,0,1,0,0.0,1.43,0.0,0.0,,0,0,Matches
Czechia,world_cup,Tomáš Chorý,FW,31-139,0.3,0,0,0,,0.0,0.0,,,0,0,Matches
Czechia,world_cup,Adam Hložek,"FW,MF",23-324,0.3,0,2,1,50.0,6.67,3.33,0.0,0.0,0,0,Matches
Czechia,world_cup,Michal Sadílek,"DF,FW",27-014,0.3,0,2,2,100.0,6.67,6.67,0.0,0.0,0,0,Matches
Czechia,world_cup,Mojmír Chytil,FW,27-046,0.1,0,0,0,,0.0,0.0,,,0,0,Matches
Czechia,world_cup,Squad Total,,28.2,1.0,1,7,4,57.1,7.0,4.0,0.14,0.25,0,0,
Czechia,world_cup,Opponent Total,,28.7,1.0,2,15,6,40.0,15.0,6.0,0.13,0.33,0,0,
Haiti,world_cup,Ricardo Adé,DF,36-024,1.0,0,1,0,0.0,1.0,0.0,0.0,,0,0,Matches
Haiti,world_cup,Carlens Arcus,DF,29-351,1.0,0,0,0,,0.0,0.0,,,0,0,Matches
Haiti,world_cup,Jean-Ricner Bellegarde,MF,27-352,1.0,0,3,0,0.0,3.0,0.0,0.0,,0,0,Matches
Haiti,world_cup,Hannes Delcroix,DF,27-106,1.0,0,0,0,,0.0,0.0,,,0,0,Matches
Haiti,world_cup,Martin Expérience,DF,27-097,1.0,0,1,0,0.0,1.0,0.0,0.0,,0,0,Matches
Haiti,world_cup,Danley Jean-Jacques,MF,26-025,1.0,0,0,0,,0.0,0.0,,,0,0,Matches
Haiti,world_cup,Frantzdy Pierrot,FW,31-077,1.0,0,3,1,33.3,3.0,1.0,0.0,0.0,0,0,Matches
Haiti,world_cup,Johny Placide,GK,38-136,1.0,0,0,0,,0.0,0.0,,,0,0,Matches
Haiti,world_cup,Ruben Providence,MF,24-342,0.9,0,3,1,33.3,3.21,1.07,0.0,0.0,0,0,Matches
Haiti,world_cup,Wilson Isidor,FW,25-291,0.8,0,2,0,0.0,2.4,0.0,0.0,,0,0,Matches
Haiti,world_cup,Louicius Deedson,MF,25-123,0.7,0,1,0,0.0,1.5,0.0,0.0,,0,0,Matches
Haiti,world_cup,Josué Casimir,"FW,MF",24-263,0.3,0,1,0,0.0,3.0,0.0,0.0,,0,0,Matches
Haiti,world_cup,Lenny Joseph,"FW,MF",25-245,0.2,0,0,0,,0.0,0.0,,,0,0,Matches
Haiti,world_cup,Yassin Fortuné,"FW,MF",27-135,0.1,0,0,0,,0.0,0.0,,,0,0,Matches
Haiti,world_cup,Squad Total,,29.1,1.0,0,15,2,13.3,15.0,2.0,0.0,0.0,0,0,
Haiti,world_cup,Opponent Total,,29.4,1.0,1,9,2,22.2,9.0,2.0,0.11,0.5,0,0,
Korea Republic,world_cup,Lee Gi-hyuk,DF,25-342,1.0,0,0,0,,0.0,0.0,,,0,0,Matches
Korea Republic,world_cup,Lee Han-beom,DF,23-362,1.0,0,1,0,0.0,1.0,0.0,0.0,,0,0,Matches
Korea Republic,world_cup,Lee Kang-in,FW,25-115,1.0,0,1,1,100.0,1.0,1.0,0.0,0.0,0,0,Matches
Korea Republic,world_cup,Kim Min-jae,DF,29-211,1.0,0,0,0,,0.0,0.0,,,0,0,Matches
Korea Republic,world_cup,Kim Seung-gyu,GK,35-257,1.0,0,0,0,,0.0,0.0,,,0,0,Matches
Korea Republic,world_cup,Seol Young-woo,MF,27-191,1.0,0,0,0,,0.0,0.0,,,0,0,Matches
Korea Republic,world_cup,Hwang In-beom,MF,29-267,0.9,1,3,2,66.7,3.25,2.17,0.33,0.5,0,0,Matches
Korea Republic,world_cup,Paik Seung-ho,MF,29-089,0.9,0,0,0,,0.0,0.0,,,0,0,Matches
Korea Republic,world_cup,Son Heung-min,FW,33-341,0.8,0,6,1,16.7,7.94,1.32,0.0,0.0,0,0,Matches
Korea Republic,world_cup,Lee Tae-seok,MF,23-321,0.8,0,0,0,,0.0,0.0,,,0,0,Matches
Korea Republic,world_cup,Lee Jae-sung,FW,33-308,0.7,0,2,1,50.0,2.95,1.48,0.0,0.0,0,0,Matches
Korea Republic,world_cup,Hwang Hee-chan,"FW,MF",30-139,0.3,0,0,0,,0.0,0.0,,,0,0,Matches
Korea Republic,world_cup,Oh Hyeon-gyu,FW,25-063,0.2,1,1,1,100.0,4.09,4.09,1.0,1.0,0,0,Matches
Korea Republic,world_cup,Eom Ji-sung,MF,24-036,0.2,0,0,0,,0.0,0.0,,,0,0,Matches
Korea Republic,world_cup,Kim Jin-gyu,MF,29-110,0.1,0,1,0,0.0,12.86,0.0,0.0,,0,0,Matches
Korea Republic,world_cup,Park Jinseob,"DF,MF",30-234,0.1,0,0,0,,0.0,0.0,,,0,0,Matches
Korea Republic,world_cup,Squad Total,,28.7,1.0,2,15,6,40.0,15.0,6.0,0.13,0.33,0,0,
Korea Republic,world_cup,Opponent Total,,28.2,1.0,1,7,4,57.1,7.0,4.0,0.14,0.25,0,0,
Mexico,world_cup,Roberto Alvarado,MF,27-280,1.0,0,0,0,,0.0,0.0,,,0,0,Matches
Mexico,world_cup,Jesús Gallardo,DF,31-303,1.0,0,2,0,0.0,2.0,0.0,0.0,,0,0,Matches
Mexico,world_cup,Raúl Rangel,GK,26-109,1.0,0,0,0,,0.0,0.0,,,0,0,Matches
Mexico,world_cup,Israel Reyes,DF,26-022,1.0,0,1,0,0.0,1.0,0.0,0.0,,0,0,Matches
Mexico,world_cup,Johan Vásquez,DF,27-235,1.0,0,0,0,,0.0,0.0,,,0,0,Matches
Mexico,world_cup,César Montes,DF,29-110,1.0,0,0,0,,0.0,0.0,,,0,0,Matches
Mexico,world_cup,Julián Quiñones,MF,29-082,0.9,1,5,2,40.0,5.77,2.31,0.2,0.5,0,0,Matches
Mexico,world_cup,Raúl Jiménez,FW,35-040,0.8,1,4,2,50.0,4.8,2.4,0.25,0.5,0,0,Matches
Mexico,world_cup,Erik Lira,MF,26-037,0.8,0,0,0,,0.0,0.0,,,0,0,Matches
Mexico,world_cup,Álvaro Fidalgo,MF,29-066,0.7,0,0,0,,0.0,0.0,,,0,0,Matches
Mexico,world_cup,Brian Gutiérrez,MF,22-362,0.7,0,4,0,0.0,5.54,0.0,0.0,,0,0,Matches
Mexico,world_cup,Luis Chávez,MF,30-150,0.3,0,0,0,,0.0,0.0,,,0,0,Matches
Mexico,world_cup,Gilberto Mora,MF,17-243,0.3,0,0,0,,0.0,0.0,,,0,0,Matches
Mexico,world_cup,Edson Álvarez,"DF,MF",28-233,0.2,0,0,0,,0.0,0.0,,,0,0,Matches
Mexico,world_cup,Armando González,FW,23-055,0.2,0,0,0,,0.0,0.0,,,0,0,Matches
Mexico,world_cup,Alexis Vega,"FW,MF",28-201,0.1,0,0,0,,0.0,0.0,,,0,0,Matches
Mexico,world_cup,Squad Total,,28.1,1.0,2,16,4,25.0,16.0,4.0,0.13,0.5,0,0,
Mexico,world_cup,Opponent Total,,28.2,1.0,0,3,2,66.7,3.0,2.0,0.0,0.0,0,0,
Morocco,world_cup,Neil El Aynaoui,MF,24-347,1.0,0,3,0,0.0,3.0,0.0,0.0,,0,0,Matches
Morocco,world_cup,Ayyoub Bouaddi,MF,18-255,1.0,0,0,0,,0.0,0.0,,,0,0,Matches
Morocco,world_cup,Yassine Bounou,GK,35-070,1.0,0,0,0,,0.0,0.0,,,0,0,Matches
Morocco,world_cup,Issa Diop,DF,29-156,1.0,0,0,0,,0.0,0.0,,,0,0,Matches
Morocco,world_cup,Achraf Hakimi,DF,27-222,1.0,0,3,0,0.0,3.0,0.0,0.0,,0,0,Matches
Morocco,world_cup,Chadi Riad,DF,22-362,1.0,0,0,0,,0.0,0.0,,,0,0,Matches
Morocco,world_cup,Ismael Saibari,FW,25-137,1.0,1,3,1,33.3,3.07,1.02,0.33,1.0,0,0,Matches
Morocco,world_cup,Bilal El Khannouss,MF,22-035,0.9,0,1,0,0.0,1.14,0.0,0.0,,0,0,Matches
Morocco,world_cup,Noussair Mazraoui,DF,28-212,0.9,0,0,0,,0.0,0.0,,,0,0,Matches
Morocco,world_cup,Brahim Díaz,MF,26-315,0.7,0,3,1,33.3,4.22,1.41,0.0,0.0,0,0,Matches
Morocco,world_cup,Azzedine Ounahi,MF,26-056,0.7,0,0,0,,0.0,0.0,,,0,0,Matches
Morocco,world_cup,Samir El Mourabet,MF,20-251,0.3,0,0,0,,0.0,0.0,,,0,0,Matches
Morocco,world_cup,Chemsdine Talbi,MF,21-036,0.3,0,0,0,,0.0,0.0,,,0,0,Matches
Morocco,world_cup,Ayoube Amaimouni,MF,21-196,0.1,0,1,1,100.0,8.18,8.18,0.0,0.0,0,0,Matches
Morocco,world_cup,Anass Salah-Eddine,DF,24-147,0.1,0,0,0,,0.0,0.0,,,0,0,Matches
Morocco,world_cup,Soufiane Rahimi,FW,30-012,0.0,0,0,0,,0.0,0.0,,,0,0,Matches
Morocco,world_cup,Squad Total,,25.8,1.0,1,14,3,21.4,14.0,3.0,0.07,0.33,0,0,
Morocco,world_cup,Opponent Total,,29.8,1.0,1,12,5,41.7,12.0,5.0,0.08,0.2,0,0,
Paraguay,world_cup,Omar Alderete,DF,29-170,1.0,0,0,0,,0.0,0.0,,,0,0,Matches
Paraguay,world_cup,Júnior Alonso,DF,33-125,1.0,0,0,0,,0.0,0.0,,,0,0,Matches
Paraguay,world_cup,Andrés Cubas,MF,30-023,1.0,0,0,0,,0.0,0.0,,,0,0,Matches
Paraguay,world_cup,Julio Enciso,FW,22-142,1.0,0,2,0,0.0,2.0,0.0,0.0,,0,0,Matches
Paraguay,world_cup,Orlando Gill,GK,26-003,1.0,0,0,0,,0.0,0.0,,,0,0,Matches
Paraguay,world_cup,Gustavo Gómez,DF,33-039,1.0,0,0,0,,0.0,0.0,,,0,0,Matches
Paraguay,world_cup,Diego Gómez,MF,23-079,0.9,0,4,0,0.0,4.56,0.0,0.0,,0,0,Matches
Paraguay,world_cup,Miguel Almirón,MF,32-124,0.9,0,2,0,0.0,2.31,0.0,0.0,,0,0,Matches
Paraguay,world_cup,Juan Cáceres,DF,26-013,0.9,0,0,0,,0.0,0.0,,,0,0,Matches
Paraguay,world_cup,Antonio Sanabria,FW,30-102,0.7,0,0,0,,0.0,0.0,,,0,0,Matches
Paraguay,world_cup,Damián Bobadilla,MF,24-338,0.5,0,0,0,,0.0,0.0,,,0,0,Matches
Paraguay,world_cup,Mauricio,MF,25-023,0.5,1,1,1,100.0,2.0,2.0,1.0,1.0,0,0,Matches
Paraguay,world_cup,Álex Arce,FW,30-363,0.3,0,0,0,,0.0,0.0,,,0,0,Matches
Paraguay,world_cup,Ramón Sosa,"FW,MF",26-287,0.1,0,0,0,,0.0,0.0,,,0,0,Matches
Paraguay,world_cup,Gustavo Velásquez,DF,35-058,0.1,0,0,0,,0.0,0.0,,,0,0,Matches
Paraguay,world_cup,Kaku,MF,31-154,0.1,0,0,0,,0.0,0.0,,,0,0,Matches
Paraguay,world_cup,Squad Total,,28.4,1.0,1,9,1,11.1,9.0,1.0,0.11,1.0,0,0,
Paraguay,world_cup,Opponent Total,,27.2,1.0,3,16,6,37.5,16.0,6.0,0.19,0.5,0,0,
Qatar,world_cup,Mahmoud Abunada,GK,26-129,1.0,0,0,0,,0.0,0.0,,,0,0,Matches
Qatar,world_cup,Akram Afif,FW,29-208,1.0,0,0,0,,0.0,0.0,,,0,0,Matches
Qatar,world_cup,Homam Ahmed,DF,26-293,1.0,0,1,0,0.0,1.0,0.0,0.0,,0,0,Matches
Qatar,world_cup,Boualem Khoukhi,DF,35-340,1.0,1,1,1,100.0,1.0,1.0,1.0,1.0,0,0,Matches
Qatar,world_cup,Issa Laye,MF,28-174,1.0,0,1,0,0.0,1.0,0.0,0.0,,0,0,Matches
Qatar,world_cup,Ró-Ró,DF,35-312,1.0,0,0,0,,0.0,0.0,,,0,0,Matches
Qatar,world_cup,Edmilson Junior,FW,31-299,1.0,0,2,2,100.0,2.07,2.07,0.0,0.0,0,0,Matches
Qatar,world_cup,Assim Madibo,MF,29-235,0.9,0,0,0,,0.0,0.0,,,0,0,Matches
Qatar,world_cup,Yusuf Abdurisag,FW,26-312,0.7,0,0,0,,0.0,0.0,,,0,0,Matches
Qatar,world_cup,Jassem Gaber,MF,24-114,0.7,0,0,0,,0.0,0.0,,,0,0,Matches
Qatar,world_cup,Ayoub Al-Oui,DF,21-095,0.7,0,0,0,,0.0,0.0,,,0,0,Matches
Qatar,world_cup,Ahmed Alaaeldin,FW,33-134,0.3,0,1,1,100.0,2.9,2.9,0.0,0.0,0,0,Matches
Qatar,world_cup,Karim Boudiaf,"DF,MF",35-271,0.3,0,1,0,0.0,2.9,0.0,0.0,,0,0,Matches
Qatar,world_cup,Ahmed Fathy,MF,33-140,0.3,0,0,0,,0.0,0.0,,,0,0,Matches
Qatar,world_cup,Mohamed Manai,DF,23-232,0.1,0,0,0,,0.0,0.0,,,0,0,Matches
Qatar,world_cup,Hassan Al-Haydos,"FW,MF",35-185,0.0,0,0,0,,0.0,0.0,,,0,0,Matches
Qatar,world_cup,Squad Total,,29.7,1.0,1,7,4,57.1,7.0,4.0,0.14,0.25,0,0,
Qatar,world_cup,Opponent Total,,29.9,1.0,1,26,7,26.9,26.0,7.0,0.0,0.0,1,1,
Scotland,world_cup,Lewis Ferguson,MF,26-294,1.0,0,0,0,,0.0,0.0,,,0,0,Matches
Scotland,world_cup,Angus Gunn,GK,30-143,1.0,0,0,0,,0.0,0.0,,,0,0,Matches
Scotland,world_cup,Grant Hanley,DF,34-206,1.0,0,0,0,,0.0,0.0,,,0,0,Matches
Scotland,world_cup,Jack Hendry,DF,31-038,1.0,0,0,0,,0.0,0.0,,,0,0,Matches
Scotland,world_cup,Scott McTominay,MF,29-188,1.0,0,2,0,0.0,2.0,0.0,0.0,,0,0,Matches
Scotland,world_cup,Andy Robertson,DF,32-095,1.0,0,0,0,,0.0,0.0,,,0,0,Matches
Scotland,world_cup,John McGinn,MF,31-239,0.9,1,2,1,50.0,2.2,1.1,0.5,1.0,0,0,Matches
Scotland,world_cup,Lawrence Shankland,FW,30-308,0.9,0,2,0,0.0,2.2,0.0,0.0,,0,0,Matches
Scotland,world_cup,Ché Adams,FW,29-336,0.8,0,1,1,100.0,1.22,1.22,0.0,0.0,0,0,Matches
Scotland,world_cup,Ben Gannon-Doak,MF,20-215,0.8,0,2,0,0.0,2.43,0.0,0.0,,0,0,Matches
Scotland,world_cup,Aaron Hickey,DF,24-004,0.8,0,0,0,,0.0,0.0,,,0,0,Matches
Scotland,world_cup,Ryan Christie,"FW,MF",31-112,0.2,0,0,0,,0.0,0.0,,,0,0,Matches
Scotland,world_cup,Lyndon Dykes,"FW,MF",30-250,0.2,0,0,0,,0.0,0.0,,,0,0,Matches
Scotland,world_cup,Nathan Patterson,DF,24-241,0.2,0,0,0,,0.0,0.0,,,0,0,Matches
Scotland,world_cup,Findlay Curtis,MF,19-256,0.1,0,0,0,,0.0,0.0,,,0,0,Matches
Scotland,world_cup,Kenny McLean,"DF,MF",34-157,0.1,0,0,0,,0.0,0.0,,,0,0,Matches
Scotland,world_cup,Squad Total,,29.4,1.0,1,9,2,22.2,9.0,2.0,0.11,0.5,0,0,
Scotland,world_cup,Opponent Total,,29.1,1.0,0,15,2,13.3,15.0,2.0,0.0,0.0,0,0,
South Africa,world_cup,Mbekezeli Mbokazi,DF,20-268,1.0,0,1,1,100.0,1.0,1.0,0.0,0.0,0,0,Matches
South Africa,world_cup,Teboho Mokoena,MF,29-141,1.0,0,0,0,,0.0,0.0,,,0,0,Matches
South Africa,world_cup,Khuliso Mudau,DF,31-049,1.0,0,0,0,,0.0,0.0,,,0,0,Matches
South Africa,world_cup,Ime Okon,DF,22-114,1.0,0,0,0,,0.0,0.0,,,0,0,Matches
South Africa,world_cup,Nkosinathi Sibisi,DF,30-265,1.0,0,0,0,,0.0,0.0,,,0,0,Matches
South Africa,world_cup,Ronwen Williams,GK,34-144,1.0,0,0,0,,0.0,0.0,,,0,0,Matches
South Africa,world_cup,Aubrey Modiba,DF,30-327,0.8,0,1,1,100.0,1.18,1.18,0.0,0.0,0,0,Matches
South Africa,world_cup,Iqraam Rayners,FW,30-177,0.8,0,0,0,,0.0,0.0,,,0,0,Matches
South Africa,world_cup,Jayden Adams,MF,25-040,0.7,0,0,0,,0.0,0.0,,,0,0,Matches
South Africa,world_cup,Lyle Foster,FW,25-284,0.6,0,1,0,0.0,1.64,0.0,0.0,,0,0,Matches
South Africa,world_cup,Sphephelo Sithole,MF,27-103,0.5,0,0,0,,0.0,0.0,,,0,0,Matches
South Africa,world_cup,Thalente Mbatha,MF,26-090,0.4,0,0,0,,0.0,0.0,,,0,0,Matches
South Africa,world_cup,Themba Zwane,"FW,MF",36-315,0.3,0,0,0,,0.0,0.0,,,0,0,Matches
South Africa,world_cup,Evidence Makgopa,FW,26-009,0.2,0,0,0,,0.0,0.0,,,0,0,Matches
South Africa,world_cup,Oswin Appollis,MF,24-293,0.2,0,0,0,,0.0,0.0,,,0,0,Matches
South Africa,world_cup,Squad Total,,28.2,1.0,0,3,2,66.7,3.0,2.0,0.0,0.0,0,0,
South Africa,world_cup,Opponent Total,,28.1,1.0,2,16,4,25.0,16.0,4.0,0.13,0.5,0,0,
Switzerland,world_cup,Manuel Akanji,DF,30-330,1.0,0,1,1,100.0,1.0,1.0,0.0,0.0,0,0,Matches
Switzerland,world_cup,Nico Elvedi,DF,29-257,1.0,0,2,0,0.0,2.0,0.0,0.0,,0,0,Matches
Switzerland,world_cup,Breel Embolo,FW,29-120,1.0,1,4,1,25.0,4.0,1.0,0.0,0.0,1,1,Matches
Switzerland,world_cup,Gregor Kobel,GK,28-190,1.0,0,0,0,,0.0,0.0,,,0,0,Matches
Switzerland,world_cup,Granit Xhaka,MF,33-260,1.0,0,2,0,0.0,2.0,0.0,0.0,,0,0,Matches
Switzerland,world_cup,Denis Zakaria,DF,29-206,1.0,0,2,1,50.0,2.0,1.0,0.0,0.0,0,0,Matches
Switzerland,world_cup,Remo Freuler,MF,34-060,1.0,0,0,0,,0.0,0.0,,,0,0,Matches
Switzerland,world_cup,Ricardo Rodríguez,DF,33-293,1.0,0,0,0,,0.0,0.0,,,0,0,Matches
Switzerland,world_cup,Ruben Vargas,MF,27-313,0.9,0,3,1,33.3,3.46,1.15,0.0,0.0,0,0,Matches
Switzerland,world_cup,Michel Aebischer,MF,29-159,0.7,0,1,1,100.0,1.38,1.38,0.0,0.0,0,0,Matches
Switzerland,world_cup,Dan Ndoye,MF,25-232,0.7,0,6,2,33.3,8.31,2.77,0.0,0.0,0,0,Matches
Switzerland,world_cup,Johan Manzambi,MF,20-243,0.3,0,2,0,0.0,7.2,0.0,0.0,,0,0,Matches
Switzerland,world_cup,Fabian Rieder,"FW,MF",24-118,0.3,0,1,0,0.0,3.6,0.0,0.0,,0,0,Matches
Switzerland,world_cup,Zeki Amdouni,"FW,MF",25-192,0.1,0,1,0,0.0,7.5,0.0,0.0,,0,0,Matches
Switzerland,world_cup,Ardon Jashari,MF,23-319,0.0,0,1,0,0.0,45.0,0.0,0.0,,0,0,Matches
Switzerland,world_cup,Miro Muheim,"DF,MF",28-082,0.0,0,0,0,,0.0,0.0,,,0,0,Matches
Switzerland,world_cup,Squad Total,,29.9,1.0,1,26,7,26.9,26.0,7.0,0.0,0.0,1,1,
Switzerland,world_cup,Opponent Total,,29.7,1.0,1,7,4,57.1,7.0,4.0,0.14,0.25,0,0,
Türkiye,world_cup,Abdülkerim Bardakcı,DF,31-280,1.0,0,1,1,100.0,1.0,1.0,0.0,0.0,0,0,Matches
Türkiye,world_cup,Uğurcan Çakır,GK,30-070,1.0,0,0,0,,0.0,0.0,,,0,0,Matches
Türkiye,world_cup,Hakan Çalhanoğlu,MF,32-126,1.0,0,5,2,40.0,5.0,2.0,0.0,0.0,0,0,Matches
Türkiye,world_cup,Merih Demiral,DF,28-101,1.0,0,1,0,0.0,1.0,0.0,0.0,,0,0,Matches
Türkiye,world_cup,Arda Güler,MF,21-109,1.0,0,8,3,37.5,8.0,3.0,0.0,0.0,0,0,Matches
Türkiye,world_cup,Ferdi Kadioglu,DF,26-250,1.0,0,1,0,0.0,1.0,0.0,0.0,,0,0,Matches
Türkiye,world_cup,Kerem Aktürkoğlu,FW,27-236,0.9,0,3,1,33.3,3.21,1.07,0.0,0.0,0,0,Matches
Türkiye,world_cup,Zeki Çelik,DF,29-117,0.9,0,1,1,100.0,1.13,1.13,0.0,0.0,0,0,Matches
Türkiye,world_cup,İsmail Yüksek,MF,27-139,0.9,0,3,0,0.0,3.38,0.0,0.0,,0,0,Matches
Türkiye,world_cup,Orkun Kökçü,MF,25-167,0.7,0,1,0,0.0,1.48,0.0,0.0,,0,0,Matches
Türkiye,world_cup,Barış Alper Yılmaz,MF,26-022,0.5,0,0,0,,0.0,0.0,,,0,0,Matches
Türkiye,world_cup,Kenan Yıldız,"FW,MF",21-041,0.5,0,6,0,0.0,12.0,0.0,0.0,,0,0,Matches
Türkiye,world_cup,Yunus Akgün,MF,25-342,0.3,0,0,0,,0.0,0.0,,,0,0,Matches
Türkiye,world_cup,Mert Müldür,DF,27-072,0.1,0,0,0,,0.0,0.0,,,0,0,Matches
Türkiye,world_cup,Salih Özcan,MF,28-154,0.1,0,0,0,,0.0,0.0,,,0,0,Matches
Türkiye,world_cup,Deniz Gül,FW,21-347,0.1,0,0,0,,0.0,0.0,,,0,0,Matches
Türkiye,world_cup,Squad Total,,27.6,1.0,0,30,8,26.7,30.0,8.0,0.0,0.0,0,0,
Türkiye,world_cup,Opponent Total,,25.1,1.0,2,9,4,44.4,9.0,4.0,0.22,0.5,0,0,
United States,world_cup,Tyler Adams,MF,27-120,1.0,0,0,0,,0.0,0.0,,,0,0,Matches
United States,world_cup,Alex Freeman,DF,21-309,1.0,0,0,0,,0.0,0.0,,,0,0,Matches
United States,world_cup,Matt Freese,GK,27-285,1.0,0,0,0,,0.0,0.0,,,0,0,Matches
United States,world_cup,Weston McKennie,MF,27-290,1.0,0,0,0,,0.0,0.0,,,0,0,Matches
United States,world_cup,Tim Ream,DF,38-252,1.0,0,0,0,,0.0,0.0,,,0,0,Matches
United States,world_cup,Chris Richards,DF,26-078,1.0,0,1,0,0.0,1.0,0.0,0.0,,0,0,Matches
United States,world_cup,Antonee Robinson,DF,28-310,1.0,0,0,0,,0.0,0.0,,,0,0,Matches
United States,world_cup,Malik Tillman,MF,24-017,0.9,0,5,2,40.0,5.56,2.22,0.0,0.0,0,0,Matches
United States,world_cup,Folarin Balogun,FW,24-346,0.8,2,5,3,60.0,6.34,3.8,0.4,0.67,0,0,Matches
United States,world_cup,Sergiño Dest,MF,25-223,0.8,0,0,0,,0.0,0.0,,,0,0,Matches
United States,world_cup,Christian Pulisic,MF,27-269,0.5,0,0,0,,0.0,0.0,,,0,0,Matches
United States,world_cup,Sebastian Berhalter,MF,25-035,0.5,0,1,0,0.0,2.0,0.0,0.0,,0,0,Matches
United States,world_cup,Ricardo Pepi,FW,23-156,0.2,0,1,0,0.0,4.74,0.0,0.0,,0,0,Matches
United States,world_cup,Timothy Weah,"DF,FW",26-112,0.2,0,2,0,0.0,9.47,0.0,0.0,,0,0,Matches
United States,world_cup,Gio Reyna,MF,23-213,0.1,1,1,1,100.0,10.0,10.0,1.0,1.0,0,0,Matches
United States,world_cup,Squad Total,,27.2,1.0,3,16,6,37.5,16.0,6.0,0.19,0.5,0,0,
United States,world_cup,Opponent Total,,28.4,1.0,1,9,1,11.1,9.0,1.0,0.11,1.0,0,0,
