Country,Category,Player,Pos,Age,MP,Playing Time_Min,Playing Time_Mn/MP,Playing Time_Min%,Playing Time_90s,Starts,Starts_Mn/Start,Starts_Compl,Subs,Subs_Mn/Sub,Subs_unSub,Team Success_PPM,Team Success_onG,Team Success_onGA,Team Success_+/-,Team Success_+/-90,Team Success_On-Off,Matches,Playing Time_MP
Australia,world_cup,Patrick Beach,GK,22-312,1.0,90.0,90.0,100.0,1.0,1,90.0,1,0,,0,3.0,2.0,0.0,2.0,2.0,,Matches,
Australia,world_cup,Cameron Burgess,DF,30-236,1.0,90.0,90.0,100.0,1.0,1,90.0,1,0,,0,3.0,2.0,0.0,2.0,2.0,,Matches,
Australia,world_cup,Alessandro Circati,DF,22-247,1.0,90.0,90.0,100.0,1.0,1,90.0,1,0,,0,3.0,2.0,0.0,2.0,2.0,,Matches,
Australia,world_cup,Connor Metcalfe,MF,26-221,1.0,90.0,90.0,100.0,1.0,1,90.0,1,0,,0,3.0,2.0,0.0,2.0,2.0,,Matches,
Australia,world_cup,Aiden O'Neill,MF,27-345,1.0,90.0,90.0,100.0,1.0,1,90.0,1,0,,0,3.0,2.0,0.0,2.0,2.0,,Matches,
Australia,world_cup,Harry Souttar,DF,27-235,1.0,90.0,90.0,100.0,1.0,1,90.0,1,0,,0,3.0,2.0,0.0,2.0,2.0,,Matches,
Australia,world_cup,Jordy Bos,DF,23-228,1.0,83.0,83.0,92.2,0.9,1,83.0,0,0,,0,3.0,2.0,0.0,2.0,2.17,2.17,Matches,
Australia,world_cup,Paul Okon-Engstler,MF,21-141,1.0,83.0,83.0,92.2,0.9,1,83.0,0,0,,0,3.0,2.0,0.0,2.0,2.17,2.17,Matches,
Australia,world_cup,Jacob Italiano,DF,24-319,1.0,73.0,73.0,81.1,0.8,1,73.0,0,0,,0,3.0,1.0,0.0,1.0,1.23,-4.06,Matches,
Australia,world_cup,Mo Touré,FW,22-080,1.0,73.0,73.0,81.1,0.8,1,73.0,0,0,,0,3.0,1.0,0.0,1.0,1.23,-4.06,Matches,
Australia,world_cup,Nestory Irankunda,MF,20-125,1.0,60.0,60.0,66.7,0.7,1,60.0,0,0,,0,3.0,1.0,0.0,1.0,1.5,-1.5,Matches,
Australia,world_cup,Nishan Velupillay,MF,25-038,1.0,30.0,30.0,33.3,0.3,0,,0,1,30.0,0,3.0,1.0,0.0,1.0,3.0,1.5,Matches,
Australia,world_cup,Jason Geria,DF,33-035,1.0,17.0,17.0,18.9,0.2,0,,0,1,17.0,0,3.0,1.0,0.0,1.0,5.29,4.06,Matches,
Australia,world_cup,Tete Yengi,FW,25-198,1.0,17.0,17.0,18.9,0.2,0,,0,1,17.0,0,3.0,1.0,0.0,1.0,5.29,4.06,Matches,
Australia,world_cup,Aziz Behich,"DF,MF",35-180,1.0,7.0,7.0,7.8,0.1,0,,0,1,7.0,0,3.0,0.0,0.0,0.0,0.0,-2.17,Matches,
Australia,world_cup,Jackson Irvine,"DF,MF",33-099,1.0,7.0,7.0,7.8,0.1,0,,0,1,7.0,0,3.0,0.0,0.0,0.0,0.0,-2.17,Matches,
Australia,world_cup,Miloš Degenek,"DF,MF",32-047,0.0,,,,,0,,0,0,,1,,,,,,,Matches,
Australia,world_cup,Cammy Devlin,MF,28-007,0.0,,,,,0,,0,0,,1,,,,,,,Matches,
Australia,world_cup,Lucas Herrington,DF,18-282,0.0,,,,,0,,0,0,,1,,,,,,,Matches,
Australia,world_cup,Ajdin Hrustic,MF,29-344,0.0,,,,,0,,0,0,,1,,,,,,,Matches,
Australia,world_cup,Paul Izzo,GK,31-159,0.0,,,,,0,,0,0,,1,,,,,,,Matches,
Australia,world_cup,Mathew Leckie,"FW,MF",35-130,0.0,,,,,0,,0,0,,1,,,,,,,Matches,
Australia,world_cup,Awer Mabil,"FW,MF",30-272,0.0,,,,,0,,0,0,,1,,,,,,,Matches,
Australia,world_cup,Mathew Ryan,GK,34-067,0.0,,,,,0,,0,0,,1,,,,,,,Matches,
Australia,world_cup,Kai Trewin,"DF,MF",25-027,0.0,,,,,0,,0,0,,1,,,,,,,Matches,
Australia,world_cup,Cristian Volpato,MF,22-211,0.0,,,,,0,,0,0,,1,,,,,,,Matches,
Australia,world_cup,Squad Total,,25.1,1.0,90.0,90.0,100.0,1.0,11,83.0,6,5,16.0,10,3.0,2.0,0.0,2.0,2.0,,,
Australia,world_cup,Opponent Total,,27.6,1.0,90.0,90.0,100.0,1.0,11,83.0,6,5,20.0,10,0.0,0.0,2.0,-2.0,-2.0,,,
Bosnia-Herzegovina,world_cup,Amar Dedić,DF,23-300,,90.0,90.0,100.0,1.0,1,90.0,1,0,,0,1.0,1.0,1.0,0.0,0.0,,Matches,1.0
Bosnia-Herzegovina,world_cup,Ermedin Demirović,FW,28-081,,90.0,90.0,100.0,1.0,1,90.0,1,0,,0,1.0,1.0,1.0,0.0,0.0,,Matches,1.0
Bosnia-Herzegovina,world_cup,Nikola Katić,DF,29-247,,90.0,90.0,100.0,1.0,1,90.0,1,0,,0,1.0,1.0,1.0,0.0,0.0,,Matches,1.0
Bosnia-Herzegovina,world_cup,Tarik Muharemovic,DF,23-106,,90.0,90.0,100.0,1.0,1,90.0,1,0,,0,1.0,1.0,1.0,0.0,0.0,,Matches,1.0
Bosnia-Herzegovina,world_cup,Benjamin Tahirovic,MF,23-103,,90.0,90.0,100.0,1.0,1,90.0,1,0,,0,1.0,1.0,1.0,0.0,0.0,,Matches,1.0
Bosnia-Herzegovina,world_cup,Nikola Vasilj,GK,30-194,,90.0,90.0,100.0,1.0,1,90.0,1,0,,0,1.0,1.0,1.0,0.0,0.0,,Matches,1.0
Bosnia-Herzegovina,world_cup,Sead Kolašinac,DF,32-359,,83.0,83.0,92.2,0.9,1,83.0,0,0,,0,1.0,1.0,1.0,0.0,0.0,0.0,Matches,1.0
Bosnia-Herzegovina,world_cup,Esmir Bajraktarevic,MF,21-096,,73.0,73.0,81.1,0.8,1,73.0,0,0,,0,1.0,1.0,0.0,1.0,1.23,6.53,Matches,1.0
Bosnia-Herzegovina,world_cup,Amar Memić,MF,25-145,,73.0,73.0,81.1,0.8,1,73.0,0,0,,0,1.0,1.0,0.0,1.0,1.23,6.53,Matches,1.0
Bosnia-Herzegovina,world_cup,Ivan Bašić,MF,24-045,,61.0,61.0,67.8,0.7,1,61.0,0,0,,0,1.0,1.0,0.0,1.0,1.48,4.58,Matches,1.0
Bosnia-Herzegovina,world_cup,Jovo Lukić,FW,27-198,,61.0,61.0,67.8,0.7,1,61.0,0,0,,0,1.0,1.0,0.0,1.0,1.48,4.58,Matches,1.0
Bosnia-Herzegovina,world_cup,Samed Baždar,FW,22-134,,29.0,29.0,32.2,0.3,0,,0,1,29.0,0,1.0,0.0,1.0,-1.0,-3.1,-4.58,Matches,1.0
Bosnia-Herzegovina,world_cup,Armin Gigovic,MF,24-069,,29.0,29.0,32.2,0.3,0,,0,1,29.0,0,1.0,0.0,1.0,-1.0,-3.1,-4.58,Matches,1.0
Bosnia-Herzegovina,world_cup,Kerim Alajbegović,MF,18-266,,17.0,17.0,18.9,0.2,0,,0,1,17.0,0,1.0,0.0,1.0,-1.0,-5.29,-6.53,Matches,1.0
Bosnia-Herzegovina,world_cup,Ivan Šunjić,MF,29-248,,17.0,17.0,18.9,0.2,0,,0,1,17.0,0,1.0,0.0,1.0,-1.0,-5.29,-6.53,Matches,1.0
Bosnia-Herzegovina,world_cup,Dženis Burnić,MF,28-023,,7.0,7.0,7.8,0.1,0,,0,1,7.0,0,1.0,0.0,0.0,0.0,0.0,0.0,Matches,1.0
Bosnia-Herzegovina,world_cup,Edin Džeko,FW,40-089,,,,,,0,,0,0,,1,,,,,,,Matches,0.0
Bosnia-Herzegovina,world_cup,Amir Hadžiahmetović,MF,29-098,,,,,,0,,0,0,,1,,,,,,,Matches,0.0
Bosnia-Herzegovina,world_cup,Dennis Hadžikadunić,DF,27-340,,,,,,0,,0,0,,1,,,,,,,Matches,0.0
Bosnia-Herzegovina,world_cup,Mladen Jurkas,GK,18-250,,,,,,0,,0,0,,1,,,,,,,Matches,0.0
Bosnia-Herzegovina,world_cup,Ermin Mahmić,MF,21-092,,,,,,0,,0,0,,1,,,,,,,Matches,0.0
Bosnia-Herzegovina,world_cup,Arjan Malic,DF,20-290,,,,,,0,,0,0,,1,,,,,,,Matches,0.0
Bosnia-Herzegovina,world_cup,Nihad Mujakić,DF,28-060,,,,,,0,,0,0,,1,,,,,,,Matches,0.0
Bosnia-Herzegovina,world_cup,Stjepan Radeljić,DF,28-282,,,,,,0,,0,0,,1,,,,,,,Matches,0.0
Bosnia-Herzegovina,world_cup,Haris Tabaković,FW,31-359,,,,,,0,,0,0,,1,,,,,,,Matches,0.0
Bosnia-Herzegovina,world_cup,Martin Zlomislić,GK,27-302,,,,,,0,,0,0,,1,,,,,,,Matches,0.0
Bosnia-Herzegovina,world_cup,Squad Total,,26.2,,90.0,90.0,100.0,1.0,11,81.0,6,5,20.0,10,1.0,1.0,1.0,0.0,0.0,,,1.0
Bosnia-Herzegovina,world_cup,Opponent Total,,27.3,,90.0,90.0,100.0,1.0,11,81.0,6,5,21.0,10,1.0,1.0,1.0,0.0,0.0,,,1.0
Brazil,world_cup,Alisson,GK,33-255,1.0,90.0,90.0,100.0,1.0,1,90.0,1,0,,0,1.0,1.0,1.0,0.0,0.0,,Matches,
Brazil,world_cup,Vinicius Júnior,FW,25-337,1.0,90.0,90.0,100.0,1.0,1,90.0,1,0,,0,1.0,1.0,1.0,0.0,0.0,,Matches,
Brazil,world_cup,Gabriel Magalhães,DF,28-177,1.0,90.0,90.0,100.0,1.0,1,90.0,1,0,,0,1.0,1.0,1.0,0.0,0.0,,Matches,
Brazil,world_cup,Marquinhos,DF,32-031,1.0,90.0,90.0,100.0,1.0,1,90.0,1,0,,0,1.0,1.0,1.0,0.0,0.0,,Matches,
Brazil,world_cup,Raphinha,MF,29-182,1.0,90.0,90.0,100.0,1.0,1,90.0,1,0,,0,1.0,1.0,1.0,0.0,0.0,,Matches,
Brazil,world_cup,Douglas Santos,DF,32-084,1.0,90.0,90.0,100.0,1.0,1,90.0,1,0,,0,1.0,1.0,1.0,0.0,0.0,,Matches,
Brazil,world_cup,Bruno Guimarães,MF,28-210,1.0,79.0,79.0,87.8,0.9,1,79.0,0,0,,0,1.0,1.0,1.0,0.0,0.0,0.0,Matches,
Brazil,world_cup,Igor Thiago,FW,24-353,1.0,61.0,61.0,67.8,0.7,1,61.0,0,0,,0,1.0,1.0,1.0,0.0,0.0,0.0,Matches,
Brazil,world_cup,Lucas Paquetá,MF,28-291,1.0,60.0,60.0,66.7,0.7,1,60.0,0,0,,0,1.0,1.0,1.0,0.0,0.0,0.0,Matches,
Brazil,world_cup,Casemiro,MF,34-111,1.0,45.0,45.0,50.0,0.5,1,45.0,0,0,,0,1.0,1.0,1.0,0.0,0.0,0.0,Matches,
Brazil,world_cup,Roger Ibanez,DF,27-203,1.0,45.0,45.0,50.0,0.5,1,45.0,0,0,,0,1.0,1.0,1.0,0.0,0.0,0.0,Matches,
Brazil,world_cup,Danilo,"DF,MF",34-334,1.0,45.0,45.0,50.0,0.5,0,,0,1,45.0,0,1.0,0.0,0.0,0.0,0.0,0.0,Matches,
Brazil,world_cup,Fabinho,"DF,MF",32-234,1.0,45.0,45.0,50.0,0.5,0,,0,1,45.0,0,1.0,0.0,0.0,0.0,0.0,0.0,Matches,
Brazil,world_cup,Matheus Cunha,"FW,MF",27-018,1.0,30.0,30.0,33.3,0.3,0,,0,1,30.0,0,1.0,0.0,0.0,0.0,0.0,0.0,Matches,
Brazil,world_cup,Luiz Henrique,"FW,MF",25-163,1.0,29.0,29.0,32.2,0.3,0,,0,1,29.0,0,1.0,0.0,0.0,0.0,0.0,0.0,Matches,
Brazil,world_cup,Danilo Santos,MF,25-046,1.0,11.0,11.0,12.2,0.1,0,,0,1,11.0,0,1.0,0.0,0.0,0.0,0.0,0.0,Matches,
Brazil,world_cup,Gleison Bremer,DF,29-088,0.0,,,,,0,,0,0,,1,,,,,,,Matches,
Brazil,world_cup,Ederson,GK,32-301,0.0,,,,,0,,0,0,,1,,,,,,,Matches,
Brazil,world_cup,Éderson,MF,26-342,0.0,,,,,0,,0,0,,1,,,,,,,Matches,
Brazil,world_cup,Endrick,FW,19-328,0.0,,,,,0,,0,0,,1,,,,,,,Matches,
Brazil,world_cup,Gabriel Martinelli,"FW,MF",24-361,0.0,,,,,0,,0,0,,1,,,,,,,Matches,
Brazil,world_cup,Léo Pereira,DF,30-134,0.0,,,,,0,,0,0,,1,,,,,,,Matches,
Brazil,world_cup,Rayan,MF,19-315,0.0,,,,,0,,0,0,,1,,,,,,,Matches,
Brazil,world_cup,Alex Sandro,"DF,MF",35-139,0.0,,,,,0,,0,0,,1,,,,,,,Matches,
Brazil,world_cup,Wéverton,GK,38-183,0.0,,,,,0,,0,0,,1,,,,,,,Matches,
Brazil,world_cup,Squad Total,,29.8,1.0,90.0,90.0,100.0,1.0,11,75.0,6,5,32.0,9,1.0,1.0,1.0,0.0,0.0,,,
Brazil,world_cup,Opponent Total,,25.8,1.0,90.0,90.0,100.0,1.0,11,75.0,6,5,15.0,10,1.0,1.0,1.0,0.0,0.0,,,
Canada,world_cup,Derek Cornelius,DF,28-201,1.0,90.0,90.0,100.0,1.0,1,90.0,1,0,,0,1.0,1.0,1.0,0.0,0.0,,Matches,
Canada,world_cup,Maxime Crépeau,GK,32-034,1.0,90.0,90.0,100.0,1.0,1,90.0,1,0,,0,1.0,1.0,1.0,0.0,0.0,,Matches,
Canada,world_cup,Luc De Fougerolles,DF,20-245,1.0,90.0,90.0,100.0,1.0,1,90.0,1,0,,0,1.0,1.0,1.0,0.0,0.0,,Matches,
Canada,world_cup,Alistair Johnston,DF,27-249,1.0,90.0,90.0,100.0,1.0,1,90.0,1,0,,0,1.0,1.0,1.0,0.0,0.0,,Matches,
Canada,world_cup,Ismaël Koné,MF,23-363,1.0,90.0,90.0,100.0,1.0,1,90.0,1,0,,0,1.0,1.0,1.0,0.0,0.0,,Matches,
Canada,world_cup,Richie Laryea,DF,31-158,1.0,90.0,90.0,100.0,1.0,1,90.0,1,0,,0,1.0,1.0,1.0,0.0,0.0,,Matches,
Canada,world_cup,Stephen Eustáquio,MF,29-175,1.0,89.0,89.0,98.9,1.0,1,89.0,0,0,,0,1.0,1.0,1.0,0.0,0.0,0.0,Matches,
Canada,world_cup,Tani Oluwaseyi,FW,26-030,1.0,75.0,75.0,83.3,0.8,1,75.0,0,0,,0,1.0,0.0,1.0,-1.0,-1.2,-7.2,Matches,
Canada,world_cup,Tajon Buchanan,MF,27-126,1.0,60.0,60.0,66.7,0.7,1,60.0,0,0,,0,1.0,0.0,1.0,-1.0,-1.5,-4.5,Matches,
Canada,world_cup,Jonathan David,FW,26-151,1.0,60.0,60.0,66.7,0.7,1,60.0,0,0,,0,1.0,0.0,1.0,-1.0,-1.5,-4.5,Matches,
Canada,world_cup,Liam Millar,MF,26-260,1.0,60.0,60.0,66.7,0.7,1,60.0,0,0,,0,1.0,0.0,1.0,-1.0,-1.5,-4.5,Matches,
Canada,world_cup,Ali Ahmed,MF,25-247,1.0,30.0,30.0,33.3,0.3,0,,0,1,30.0,0,1.0,1.0,0.0,1.0,3.0,4.5,Matches,
Canada,world_cup,Promise David,FW,24-346,1.0,30.0,30.0,33.3,0.3,0,,0,1,30.0,0,1.0,1.0,0.0,1.0,3.0,4.5,Matches,
Canada,world_cup,Jacob Shaffelburg,MF,26-200,1.0,30.0,30.0,33.3,0.3,0,,0,1,30.0,0,1.0,1.0,0.0,1.0,3.0,4.5,Matches,
Canada,world_cup,Cyle Larin,"FW,MF",31-058,1.0,15.0,15.0,16.7,0.2,0,,0,1,15.0,0,1.0,1.0,0.0,1.0,6.0,7.2,Matches,
Canada,world_cup,Jonathan Osorio,MF,34-002,1.0,1.0,1.0,1.1,0.0,0,,0,1,1.0,0,1.0,0.0,0.0,0.0,0.0,0.0,Matches,
Canada,world_cup,Moïse Bombito,DF,26-076,0.0,,,,,0,,0,0,,1,,,,,,,Matches,
Canada,world_cup,Mathieu Choinière,MF,27-127,0.0,,,,,0,,0,0,,1,,,,,,,Matches,
Canada,world_cup,Alphonso Davies,"DF,FW",25-224,0.0,,,,,0,,0,0,,1,,,,,,,Matches,
Canada,world_cup,Owen Goodman,GK,22-199,0.0,,,,,0,,0,0,,1,,,,,,,Matches,
Canada,world_cup,Alfie Jones,"DF,MF",28-250,0.0,,,,,0,,0,0,,1,,,,,,,Matches,
Canada,world_cup,Jayden Nelson,"FW,MF",23-261,0.0,,,,,0,,0,0,,1,,,,,,,Matches,
Canada,world_cup,Nathan Saliba,MF,22-127,0.0,,,,,0,,0,0,,1,,,,,,,Matches,
Canada,world_cup,Niko Sigur,"DF,MF",22-278,0.0,,,,,0,,0,0,,1,,,,,,,Matches,
Canada,world_cup,Dayne St. Clair,GK,29-036,0.0,,,,,0,,0,0,,1,,,,,,,Matches,
Canada,world_cup,Joel Waterman,DF,30-141,0.0,,,,,0,,0,0,,1,,,,,,,Matches,
Canada,world_cup,Squad Total,,27.3,1.0,90.0,90.0,100.0,1.0,11,80.0,6,5,21.0,10,1.0,1.0,1.0,0.0,0.0,,,
Canada,world_cup,Opponent Total,,26.2,1.0,90.0,90.0,100.0,1.0,11,80.0,6,5,20.0,10,1.0,1.0,1.0,0.0,0.0,,,
Czechia,world_cup,Štěpán Chaloupek,DF,23-098,1.0,90.0,90.0,100.0,1.0,1,90.0,1,0,,0,0.0,1.0,2.0,-1.0,-1.0,,Matches,
Czechia,world_cup,Vladimír Coufal,MF,33-296,1.0,90.0,90.0,100.0,1.0,1,90.0,1,0,,0,0.0,1.0,2.0,-1.0,-1.0,,Matches,
Czechia,world_cup,Robin Hranáč,DF,26-136,1.0,90.0,90.0,100.0,1.0,1,90.0,1,0,,0,0.0,1.0,2.0,-1.0,-1.0,,Matches,
Czechia,world_cup,Matej Kovar,GK,26-028,1.0,90.0,90.0,100.0,1.0,1,90.0,1,0,,0,0.0,1.0,2.0,-1.0,-1.0,,Matches,
Czechia,world_cup,Ladislav Krejčí,DF,27-055,1.0,90.0,90.0,100.0,1.0,1,90.0,1,0,,0,0.0,1.0,2.0,-1.0,-1.0,,Matches,
Czechia,world_cup,Tomáš Souček,MF,31-107,1.0,90.0,90.0,100.0,1.0,1,90.0,1,0,,0,0.0,1.0,2.0,-1.0,-1.0,,Matches,
Czechia,world_cup,Jaroslav Zelený,MF,33-298,1.0,90.0,90.0,100.0,1.0,1,90.0,1,0,,0,0.0,1.0,2.0,-1.0,-1.0,,Matches,
Czechia,world_cup,Alexandr Sojka,MF,23-073,1.0,83.0,83.0,92.2,0.9,1,83.0,0,0,,0,0.0,1.0,2.0,-1.0,-1.08,-1.08,Matches,
Czechia,world_cup,Lukáš Provod,FW,29-234,1.0,63.0,63.0,70.0,0.7,1,63.0,0,0,,0,0.0,1.0,0.0,1.0,1.43,8.1,Matches,
Czechia,world_cup,Patrik Schick,FW,30-141,1.0,63.0,63.0,70.0,0.7,1,63.0,0,0,,0,0.0,1.0,0.0,1.0,1.43,8.1,Matches,
Czechia,world_cup,Pavel Šulc,FW,25-167,1.0,63.0,63.0,70.0,0.7,1,63.0,0,0,,0,0.0,1.0,0.0,1.0,1.43,8.1,Matches,
Czechia,world_cup,Tomáš Chorý,FW,31-139,1.0,27.0,27.0,30.0,0.3,0,,0,1,27.0,0,0.0,0.0,2.0,-2.0,-6.67,-8.1,Matches,
Czechia,world_cup,Adam Hložek,"FW,MF",23-324,1.0,27.0,27.0,30.0,0.3,0,,0,1,27.0,0,0.0,0.0,2.0,-2.0,-6.67,-8.1,Matches,
Czechia,world_cup,Michal Sadílek,"DF,FW",27-014,1.0,27.0,27.0,30.0,0.3,0,,0,1,27.0,0,0.0,0.0,2.0,-2.0,-6.67,-8.1,Matches,
Czechia,world_cup,Mojmír Chytil,FW,27-046,1.0,7.0,7.0,7.8,0.1,0,,0,1,7.0,0,0.0,0.0,0.0,0.0,0.0,1.08,Matches,
Czechia,world_cup,Lukáš Červ,MF,25-065,0.0,,,,,0,,0,0,,1,,,,,,,Matches,
Czechia,world_cup,Vladimír Darida,MF,35-310,0.0,,,,,0,,0,0,,1,,,,,,,Matches,
Czechia,world_cup,David Doudera,"DF,MF",28-014,0.0,,,,,0,,0,0,,1,,,,,,,Matches,
Czechia,world_cup,Tomáš Holeš,"DF,MF",33-075,0.0,,,,,0,,0,0,,1,,,,,,,Matches,
Czechia,world_cup,Lukáš Horníček,GK,23-336,0.0,,,,,0,,0,0,,1,,,,,,,Matches,
Czechia,world_cup,David Jurásek,"DF,MF",25-311,0.0,,,,,0,,0,0,,1,,,,,,,Matches,
Czechia,world_cup,Jan Kuchta,FW,29-157,0.0,,,,,0,,0,0,,1,,,,,,,Matches,
Czechia,world_cup,Hugo Sochůrek,MF,18-007,0.0,,,,,0,,0,0,,1,,,,,,,Matches,
Czechia,world_cup,Jindřich Staněk,GK,30-048,0.0,,,,,0,,0,0,,1,,,,,,,Matches,
Czechia,world_cup,Denis Višinský,"FW,MF",23-085,0.0,,,,,0,,0,0,,1,,,,,,,Matches,
Czechia,world_cup,David Zima,DF,25-218,0.0,,,,,0,,0,0,,1,,,,,,,Matches,
Czechia,world_cup,Squad Total,,28.2,1.0,90.0,90.0,100.0,1.0,11,82.0,7,4,22.0,11,0.0,1.0,2.0,-1.0,-1.0,,,
Czechia,world_cup,Opponent Total,,28.7,1.0,90.0,90.0,100.0,1.0,11,82.0,6,5,17.0,10,3.0,2.0,1.0,1.0,1.0,,,
Haiti,world_cup,Ricardo Adé,DF,36-024,1.0,90.0,90.0,100.0,1.0,1,90.0,1,0,,0,0.0,0.0,1.0,-1.0,-1.0,,Matches,
Haiti,world_cup,Carlens Arcus,DF,29-351,1.0,90.0,90.0,100.0,1.0,1,90.0,1,0,,0,0.0,0.0,1.0,-1.0,-1.0,,Matches,
Haiti,world_cup,Jean-Ricner Bellegarde,MF,27-352,1.0,90.0,90.0,100.0,1.0,1,90.0,1,0,,0,0.0,0.0,1.0,-1.0,-1.0,,Matches,
Haiti,world_cup,Hannes Delcroix,DF,27-106,1.0,90.0,90.0,100.0,1.0,1,90.0,1,0,,0,0.0,0.0,1.0,-1.0,-1.0,,Matches,
Haiti,world_cup,Martin Expérience,DF,27-097,1.0,90.0,90.0,100.0,1.0,1,90.0,1,0,,0,0.0,0.0,1.0,-1.0,-1.0,,Matches,
Haiti,world_cup,Danley Jean-Jacques,MF,26-025,1.0,90.0,90.0,100.0,1.0,1,90.0,1,0,,0,0.0,0.0,1.0,-1.0,-1.0,,Matches,
Haiti,world_cup,Frantzdy Pierrot,FW,31-077,1.0,90.0,90.0,100.0,1.0,1,90.0,1,0,,0,0.0,0.0,1.0,-1.0,-1.0,,Matches,
Haiti,world_cup,Johny Placide,GK,38-136,1.0,90.0,90.0,100.0,1.0,1,90.0,1,0,,0,0.0,0.0,1.0,-1.0,-1.0,,Matches,
Haiti,world_cup,Ruben Providence,MF,24-342,1.0,84.0,84.0,93.3,0.9,1,84.0,0,0,,0,0.0,0.0,1.0,-1.0,-1.07,-1.07,Matches,
Haiti,world_cup,Wilson Isidor,FW,25-291,1.0,75.0,75.0,83.3,0.8,1,75.0,0,0,,0,0.0,0.0,1.0,-1.0,-1.2,-1.2,Matches,
Haiti,world_cup,Louicius Deedson,MF,25-123,1.0,60.0,60.0,66.7,0.7,1,60.0,0,0,,0,0.0,0.0,1.0,-1.0,-1.5,-1.5,Matches,
Haiti,world_cup,Josué Casimir,"FW,MF",24-263,1.0,30.0,30.0,33.3,0.3,0,,0,1,30.0,0,0.0,0.0,0.0,0.0,0.0,1.5,Matches,
Haiti,world_cup,Lenny Joseph,"FW,MF",25-245,1.0,15.0,15.0,16.7,0.2,0,,0,1,15.0,0,0.0,0.0,0.0,0.0,0.0,1.2,Matches,
Haiti,world_cup,Yassin Fortuné,"FW,MF",27-135,1.0,6.0,6.0,6.7,0.1,0,,0,1,6.0,0,0.0,0.0,0.0,0.0,0.0,1.07,Matches,
Haiti,world_cup,Josué Duverger,GK,26-048,0.0,,,,,0,,0,0,,1,,,,,,,Matches,
Haiti,world_cup,Jean-Kevin Duverne,DF,28-337,0.0,,,,,0,,0,0,,1,,,,,,,Matches,
Haiti,world_cup,Derrick Etienne,"FW,MF",29-201,0.0,,,,,0,,0,0,,1,,,,,,,Matches,
Haiti,world_cup,Carl Fred Sainté,MF,23-309,0.0,,,,,0,,0,0,,1,,,,,,,Matches,
Haiti,world_cup,Duke Lacroix,"DF,FW",32-243,0.0,,,,,0,,0,0,,1,,,,,,,Matches,
Haiti,world_cup,Garven Metusala,DF,26-165,0.0,,,,,0,,0,0,,1,,,,,,,Matches,
Haiti,world_cup,Duckens Nazon,"FW,MF",32-068,0.0,,,,,0,,0,0,,1,,,,,,,Matches,
Haiti,world_cup,Wilguens Paugain,DF,24-294,0.0,,,,,0,,0,0,,1,,,,,,,Matches,
Haiti,world_cup,Alexandre Pierre,GK,25-109,0.0,,,,,0,,0,0,,1,,,,,,,Matches,
Haiti,world_cup,Woodensky Pierre,MF,21-166,0.0,,,,,0,,0,0,,1,,,,,,,Matches,
Haiti,world_cup,Dominique Simon,MF,25-320,0.0,,,,,0,,0,0,,1,,,,,,,Matches,
Haiti,world_cup,Keeto Thermoncy,DF,20-077,0.0,,,,,0,,0,0,,1,,,,,,,Matches,
Haiti,world_cup,Squad Total,,29.1,1.0,90.0,90.0,100.0,1.0,11,85.0,8,3,17.0,12,0.0,0.0,1.0,-1.0,-1.0,,,
Haiti,world_cup,Opponent Total,,29.4,1.0,90.0,90.0,100.0,1.0,11,85.0,6,5,13.0,10,3.0,1.0,0.0,1.0,1.0,,,
Korea Republic,world_cup,Lee Gi-hyuk,DF,25-342,1.0,90.0,90.0,100.0,1.0,1,90.0,1,0,,0,3.0,2.0,1.0,1.0,1.0,,Matches,
Korea Republic,world_cup,Lee Han-beom,DF,23-362,1.0,90.0,90.0,100.0,1.0,1,90.0,1,0,,0,3.0,2.0,1.0,1.0,1.0,,Matches,
Korea Republic,world_cup,Lee Kang-in,FW,25-115,1.0,90.0,90.0,100.0,1.0,1,90.0,1,0,,0,3.0,2.0,1.0,1.0,1.0,,Matches,
Korea Republic,world_cup,Kim Min-jae,DF,29-211,1.0,90.0,90.0,100.0,1.0,1,90.0,1,0,,0,3.0,2.0,1.0,1.0,1.0,,Matches,
Korea Republic,world_cup,Kim Seung-gyu,GK,35-257,1.0,90.0,90.0,100.0,1.0,1,90.0,1,0,,0,3.0,2.0,1.0,1.0,1.0,,Matches,
Korea Republic,world_cup,Seol Young-woo,MF,27-191,1.0,90.0,90.0,100.0,1.0,1,90.0,1,0,,0,3.0,2.0,1.0,1.0,1.0,,Matches,
Korea Republic,world_cup,Hwang In-beom,MF,29-267,1.0,83.0,83.0,92.2,0.9,1,83.0,0,0,,0,3.0,2.0,1.0,1.0,1.08,1.08,Matches,
Korea Republic,world_cup,Paik Seung-ho,MF,29-089,1.0,83.0,83.0,92.2,0.9,1,83.0,0,0,,0,3.0,2.0,1.0,1.0,1.08,1.08,Matches,
Korea Republic,world_cup,Son Heung-min,FW,33-341,1.0,68.0,68.0,75.6,0.8,1,68.0,0,0,,0,3.0,1.0,1.0,0.0,0.0,-4.09,Matches,
Korea Republic,world_cup,Lee Tae-seok,MF,23-321,1.0,68.0,68.0,75.6,0.8,1,68.0,0,0,,0,3.0,1.0,1.0,0.0,0.0,-4.09,Matches,
Korea Republic,world_cup,Lee Jae-sung,FW,33-308,1.0,61.0,61.0,67.8,0.7,1,61.0,0,0,,0,3.0,0.0,1.0,-1.0,-1.48,-7.68,Matches,
Korea Republic,world_cup,Hwang Hee-chan,"FW,MF",30-139,1.0,29.0,29.0,32.2,0.3,0,,0,1,29.0,0,3.0,2.0,0.0,2.0,6.21,7.68,Matches,
Korea Republic,world_cup,Oh Hyeon-gyu,FW,25-063,1.0,22.0,22.0,24.4,0.2,0,,0,1,22.0,0,3.0,1.0,0.0,1.0,4.09,4.09,Matches,
Korea Republic,world_cup,Eom Ji-sung,MF,24-036,1.0,22.0,22.0,24.4,0.2,0,,0,1,22.0,0,3.0,1.0,0.0,1.0,4.09,4.09,Matches,
Korea Republic,world_cup,Kim Jin-gyu,MF,29-110,1.0,7.0,7.0,7.8,0.1,0,,0,1,7.0,0,3.0,0.0,0.0,0.0,0.0,-1.08,Matches,
Korea Republic,world_cup,Park Jinseob,"DF,MF",30-234,1.0,7.0,7.0,7.8,0.1,0,,0,1,7.0,0,3.0,0.0,0.0,0.0,0.0,-1.08,Matches,
Korea Republic,world_cup,Song Bum-keun,GK,28-242,0.0,,,,,0,,0,0,,1,,,,,,,Matches,
Korea Republic,world_cup,Jens Castrop,MF,22-320,0.0,,,,,0,,0,0,,1,,,,,,,Matches,
Korea Republic,world_cup,Lee Dong-gyeong,"FW,MF",28-267,0.0,,,,,0,,0,0,,1,,,,,,,Matches,
Korea Republic,world_cup,Cho Gue-sung,FW,28-140,0.0,,,,,0,,0,0,,1,,,,,,,Matches,
Korea Republic,world_cup,Jo Hyeon-woo,GK,34-262,0.0,,,,,0,,0,0,,1,,,,,,,Matches,
Korea Republic,world_cup,Yang Hyun-jun,"FW,MF",24-020,0.0,,,,,0,,0,0,,1,,,,,,,Matches,
Korea Republic,world_cup,Bae Jun-ho,"FW,MF",22-297,0.0,,,,,0,,0,0,,1,,,,,,,Matches,
Korea Republic,world_cup,Kim Moon-hwan,"DF,MF",30-317,0.0,,,,,0,,0,0,,1,,,,,,,Matches,
Korea Republic,world_cup,Kim Tae-hyeon,DF,25-270,0.0,,,,,0,,0,0,,1,,,,,,,Matches,
Korea Republic,world_cup,Cho Wi-je,DF,24-293,0.0,,,,,0,,0,0,,1,,,,,,,Matches,
Korea Republic,world_cup,Squad Total,,28.7,1.0,90.0,90.0,100.0,1.0,11,82.0,6,5,17.0,10,3.0,2.0,1.0,1.0,1.0,,,
Korea Republic,world_cup,Opponent Total,,28.2,1.0,90.0,90.0,100.0,1.0,11,82.0,7,4,22.0,11,0.0,1.0,2.0,-1.0,-1.0,,,
Mexico,world_cup,Roberto Alvarado,MF,27-280,,90.0,90.0,100.0,1.0,1,90.0,1,0,,0,3.0,2.0,0.0,2.0,2.0,,Matches,1.0
Mexico,world_cup,Jesús Gallardo,DF,31-303,,90.0,90.0,100.0,1.0,1,90.0,1,0,,0,3.0,2.0,0.0,2.0,2.0,,Matches,1.0
Mexico,world_cup,Raúl Rangel,GK,26-109,,90.0,90.0,100.0,1.0,1,90.0,1,0,,0,3.0,2.0,0.0,2.0,2.0,,Matches,1.0
Mexico,world_cup,Israel Reyes,DF,26-022,,90.0,90.0,100.0,1.0,1,90.0,1,0,,0,3.0,2.0,0.0,2.0,2.0,,Matches,1.0
Mexico,world_cup,Johan Vásquez,DF,27-235,,90.0,90.0,100.0,1.0,1,90.0,1,0,,0,3.0,2.0,0.0,2.0,2.0,,Matches,1.0
Mexico,world_cup,César Montes,DF,29-110,,89.0,89.0,98.9,1.0,1,89.0,0,0,,0,3.0,2.0,0.0,2.0,2.02,2.02,Matches,1.0
Mexico,world_cup,Julián Quiñones,MF,29-082,,78.0,78.0,86.7,0.9,1,78.0,0,0,,0,3.0,2.0,0.0,2.0,2.31,2.31,Matches,1.0
Mexico,world_cup,Raúl Jiménez,FW,35-040,,75.0,75.0,83.3,0.8,1,75.0,0,0,,0,3.0,2.0,0.0,2.0,2.4,2.4,Matches,1.0
Mexico,world_cup,Erik Lira,MF,26-037,,75.0,75.0,83.3,0.8,1,75.0,0,0,,0,3.0,2.0,0.0,2.0,2.4,2.4,Matches,1.0
Mexico,world_cup,Álvaro Fidalgo,MF,29-066,,65.0,65.0,72.2,0.7,1,65.0,0,0,,0,3.0,1.0,0.0,1.0,1.38,-2.22,Matches,1.0
Mexico,world_cup,Brian Gutiérrez,MF,22-362,,65.0,65.0,72.2,0.7,1,65.0,0,0,,0,3.0,1.0,0.0,1.0,1.38,-2.22,Matches,1.0
Mexico,world_cup,Luis Chávez,MF,30-150,,25.0,25.0,27.8,0.3,0,,0,1,25.0,0,3.0,1.0,0.0,1.0,3.6,2.22,Matches,1.0
Mexico,world_cup,Gilberto Mora,MF,17-243,,25.0,25.0,27.8,0.3,0,,0,1,25.0,0,3.0,1.0,0.0,1.0,3.6,2.22,Matches,1.0
Mexico,world_cup,Edson Álvarez,"DF,MF",28-233,,15.0,15.0,16.7,0.2,0,,0,1,15.0,0,3.0,0.0,0.0,0.0,0.0,-2.4,Matches,1.0
Mexico,world_cup,Armando González,FW,23-055,,15.0,15.0,16.7,0.2,0,,0,1,15.0,0,3.0,0.0,0.0,0.0,0.0,-2.4,Matches,1.0
Mexico,world_cup,Alexis Vega,"FW,MF",28-201,,12.0,12.0,13.3,0.1,0,,0,1,12.0,0,3.0,0.0,0.0,0.0,0.0,-2.31,Matches,1.0
Mexico,world_cup,Carlos Acevedo,GK,30-056,,,,,,0,,0,0,,1,,,,,,,Matches,0.0
Mexico,world_cup,Mateo Chávez,DF,22-033,,,,,,0,,0,0,,1,,,,,,,Matches,0.0
Mexico,world_cup,Santiago Giménez,FW,25-057,,,,,,0,,0,0,,1,,,,,,,Matches,0.0
Mexico,world_cup,César Huerta,"FW,MF",25-193,,,,,,0,,0,0,,1,,,,,,,Matches,0.0
Mexico,world_cup,Guillermo Martínez Ayala,FW,31-091,,,,,,0,,0,0,,1,,,,,,,Matches,0.0
Mexico,world_cup,Guillermo Ochoa,GK,40-336,,,,,,0,,0,0,,1,,,,,,,Matches,0.0
Mexico,world_cup,Orbelín Pineda,"FW,MF",30-082,,,,,,0,,0,0,,1,,,,,,,Matches,0.0
Mexico,world_cup,Luis Romo,"DF,MF",31-009,,,,,,0,,0,0,,1,,,,,,,Matches,0.0
Mexico,world_cup,Jorge Sánchez,"DF,MF",28-186,,,,,,0,,0,0,,1,,,,,,,Matches,0.0
Mexico,world_cup,Obed Vargas,MF,20-313,,,,,,0,,0,0,,1,,,,,,,Matches,0.0
Mexico,world_cup,Squad Total,,28.1,,90.0,90.0,100.0,1.0,11,82.0,5,5,18.0,10,3.0,2.0,0.0,2.0,2.0,,,1.0
Mexico,world_cup,Opponent Total,,28.2,,90.0,90.0,100.0,1.0,11,82.0,6,4,22.0,11,0.0,0.0,2.0,-2.0,-2.0,,,1.0
Morocco,world_cup,Neil El Aynaoui,MF,24-347,1.0,90.0,90.0,100.0,1.0,1,90.0,1,0,,0,1.0,1.0,1.0,0.0,0.0,,Matches,
Morocco,world_cup,Ayyoub Bouaddi,MF,18-255,1.0,90.0,90.0,100.0,1.0,1,90.0,1,0,,0,1.0,1.0,1.0,0.0,0.0,,Matches,
Morocco,world_cup,Yassine Bounou,GK,35-070,1.0,90.0,90.0,100.0,1.0,1,90.0,1,0,,0,1.0,1.0,1.0,0.0,0.0,,Matches,
Morocco,world_cup,Issa Diop,DF,29-156,1.0,90.0,90.0,100.0,1.0,1,90.0,1,0,,0,1.0,1.0,1.0,0.0,0.0,,Matches,
Morocco,world_cup,Achraf Hakimi,DF,27-222,1.0,90.0,90.0,100.0,1.0,1,90.0,1,0,,0,1.0,1.0,1.0,0.0,0.0,,Matches,
Morocco,world_cup,Chadi Riad,DF,22-362,1.0,90.0,90.0,100.0,1.0,1,90.0,1,0,,0,1.0,1.0,1.0,0.0,0.0,,Matches,
Morocco,world_cup,Ismael Saibari,FW,25-137,1.0,88.0,88.0,97.8,1.0,1,88.0,0,0,,0,1.0,1.0,1.0,0.0,0.0,0.0,Matches,
Morocco,world_cup,Bilal El Khannouss,MF,22-035,1.0,79.0,79.0,87.8,0.9,1,79.0,0,0,,0,1.0,1.0,1.0,0.0,0.0,0.0,Matches,
Morocco,world_cup,Noussair Mazraoui,DF,28-212,1.0,79.0,79.0,87.8,0.9,1,79.0,0,0,,0,1.0,1.0,1.0,0.0,0.0,0.0,Matches,
Morocco,world_cup,Brahim Díaz,MF,26-315,1.0,64.0,64.0,71.1,0.7,1,64.0,0,0,,0,1.0,1.0,1.0,0.0,0.0,0.0,Matches,
Morocco,world_cup,Azzedine Ounahi,MF,26-056,1.0,64.0,64.0,71.1,0.7,1,64.0,0,0,,0,1.0,1.0,1.0,0.0,0.0,0.0,Matches,
Morocco,world_cup,Samir El Mourabet,MF,20-251,1.0,26.0,26.0,28.9,0.3,0,,0,1,26.0,0,1.0,0.0,0.0,0.0,0.0,0.0,Matches,
Morocco,world_cup,Chemsdine Talbi,MF,21-036,1.0,26.0,26.0,28.9,0.3,0,,0,1,26.0,0,1.0,0.0,0.0,0.0,0.0,0.0,Matches,
Morocco,world_cup,Ayoube Amaimouni,MF,21-196,1.0,11.0,11.0,12.2,0.1,0,,0,1,11.0,0,1.0,0.0,0.0,0.0,0.0,0.0,Matches,
Morocco,world_cup,Anass Salah-Eddine,DF,24-147,1.0,11.0,11.0,12.2,0.1,0,,0,1,11.0,0,1.0,0.0,0.0,0.0,0.0,0.0,Matches,
Morocco,world_cup,Soufiane Rahimi,FW,30-012,1.0,2.0,2.0,2.2,0.0,0,,0,1,2.0,0,1.0,0.0,0.0,0.0,0.0,0.0,Matches,
Morocco,world_cup,Sofyan Amrabat,"DF,MF",29-297,0.0,,,,,0,,0,0,,1,,,,,,,Matches,
Morocco,world_cup,Youssef Belammari,DF,27-267,0.0,,,,,0,,0,0,,1,,,,,,,Matches,
Morocco,world_cup,Redouane Halhal,DF,23-101,0.0,,,,,0,,0,0,,1,,,,,,,Matches,
Morocco,world_cup,Ayoub El Kaabi,"FW,MF",32-353,0.0,,,,,0,,0,0,,1,,,,,,,Matches,
Morocco,world_cup,Munir,GK,37-035,0.0,,,,,0,,0,0,,1,,,,,,,Matches,
Morocco,world_cup,Zakaria El Ouahdi,"DF,MF",24-165,0.0,,,,,0,,0,0,,1,,,,,,,Matches,
Morocco,world_cup,Ahmed Reda Tagnaouti,GK,30-070,0.0,,,,,0,,0,0,,1,,,,,,,Matches,
Morocco,world_cup,Marwane Saâdane,"DF,MF",34-148,0.0,,,,,0,,0,0,,1,,,,,,,Matches,
Morocco,world_cup,Amine Sbai,"FW,MF",25-221,0.0,,,,,0,,0,0,,1,,,,,,,Matches,
Morocco,world_cup,Gessime Yassine,MF,20-204,0.0,,,,,0,,0,0,,1,,,,,,,Matches,
Morocco,world_cup,Squad Total,,25.8,1.0,90.0,90.0,100.0,1.0,11,83.0,6,5,15.0,10,1.0,1.0,1.0,0.0,0.0,,,
Morocco,world_cup,Opponent Total,,29.8,1.0,90.0,90.0,100.0,1.0,11,83.0,6,5,32.0,9,1.0,1.0,1.0,0.0,0.0,,,
Paraguay,world_cup,Omar Alderete,DF,29-170,1.0,90.0,90.0,100.0,1.0,1,90.0,1,0,,0,0.0,1.0,4.0,-3.0,-3.0,,Matches,
Paraguay,world_cup,Júnior Alonso,DF,33-125,1.0,90.0,90.0,100.0,1.0,1,90.0,1,0,,0,0.0,1.0,4.0,-3.0,-3.0,,Matches,
Paraguay,world_cup,Andrés Cubas,MF,30-023,1.0,90.0,90.0,100.0,1.0,1,90.0,1,0,,0,0.0,1.0,4.0,-3.0,-3.0,,Matches,
Paraguay,world_cup,Julio Enciso,FW,22-142,1.0,90.0,90.0,100.0,1.0,1,90.0,1,0,,0,0.0,1.0,4.0,-3.0,-3.0,,Matches,
Paraguay,world_cup,Orlando Gill,GK,26-003,1.0,90.0,90.0,100.0,1.0,1,90.0,1,0,,0,0.0,1.0,4.0,-3.0,-3.0,,Matches,
Paraguay,world_cup,Gustavo Gómez,DF,33-039,1.0,90.0,90.0,100.0,1.0,1,90.0,1,0,,0,0.0,1.0,4.0,-3.0,-3.0,,Matches,
Paraguay,world_cup,Diego Gómez,MF,23-079,1.0,79.0,79.0,87.8,0.9,1,79.0,0,0,,0,0.0,1.0,3.0,-2.0,-2.28,5.9,Matches,
Paraguay,world_cup,Miguel Almirón,MF,32-124,1.0,78.0,78.0,86.7,0.9,1,78.0,0,0,,0,0.0,1.0,3.0,-2.0,-2.31,5.19,Matches,
Paraguay,world_cup,Juan Cáceres,DF,26-013,1.0,78.0,78.0,86.7,0.9,1,78.0,0,0,,0,0.0,1.0,3.0,-2.0,-2.31,5.19,Matches,
Paraguay,world_cup,Antonio Sanabria,FW,30-102,1.0,61.0,61.0,67.8,0.7,1,61.0,0,0,,0,0.0,0.0,3.0,-3.0,-4.43,-4.43,Matches,
Paraguay,world_cup,Damián Bobadilla,MF,24-338,1.0,45.0,45.0,50.0,0.5,1,45.0,0,0,,0,0.0,0.0,3.0,-3.0,-6.0,-6.0,Matches,
Paraguay,world_cup,Mauricio,MF,25-023,1.0,45.0,45.0,50.0,0.5,0,,0,1,45.0,0,0.0,1.0,1.0,0.0,0.0,6.0,Matches,
Paraguay,world_cup,Álex Arce,FW,30-363,1.0,29.0,29.0,32.2,0.3,0,,0,1,29.0,0,0.0,1.0,1.0,0.0,0.0,4.43,Matches,
Paraguay,world_cup,Ramón Sosa,"FW,MF",26-287,1.0,12.0,12.0,13.3,0.1,0,,0,1,12.0,0,0.0,0.0,1.0,-1.0,-7.5,-5.19,Matches,
Paraguay,world_cup,Gustavo Velásquez,DF,35-058,1.0,12.0,12.0,13.3,0.1,0,,0,1,12.0,0,0.0,0.0,1.0,-1.0,-7.5,-5.19,Matches,
Paraguay,world_cup,Kaku,MF,31-154,1.0,11.0,11.0,12.2,0.1,0,,0,1,11.0,0,0.0,0.0,1.0,-1.0,-8.18,-5.9,Matches,
Paraguay,world_cup,Gabriel Ávalos,FW,35-245,0.0,,,,,0,,0,0,,1,,,,,,,Matches,
Paraguay,world_cup,Fabián Balbuena,DF,34-295,0.0,,,,,0,,0,0,,1,,,,,,,Matches,
Paraguay,world_cup,Gustavo Caballero,"FW,MF",24-266,0.0,,,,,0,,0,0,,1,,,,,,,Matches,
Paraguay,world_cup,José Canale,DF,29-329,0.0,,,,,0,,0,0,,1,,,,,,,Matches,
Paraguay,world_cup,Gatito Fernández,GK,38-077,0.0,,,,,0,,0,0,,1,,,,,,,Matches,
Paraguay,world_cup,Matías Galarza,MF,24-123,0.0,,,,,0,,0,0,,1,,,,,,,Matches,
Paraguay,world_cup,Alexandro Maidana,DF,20-323,0.0,,,,,0,,0,0,,1,,,,,,,Matches,
Paraguay,world_cup,Braian Ojeda,MF,25-352,0.0,,,,,0,,0,0,,1,,,,,,,Matches,
Paraguay,world_cup,Gastón Olveira,GK,33-054,0.0,,,,,0,,0,0,,1,,,,,,,Matches,
Paraguay,world_cup,Isidro Pitta,FW,26-304,0.0,,,,,0,,0,0,,1,,,,,,,Matches,
Paraguay,world_cup,Squad Total,,28.4,1.0,90.0,90.0,100.0,1.0,11,80.0,6,5,22.0,10,0.0,1.0,4.0,-3.0,-3.0,,,
Paraguay,world_cup,Opponent Total,,27.2,1.0,90.0,90.0,100.0,1.0,11,80.0,7,4,23.0,11,3.0,4.0,1.0,3.0,3.0,,,
Qatar,world_cup,Mahmoud Abunada,GK,26-129,1.0,90.0,90.0,100.0,1.0,1,90.0,1,0,,0,1.0,1.0,1.0,0.0,0.0,,Matches,
Qatar,world_cup,Akram Afif,FW,29-208,1.0,90.0,90.0,100.0,1.0,1,90.0,1,0,,0,1.0,1.0,1.0,0.0,0.0,,Matches,
Qatar,world_cup,Homam Ahmed,DF,26-293,1.0,90.0,90.0,100.0,1.0,1,90.0,1,0,,0,1.0,1.0,1.0,0.0,0.0,,Matches,
Qatar,world_cup,Boualem Khoukhi,DF,35-340,1.0,90.0,90.0,100.0,1.0,1,90.0,1,0,,0,1.0,1.0,1.0,0.0,0.0,,Matches,
Qatar,world_cup,Issa Laye,MF,28-174,1.0,90.0,90.0,100.0,1.0,1,90.0,1,0,,0,1.0,1.0,1.0,0.0,0.0,,Matches,
Qatar,world_cup,Ró-Ró,DF,35-312,1.0,90.0,90.0,100.0,1.0,1,90.0,1,0,,0,1.0,1.0,1.0,0.0,0.0,,Matches,
Qatar,world_cup,Edmilson Junior,FW,31-299,1.0,87.0,87.0,96.7,1.0,1,87.0,0,0,,0,1.0,0.0,1.0,-1.0,-1.03,-31.03,Matches,
Qatar,world_cup,Assim Madibo,MF,29-235,1.0,78.0,78.0,86.7,0.9,1,78.0,0,0,,0,1.0,0.0,1.0,-1.0,-1.15,-8.65,Matches,
Qatar,world_cup,Yusuf Abdurisag,FW,26-312,1.0,59.0,59.0,65.6,0.7,1,59.0,0,0,,0,1.0,0.0,1.0,-1.0,-1.53,-4.43,Matches,
Qatar,world_cup,Jassem Gaber,MF,24-114,1.0,59.0,59.0,65.6,0.7,1,59.0,0,0,,0,1.0,0.0,1.0,-1.0,-1.53,-4.43,Matches,
Qatar,world_cup,Ayoub Al-Oui,DF,21-095,1.0,59.0,59.0,65.6,0.7,1,59.0,0,0,,0,1.0,0.0,1.0,-1.0,-1.53,-4.43,Matches,
Qatar,world_cup,Ahmed Alaaeldin,FW,33-134,1.0,31.0,31.0,34.4,0.3,0,,0,1,31.0,0,1.0,1.0,0.0,1.0,2.9,4.43,Matches,
Qatar,world_cup,Karim Boudiaf,"DF,MF",35-271,1.0,31.0,31.0,34.4,0.3,0,,0,1,31.0,0,1.0,1.0,0.0,1.0,2.9,4.43,Matches,
Qatar,world_cup,Ahmed Fathy,MF,33-140,1.0,31.0,31.0,34.4,0.3,0,,0,1,31.0,0,1.0,1.0,0.0,1.0,2.9,4.43,Matches,
Qatar,world_cup,Mohamed Manai,DF,23-232,1.0,12.0,12.0,13.3,0.1,0,,0,1,12.0,0,1.0,1.0,0.0,1.0,7.5,8.65,Matches,
Qatar,world_cup,Hassan Al-Haydos,"FW,MF",35-185,1.0,3.0,3.0,3.3,0.0,0,,0,1,3.0,0,1.0,1.0,0.0,1.0,30.0,31.03,Matches,
Qatar,world_cup,Almoez Ali,FW,29-299,0.0,,,,,0,,0,0,,1,,,,,,,Matches,
Qatar,world_cup,Meshaal Barsham,GK,28-120,0.0,,,,,0,,0,0,,1,,,,,,,Matches,
Qatar,world_cup,Sultan Al-Brake,DF,30-068,0.0,,,,,0,,0,0,,1,,,,,,,Matches,
Qatar,world_cup,Ahmed Al-Ganehi,FW,25-265,0.0,,,,,0,,0,0,,1,,,,,,,Matches,
Qatar,world_cup,Abdulaziz Hatem,MF,36-164,0.0,,,,,0,,0,0,,1,,,,,,,Matches,
Qatar,world_cup,Al-Hashmi Al-Hussain,MF,22-303,0.0,,,,,0,,0,0,,1,,,,,,,Matches,
Qatar,world_cup,Tahsin Jamshid,FW,19-363,0.0,,,,,0,,0,0,,1,,,,,,,Matches,
Qatar,world_cup,Lucas Mendes,DF,35-346,0.0,,,,,0,,0,0,,1,,,,,,,Matches,
Qatar,world_cup,Mohammed Muntari,FW,32-176,0.0,,,,,0,,0,0,,1,,,,,,,Matches,
Qatar,world_cup,Salah Zakaria,GK,27-051,0.0,,,,,0,,0,0,,1,,,,,,,Matches,
Qatar,world_cup,Squad Total,,29.7,1.0,90.0,90.0,100.0,1.0,11,80.0,6,5,22.0,10,1.0,1.0,1.0,0.0,0.0,,,
Qatar,world_cup,Opponent Total,,29.9,1.0,90.0,90.0,100.0,1.0,11,80.0,6,5,13.0,10,1.0,1.0,1.0,0.0,0.0,,,
Scotland,world_cup,Lewis Ferguson,MF,26-294,1.0,90.0,90.0,100.0,1.0,1,90.0,1,0,,0,3.0,1.0,0.0,1.0,1.0,,Matches,
Scotland,world_cup,Angus Gunn,GK,30-143,1.0,90.0,90.0,100.0,1.0,1,90.0,1,0,,0,3.0,1.0,0.0,1.0,1.0,,Matches,
Scotland,world_cup,Grant Hanley,DF,34-206,1.0,90.0,90.0,100.0,1.0,1,90.0,1,0,,0,3.0,1.0,0.0,1.0,1.0,,Matches,
Scotland,world_cup,Jack Hendry,DF,31-038,1.0,90.0,90.0,100.0,1.0,1,90.0,1,0,,0,3.0,1.0,0.0,1.0,1.0,,Matches,
Scotland,world_cup,Scott McTominay,MF,29-188,1.0,90.0,90.0,100.0,1.0,1,90.0,1,0,,0,3.0,1.0,0.0,1.0,1.0,,Matches,
Scotland,world_cup,Andy Robertson,DF,32-095,1.0,90.0,90.0,100.0,1.0,1,90.0,1,0,,0,3.0,1.0,0.0,1.0,1.0,,Matches,
Scotland,world_cup,John McGinn,MF,31-239,1.0,82.0,82.0,91.1,0.9,1,82.0,0,0,,0,3.0,1.0,0.0,1.0,1.1,1.1,Matches,
Scotland,world_cup,Lawrence Shankland,FW,30-308,1.0,82.0,82.0,91.1,0.9,1,82.0,0,0,,0,3.0,1.0,0.0,1.0,1.1,1.1,Matches,
Scotland,world_cup,Ché Adams,FW,29-336,1.0,74.0,74.0,82.2,0.8,1,74.0,0,0,,0,3.0,1.0,0.0,1.0,1.22,1.22,Matches,
Scotland,world_cup,Ben Gannon-Doak,MF,20-215,1.0,74.0,74.0,82.2,0.8,1,74.0,0,0,,0,3.0,1.0,0.0,1.0,1.22,1.22,Matches,
Scotland,world_cup,Aaron Hickey,DF,24-004,1.0,74.0,74.0,82.2,0.8,1,74.0,0,0,,0,3.0,1.0,0.0,1.0,1.22,1.22,Matches,
Scotland,world_cup,Ryan Christie,"FW,MF",31-112,1.0,16.0,16.0,17.8,0.2,0,,0,1,16.0,0,3.0,0.0,0.0,0.0,0.0,-1.22,Matches,
Scotland,world_cup,Lyndon Dykes,"FW,MF",30-250,1.0,16.0,16.0,17.8,0.2,0,,0,1,16.0,0,3.0,0.0,0.0,0.0,0.0,-1.22,Matches,
Scotland,world_cup,Nathan Patterson,DF,24-241,1.0,16.0,16.0,17.8,0.2,0,,0,1,16.0,0,3.0,0.0,0.0,0.0,0.0,-1.22,Matches,
Scotland,world_cup,Findlay Curtis,MF,19-256,1.0,8.0,8.0,8.9,0.1,0,,0,1,8.0,0,3.0,0.0,0.0,0.0,0.0,-1.1,Matches,
Scotland,world_cup,Kenny McLean,"DF,MF",34-157,1.0,8.0,8.0,8.9,0.1,0,,0,1,8.0,0,3.0,0.0,0.0,0.0,0.0,-1.1,Matches,
Scotland,world_cup,Tyler Fletcher,MF,19-087,0.0,,,,,0,,0,0,,1,,,,,,,Matches,
Scotland,world_cup,Craig Gordon,GK,43-165,0.0,,,,,0,,0,0,,1,,,,,,,Matches,
Scotland,world_cup,George Hirst,FW,27-119,0.0,,,,,0,,0,0,,1,,,,,,,Matches,
Scotland,world_cup,Dominic Hyam,DF,30-176,0.0,,,,,0,,0,0,,1,,,,,,,Matches,
Scotland,world_cup,Liam Kelly,GK,30-142,0.0,,,,,0,,0,0,,1,,,,,,,Matches,
Scotland,world_cup,Scott McKenna,DF,29-214,0.0,,,,,0,,0,0,,1,,,,,,,Matches,
Scotland,world_cup,Anthony Ralston,DF,27-210,0.0,,,,,0,,0,0,,1,,,,,,,Matches,
Scotland,world_cup,John Souttar,DF,29-262,0.0,,,,,0,,0,0,,1,,,,,,,Matches,
Scotland,world_cup,Ross Stewart,FW,29-338,0.0,,,,,0,,0,0,,1,,,,,,,Matches,
Scotland,world_cup,Kieran Tierney,"DF,MF",29-009,0.0,,,,,0,,0,0,,1,,,,,,,Matches,
Scotland,world_cup,Squad Total,,29.4,1.0,90.0,90.0,100.0,1.0,11,84.0,6,5,13.0,10,3.0,1.0,0.0,1.0,1.0,,,
Scotland,world_cup,Opponent Total,,29.1,1.0,90.0,90.0,100.0,1.0,11,84.0,8,3,17.0,12,0.0,0.0,1.0,-1.0,-1.0,,,
South Africa,world_cup,Mbekezeli Mbokazi,DF,20-268,1.0,90.0,90.0,100.0,1.0,1,90.0,1,0,,0,0.0,0.0,2.0,-2.0,-2.0,,Matches,
South Africa,world_cup,Teboho Mokoena,MF,29-141,1.0,90.0,90.0,100.0,1.0,1,90.0,1,0,,0,0.0,0.0,2.0,-2.0,-2.0,,Matches,
South Africa,world_cup,Khuliso Mudau,DF,31-049,1.0,90.0,90.0,100.0,1.0,1,90.0,1,0,,0,0.0,0.0,2.0,-2.0,-2.0,,Matches,
South Africa,world_cup,Ime Okon,DF,22-114,1.0,90.0,90.0,100.0,1.0,1,90.0,1,0,,0,0.0,0.0,2.0,-2.0,-2.0,,Matches,
South Africa,world_cup,Nkosinathi Sibisi,DF,30-265,1.0,90.0,90.0,100.0,1.0,1,90.0,1,0,,0,0.0,0.0,2.0,-2.0,-2.0,,Matches,
South Africa,world_cup,Ronwen Williams,GK,34-144,1.0,90.0,90.0,100.0,1.0,1,90.0,1,0,,0,0.0,0.0,2.0,-2.0,-2.0,,Matches,
South Africa,world_cup,Aubrey Modiba,DF,30-327,1.0,76.0,76.0,84.4,0.8,1,76.0,0,0,,0,0.0,0.0,2.0,-2.0,-2.37,-2.37,Matches,
South Africa,world_cup,Iqraam Rayners,FW,30-177,1.0,75.0,75.0,83.3,0.8,1,75.0,0,0,,0,0.0,0.0,2.0,-2.0,-2.4,-2.4,Matches,
South Africa,world_cup,Jayden Adams,MF,25-040,1.0,60.0,60.0,66.7,0.7,1,60.0,0,0,,0,0.0,0.0,1.0,-1.0,-1.5,1.5,Matches,
South Africa,world_cup,Lyle Foster,FW,25-284,1.0,55.0,55.0,61.1,0.6,1,55.0,0,0,,0,0.0,0.0,1.0,-1.0,-1.64,0.94,Matches,
South Africa,world_cup,Sphephelo Sithole,MF,27-103,1.0,49.0,49.0,54.4,0.5,1,49.0,0,0,,0,0.0,0.0,1.0,-1.0,-1.84,0.36,Matches,
South Africa,world_cup,Thalente Mbatha,MF,26-090,1.0,35.0,35.0,38.9,0.4,0,,0,1,35.0,0,0.0,0.0,1.0,-1.0,-2.57,-0.94,Matches,
South Africa,world_cup,Themba Zwane,"FW,MF",36-315,1.0,23.0,23.0,25.6,0.3,0,,0,1,23.0,0,0.0,0.0,1.0,-1.0,-3.91,-2.57,Matches,
South Africa,world_cup,Evidence Makgopa,FW,26-009,1.0,15.0,15.0,16.7,0.2,0,,0,1,15.0,0,0.0,0.0,0.0,0.0,0.0,2.4,Matches,
South Africa,world_cup,Oswin Appollis,MF,24-293,1.0,14.0,14.0,15.6,0.2,0,,0,1,14.0,0,0.0,0.0,0.0,0.0,0.0,2.37,Matches,
South Africa,world_cup,Sipho Chaine,GK,29-182,0.0,,,,,0,,0,0,,1,,,,,,,Matches,
South Africa,world_cup,Bradley Cross,DF,25-135,0.0,,,,,0,,0,0,,1,,,,,,,Matches,
South Africa,world_cup,Ricardo Goss,GK,32-073,0.0,,,,,0,,0,0,,1,,,,,,,Matches,
South Africa,world_cup,Samukele Kabini,DF,22-091,0.0,,,,,0,,0,0,,1,,,,,,,Matches,
South Africa,world_cup,Olwethu Makhanya,DF,22-045,0.0,,,,,0,,0,0,,1,,,,,,,Matches,
South Africa,world_cup,Thapelo Maseko,MF,22-215,0.0,,,,,0,,0,0,,1,,,,,,,Matches,
South Africa,world_cup,Thabang Matuludi,DF,27-151,0.0,,,,,0,,0,0,,1,,,,,,,Matches,
South Africa,world_cup,Relebohile Mofokeng,MF,21-234,0.0,,,,,0,,0,0,,1,,,,,,,Matches,
South Africa,world_cup,Tshepang Moremi,MF,25-255,0.0,,,,,0,,0,0,,1,,,,,,,Matches,
South Africa,world_cup,Khulumani Ndamane,DF,22-129,0.0,,,,,0,,0,0,,1,,,,,,,Matches,
South Africa,world_cup,Kamogelo Sebelebele,"DF,MF",23-328,0.0,,,,,0,,0,0,,1,,,,,,,Matches,
South Africa,world_cup,Squad Total,,28.2,1.0,90.0,90.0,100.0,1.0,11,78.0,6,4,22.0,11,0.0,0.0,2.0,-2.0,-2.0,,,
South Africa,world_cup,Opponent Total,,28.1,1.0,90.0,90.0,100.0,1.0,11,78.0,5,5,18.0,10,3.0,2.0,0.0,2.0,2.0,,,
Switzerland,world_cup,Manuel Akanji,DF,30-330,1.0,90.0,90.0,100.0,1.0,1,90.0,1,0,,0,1.0,1.0,1.0,0.0,0.0,,Matches,
Switzerland,world_cup,Nico Elvedi,DF,29-257,1.0,90.0,90.0,100.0,1.0,1,90.0,1,0,,0,1.0,1.0,1.0,0.0,0.0,,Matches,
Switzerland,world_cup,Breel Embolo,FW,29-120,1.0,90.0,90.0,100.0,1.0,1,90.0,1,0,,0,1.0,1.0,1.0,0.0,0.0,,Matches,
Switzerland,world_cup,Gregor Kobel,GK,28-190,1.0,90.0,90.0,100.0,1.0,1,90.0,1,0,,0,1.0,1.0,1.0,0.0,0.0,,Matches,
Switzerland,world_cup,Granit Xhaka,MF,33-260,1.0,90.0,90.0,100.0,1.0,1,90.0,1,0,,0,1.0,1.0,1.0,0.0,0.0,,Matches,
Switzerland,world_cup,Denis Zakaria,DF,29-206,1.0,90.0,90.0,100.0,1.0,1,90.0,1,0,,0,1.0,1.0,1.0,0.0,0.0,,Matches,
Switzerland,world_cup,Remo Freuler,MF,34-060,1.0,88.0,88.0,97.8,1.0,1,88.0,0,0,,0,1.0,1.0,0.0,1.0,1.02,46.02,Matches,
Switzerland,world_cup,Ricardo Rodríguez,DF,33-293,1.0,88.0,88.0,97.8,1.0,1,88.0,0,0,,0,1.0,1.0,0.0,1.0,1.02,46.02,Matches,
Switzerland,world_cup,Ruben Vargas,MF,27-313,1.0,78.0,78.0,86.7,0.9,1,78.0,0,0,,0,1.0,1.0,0.0,1.0,1.15,8.65,Matches,
Switzerland,world_cup,Michel Aebischer,MF,29-159,1.0,65.0,65.0,72.2,0.7,1,65.0,0,0,,0,1.0,1.0,0.0,1.0,1.38,4.98,Matches,
Switzerland,world_cup,Dan Ndoye,MF,25-232,1.0,65.0,65.0,72.2,0.7,1,65.0,0,0,,0,1.0,1.0,0.0,1.0,1.38,4.98,Matches,
Switzerland,world_cup,Johan Manzambi,MF,20-243,1.0,25.0,25.0,27.8,0.3,0,,0,1,25.0,0,1.0,0.0,1.0,-1.0,-3.6,-4.98,Matches,
Switzerland,world_cup,Fabian Rieder,"FW,MF",24-118,1.0,25.0,25.0,27.8,0.3,0,,0,1,25.0,0,1.0,0.0,1.0,-1.0,-3.6,-4.98,Matches,
Switzerland,world_cup,Zeki Amdouni,"FW,MF",25-192,1.0,12.0,12.0,13.3,0.1,0,,0,1,12.0,0,1.0,0.0,1.0,-1.0,-7.5,-8.65,Matches,
Switzerland,world_cup,Ardon Jashari,MF,23-319,1.0,2.0,2.0,2.2,0.0,0,,0,1,2.0,0,1.0,0.0,1.0,-1.0,-45.0,-46.02,Matches,
Switzerland,world_cup,Miro Muheim,"DF,MF",28-082,1.0,2.0,2.0,2.2,0.0,0,,0,1,2.0,0,1.0,0.0,1.0,-1.0,-45.0,-46.02,Matches,
Switzerland,world_cup,Aurèle Amenda,DF,22-318,0.0,,,,,0,,0,0,,1,,,,,,,Matches,
Switzerland,world_cup,Eray Cömert,DF,28-130,0.0,,,,,0,,0,0,,1,,,,,,,Matches,
Switzerland,world_cup,Christian Fassnacht,"FW,MF",32-215,0.0,,,,,0,,0,0,,1,,,,,,,Matches,
Switzerland,world_cup,Cedric Itten,"FW,MF",29-169,0.0,,,,,0,,0,0,,1,,,,,,,Matches,
Switzerland,world_cup,Luca Jaquez,DF,23-012,0.0,,,,,0,,0,0,,1,,,,,,,Matches,
Switzerland,world_cup,Marvin Keller,GK,23-346,0.0,,,,,0,,0,0,,1,,,,,,,Matches,
Switzerland,world_cup,Yvon Mvogo,GK,32-008,0.0,,,,,0,,0,0,,1,,,,,,,Matches,
Switzerland,world_cup,Noah Okafor,"FW,MF",26-021,0.0,,,,,0,,0,0,,1,,,,,,,Matches,
Switzerland,world_cup,Djibril Sow,MF,29-128,0.0,,,,,0,,0,0,,1,,,,,,,Matches,
Switzerland,world_cup,Silvan Widmer,"DF,MF",33-101,0.0,,,,,0,,0,0,,1,,,,,,,Matches,
Switzerland,world_cup,Squad Total,,29.9,1.0,90.0,90.0,100.0,1.0,11,84.0,6,5,13.0,10,1.0,1.0,1.0,0.0,0.0,,,
Switzerland,world_cup,Opponent Total,,29.7,1.0,90.0,90.0,100.0,1.0,11,84.0,6,5,22.0,10,1.0,1.0,1.0,0.0,0.0,,,
Türkiye,world_cup,Abdülkerim Bardakcı,DF,31-280,1.0,90.0,90.0,100.0,1.0,1,90.0,1,0,,0,0.0,0.0,2.0,-2.0,-2.0,,Matches,
Türkiye,world_cup,Uğurcan Çakır,GK,30-070,1.0,90.0,90.0,100.0,1.0,1,90.0,1,0,,0,0.0,0.0,2.0,-2.0,-2.0,,Matches,
Türkiye,world_cup,Hakan Çalhanoğlu,MF,32-126,1.0,90.0,90.0,100.0,1.0,1,90.0,1,0,,0,0.0,0.0,2.0,-2.0,-2.0,,Matches,
Türkiye,world_cup,Merih Demiral,DF,28-101,1.0,90.0,90.0,100.0,1.0,1,90.0,1,0,,0,0.0,0.0,2.0,-2.0,-2.0,,Matches,
Türkiye,world_cup,Arda Güler,MF,21-109,1.0,90.0,90.0,100.0,1.0,1,90.0,1,0,,0,0.0,0.0,2.0,-2.0,-2.0,,Matches,
Türkiye,world_cup,Ferdi Kadioglu,DF,26-250,1.0,90.0,90.0,100.0,1.0,1,90.0,1,0,,0,0.0,0.0,2.0,-2.0,-2.0,,Matches,
Türkiye,world_cup,Kerem Aktürkoğlu,FW,27-236,1.0,84.0,84.0,93.3,0.9,1,84.0,0,0,,0,0.0,0.0,2.0,-2.0,-2.14,-2.14,Matches,
Türkiye,world_cup,Zeki Çelik,DF,29-117,1.0,80.0,80.0,88.9,0.9,1,80.0,0,0,,0,0.0,0.0,2.0,-2.0,-2.25,-2.25,Matches,
Türkiye,world_cup,İsmail Yüksek,MF,27-139,1.0,80.0,80.0,88.9,0.9,1,80.0,0,0,,0,0.0,0.0,2.0,-2.0,-2.25,-2.25,Matches,
Türkiye,world_cup,Orkun Kökçü,MF,25-167,1.0,61.0,61.0,67.8,0.7,1,61.0,0,0,,0,0.0,0.0,1.0,-1.0,-1.48,1.63,Matches,
Türkiye,world_cup,Barış Alper Yılmaz,MF,26-022,1.0,45.0,45.0,50.0,0.5,1,45.0,0,0,,0,0.0,0.0,1.0,-1.0,-2.0,0.0,Matches,
Türkiye,world_cup,Kenan Yıldız,"FW,MF",21-041,1.0,45.0,45.0,50.0,0.5,0,,0,1,45.0,0,0.0,0.0,1.0,-1.0,-2.0,0.0,Matches,
Türkiye,world_cup,Yunus Akgün,MF,25-342,1.0,29.0,29.0,32.2,0.3,0,,0,1,29.0,0,0.0,0.0,1.0,-1.0,-3.1,-1.63,Matches,
Türkiye,world_cup,Mert Müldür,DF,27-072,1.0,10.0,10.0,11.1,0.1,0,,0,1,10.0,0,0.0,0.0,0.0,0.0,0.0,2.25,Matches,
Türkiye,world_cup,Salih Özcan,MF,28-154,1.0,10.0,10.0,11.1,0.1,0,,0,1,10.0,0,0.0,0.0,0.0,0.0,0.0,2.25,Matches,
Türkiye,world_cup,Deniz Gül,FW,21-347,1.0,6.0,6.0,6.7,0.1,0,,0,1,6.0,0,0.0,0.0,0.0,0.0,0.0,2.14,Matches,
Türkiye,world_cup,Samet Akaydın,DF,32-093,0.0,,,,,0,,0,0,,1,,,,,,,Matches,
Türkiye,world_cup,Oğuz Aydın,MF,25-230,0.0,,,,,0,,0,0,,1,,,,,,,Matches,
Türkiye,world_cup,Kaan Ayhan,"DF,MF",31-216,0.0,,,,,0,,0,0,,1,,,,,,,Matches,
Türkiye,world_cup,Altay Bayındır,GK,28-061,0.0,,,,,0,,0,0,,1,,,,,,,Matches,
Türkiye,world_cup,İrfan Can Kahveci,MF,30-334,0.0,,,,,0,,0,0,,1,,,,,,,Matches,
Türkiye,world_cup,Eren Elmalı,DF,25-342,0.0,,,,,0,,0,0,,1,,,,,,,Matches,
Türkiye,world_cup,Mert Günok,GK,37-105,0.0,,,,,0,,0,0,,1,,,,,,,Matches,
Türkiye,world_cup,Ozan Kabak,DF,26-081,0.0,,,,,0,,0,0,,1,,,,,,,Matches,
Türkiye,world_cup,Çağlar Söyüncü,DF,30-022,0.0,,,,,0,,0,0,,1,,,,,,,Matches,
Türkiye,world_cup,Can Uzun,MF,20-215,0.0,,,,,0,,0,0,,1,,,,,,,Matches,
Türkiye,world_cup,Squad Total,,27.6,1.0,90.0,90.0,100.0,1.0,11,81.0,6,5,20.0,10,0.0,0.0,2.0,-2.0,-2.0,,,
Türkiye,world_cup,Opponent Total,,25.1,1.0,90.0,90.0,100.0,1.0,11,81.0,6,5,16.0,10,3.0,2.0,0.0,2.0,2.0,,,
United States,world_cup,Tyler Adams,MF,27-120,,90.0,90.0,100.0,1.0,1,90.0,1,0,,0,3.0,4.0,1.0,3.0,3.0,,Matches,1.0
United States,world_cup,Alex Freeman,DF,21-309,,90.0,90.0,100.0,1.0,1,90.0,1,0,,0,3.0,4.0,1.0,3.0,3.0,,Matches,1.0
United States,world_cup,Matt Freese,GK,27-285,,90.0,90.0,100.0,1.0,1,90.0,1,0,,0,3.0,4.0,1.0,3.0,3.0,,Matches,1.0
United States,world_cup,Weston McKennie,MF,27-290,,90.0,90.0,100.0,1.0,1,90.0,1,0,,0,3.0,4.0,1.0,3.0,3.0,,Matches,1.0
United States,world_cup,Tim Ream,DF,38-252,,90.0,90.0,100.0,1.0,1,90.0,1,0,,0,3.0,4.0,1.0,3.0,3.0,,Matches,1.0
United States,world_cup,Chris Richards,DF,26-078,,90.0,90.0,100.0,1.0,1,90.0,1,0,,0,3.0,4.0,1.0,3.0,3.0,,Matches,1.0
United States,world_cup,Antonee Robinson,DF,28-310,,90.0,90.0,100.0,1.0,1,90.0,1,0,,0,3.0,4.0,1.0,3.0,3.0,,Matches,1.0
United States,world_cup,Malik Tillman,MF,24-017,,81.0,81.0,90.0,0.9,1,81.0,0,0,,0,3.0,3.0,1.0,2.0,2.22,-7.78,Matches,1.0
United States,world_cup,Folarin Balogun,FW,24-346,,71.0,71.0,78.9,0.8,1,71.0,0,0,,0,3.0,3.0,0.0,3.0,3.8,3.8,Matches,1.0
United States,world_cup,Sergiño Dest,MF,25-223,,71.0,71.0,78.9,0.8,1,71.0,0,0,,0,3.0,3.0,0.0,3.0,3.8,3.8,Matches,1.0
United States,world_cup,Christian Pulisic,MF,27-269,,45.0,45.0,50.0,0.5,1,45.0,0,0,,0,3.0,3.0,0.0,3.0,6.0,6.0,Matches,1.0
United States,world_cup,Sebastian Berhalter,MF,25-035,,45.0,45.0,50.0,0.5,0,,0,1,45.0,0,3.0,1.0,1.0,0.0,0.0,-6.0,Matches,1.0
United States,world_cup,Ricardo Pepi,FW,23-156,,19.0,19.0,21.1,0.2,0,,0,1,19.0,0,3.0,1.0,1.0,0.0,0.0,-3.8,Matches,1.0
United States,world_cup,Timothy Weah,"DF,FW",26-112,,19.0,19.0,21.1,0.2,0,,0,1,19.0,0,3.0,1.0,1.0,0.0,0.0,-3.8,Matches,1.0
United States,world_cup,Gio Reyna,MF,23-213,,9.0,9.0,10.0,0.1,0,,0,1,9.0,0,3.0,1.0,0.0,1.0,10.0,7.78,Matches,1.0
United States,world_cup,Brenden Aaronson,"FW,MF",25-235,,,,,,0,,0,0,,1,,,,,,,Matches,0.0
United States,world_cup,Max Arfsten,MF,25-056,,,,,,0,,0,0,,1,,,,,,,Matches,0.0
United States,world_cup,Chris Brady,GK,22-103,,,,,,0,,0,0,,1,,,,,,,Matches,0.0
United States,world_cup,Mark McKenzie,DF,27-109,,,,,,0,,0,0,,1,,,,,,,Matches,0.0
United States,world_cup,Miles Robinson,DF,29-092,,,,,,0,,0,0,,1,,,,,,,Matches,0.0
United States,world_cup,Cristian Roldan,MF,31-011,,,,,,0,,0,0,,1,,,,,,,Matches,0.0
United States,world_cup,Joe Scally,"DF,MF",23-165,,,,,,0,,0,0,,1,,,,,,,Matches,0.0
United States,world_cup,Auston Trusty,DF,27-306,,,,,,0,,0,0,,1,,,,,,,Matches,0.0
United States,world_cup,Matt Turner,GK,31-355,,,,,,0,,0,0,,1,,,,,,,Matches,0.0
United States,world_cup,Haji Wright,"FW,MF",28-079,,,,,,0,,0,0,,1,,,,,,,Matches,0.0
United States,world_cup,Alejandro Zendejas,"FW,MF",28-127,,,,,,0,,0,0,,1,,,,,,,Matches,0.0
United States,world_cup,Squad Total,,27.2,,90.0,90.0,100.0,1.0,11,82.0,7,4,23.0,11,3.0,4.0,1.0,3.0,3.0,,,1.0
United States,world_cup,Opponent Total,,28.4,,90.0,90.0,100.0,1.0,11,82.0,6,5,22.0,10,0.0,1.0,4.0,-3.0,-3.0,,,1.0
